id,spatial_data_yr,geography,L0_code,L0_name,L1_code,L1_name,L2_code,L2_name,cbr_t,cdr_f,cdr_m,cdr_t
3_10_203_0,2011,Rural,3,India,10,Bihar,203,Pashchim Champaran,29.3,8.9,8.6,8.700000000000001
3_10_203_0,2011,Total,3,India,10,Bihar,203,Pashchim Champaran,28.6,9.1,8.800000000000001,8.9
3_10_203_0,2011,Urban,3,India,10,Bihar,203,Pashchim Champaran,21.2,11.8,10.4,11.1
3_10_204_0,2011,Rural,3,India,10,Bihar,204,Purba Champaran,31,8.1,8.1,8.1
3_10_204_0,2011,Total,3,India,10,Bihar,204,Purba Champaran,30.4,8.200000000000001,8,8.1
3_10_204_0,2011,Urban,3,India,10,Bihar,204,Purba Champaran,24.6,9.1,6.800000000000001,7.9
3_10_205_0,2011,Rural,3,India,10,Bihar,205,Sheohar,31.1,7.800000000000001,7.5,7.600000000000001
3_10_205_0,2011,Total,3,India,10,Bihar,205,Sheohar,31.2,7.800000000000001,7.4,7.600000000000001
3_10_205_0,2011,Urban,3,India,10,Bihar,205,Sheohar,33.2,7.600000000000001,5.9,6.7
3_10_206_0,2011,Rural,3,India,10,Bihar,206,Sitamarhi,28.3,9.800000000000001,9.9,9.800000000000001
3_10_206_0,2011,Total,3,India,10,Bihar,206,Sitamarhi,28,9.4,9.700000000000001,9.600000000000001
3_10_206_0,2011,Urban,3,India,10,Bihar,206,Sitamarhi,24.4,5.7,7.600000000000001,6.7
3_10_207_0,2011,Rural,3,India,10,Bihar,207,Madhubani,24.7,7.600000000000001,7.2,7.4
3_10_207_0,2011,Total,3,India,10,Bihar,207,Madhubani,24.7,7.600000000000001,7.2,7.4
3_10_207_0,2011,Urban,3,India,10,Bihar,207,Madhubani,22.5,9.1,8.9,9
3_10_208_0,2011,Rural,3,India,10,Bihar,208,Supaul,28.7,6.600000000000001,6.7,6.7
3_10_208_0,2011,Total,3,India,10,Bihar,208,Supaul,28.5,6.4,6.600000000000001,6.5
3_10_208_0,2011,Urban,3,India,10,Bihar,208,Supaul,26.2,3.7,5.5,4.7
3_10_209_0,2011,Rural,3,India,10,Bihar,209,Araria,31.2,8.300000000000001,7.4,7.800000000000001
3_10_209_0,2011,Total,3,India,10,Bihar,209,Araria,30.9,8.200000000000001,7.4,7.800000000000001
3_10_209_0,2011,Urban,3,India,10,Bihar,209,Araria,27.4,6.9,7.4,7.2
3_10_210_0,2011,Rural,3,India,10,Bihar,210,Kishanganj,31.5,5.9,7.5,6.7
3_10_210_0,2011,Total,3,India,10,Bihar,210,Kishanganj,30.5,5.7,7.300000000000001,6.5
3_10_210_0,2011,Urban,3,India,10,Bihar,210,Kishanganj,23.8,3.8,6.100000000000001,4.9
3_10_211_0,2011,Rural,3,India,10,Bihar,211,Purnia,28.8,7.5,7.600000000000001,7.600000000000001
3_10_211_0,2011,Total,3,India,10,Bihar,211,Purnia,27.6,7.2,7.2,7.2
3_10_211_0,2011,Urban,3,India,10,Bihar,211,Purnia,21.7,5.600000000000001,5.5,5.5
3_10_212_0,2011,Rural,3,India,10,Bihar,212,Katihar,29.3,5.9,7.100000000000001,6.5
3_10_212_0,2011,Total,3,India,10,Bihar,212,Katihar,28.8,5.9,7.100000000000001,6.5
3_10_212_0,2011,Urban,3,India,10,Bihar,212,Katihar,21.7,6.600000000000001,7.2,6.9
3_10_213_0,2011,Rural,3,India,10,Bihar,213,Madhepura,30.5,7.5,7.300000000000001,7.4
3_10_213_0,2011,Total,3,India,10,Bihar,213,Madhepura,30.1,7.600000000000001,7.300000000000001,7.5
3_10_213_0,2011,Urban,3,India,10,Bihar,213,Madhepura,20.7,9.600000000000001,7.5,8.5
3_10_214_0,2011,Rural,3,India,10,Bihar,214,Saharsa,33.6,8.800000000000001,7.800000000000001,8.300000000000001
3_10_214_0,2011,Total,3,India,10,Bihar,214,Saharsa,32.1,8.300000000000001,7.4,7.800000000000001
3_10_214_0,2011,Urban,3,India,10,Bihar,214,Saharsa,23.3,5.7,4.800000000000001,5.2
3_10_215_0,2011,Rural,3,India,10,Bihar,215,Darbhanga,26.8,8.6,8.9,8.700000000000001
3_10_215_0,2011,Total,3,India,10,Bihar,215,Darbhanga,26.5,8.6,8.9,8.800000000000001
3_10_215_0,2011,Urban,3,India,10,Bihar,215,Darbhanga,21.4,8,9.800000000000001,9
3_10_216_0,2011,Rural,3,India,10,Bihar,216,Muzaffarpur,26.3,9.1,8.700000000000001,8.9
3_10_216_0,2011,Total,3,India,10,Bihar,216,Muzaffarpur,25.5,8.700000000000001,8.4,8.6
3_10_216_0,2011,Urban,3,India,10,Bihar,216,Muzaffarpur,17.4,5.100000000000001,5.600000000000001,5.4
3_10_217_0,2011,Rural,3,India,10,Bihar,217,Gopalganj,25.8,6.300000000000001,6.9,6.600000000000001
3_10_217_0,2011,Total,3,India,10,Bihar,217,Gopalganj,25.7,6.300000000000001,6.800000000000001,6.5
3_10_217_0,2011,Urban,3,India,10,Bihar,217,Gopalganj,24.7,6.2,4.600000000000001,5.4
3_10_218_0,2011,Rural,3,India,10,Bihar,218,Siwan,26.8,6.9,8.300000000000001,7.600000000000001
3_10_218_0,2011,Total,3,India,10,Bihar,218,Siwan,26.1,6.800000000000001,8.200000000000001,7.5
3_10_218_0,2011,Urban,3,India,10,Bihar,218,Siwan,21.4,5.600000000000001,7.800000000000001,6.800000000000001
3_10_219_0,2011,Rural,3,India,10,Bihar,219,Saran,24.5,6.800000000000001,8.9,7.9
3_10_219_0,2011,Total,3,India,10,Bihar,219,Saran,24.5,6.7,8.800000000000001,7.7
3_10_219_0,2011,Urban,3,India,10,Bihar,219,Saran,23.8,5.9,8,7
3_10_220_0,2011,Rural,3,India,10,Bihar,220,Vaishali,27.8,7.4,8.1,7.7
3_10_220_0,2011,Total,3,India,10,Bihar,220,Vaishali,27.3,7.2,8,7.600000000000001
3_10_220_0,2011,Urban,3,India,10,Bihar,220,Vaishali,18.6,,,
3_10_221_0,2011,Rural,3,India,10,Bihar,221,Samastipur,29.3,7.2,6.800000000000001,7
3_10_221_0,2011,Total,3,India,10,Bihar,221,Samastipur,28.7,7.100000000000001,6.7,6.9
3_10_221_0,2011,Urban,3,India,10,Bihar,221,Samastipur,18.6,5,4.800000000000001,4.9
3_10_222_0,2011,Rural,3,India,10,Bihar,222,Begusarai,27.1,6.100000000000001,7.100000000000001,6.600000000000001
3_10_222_0,2011,Total,3,India,10,Bihar,222,Begusarai,26.6,5.9,7.100000000000001,6.5
3_10_222_0,2011,Urban,3,India,10,Bihar,222,Begusarai,21.6,3.8,7.600000000000001,5.800000000000001
3_10_223_0,2011,Rural,3,India,10,Bihar,223,Khagaria,31.2,9.800000000000001,9.300000000000001,9.5
3_10_223_0,2011,Total,3,India,10,Bihar,223,Khagaria,30.7,9.700000000000001,9.1,9.4
3_10_223_0,2011,Urban,3,India,10,Bihar,223,Khagaria,23.3,7.9,6.2,7
3_10_224_0,2011,Rural,3,India,10,Bihar,224,Bhagalpur,26.9,5.300000000000001,5.7,5.5
3_10_224_0,2011,Total,3,India,10,Bihar,224,Bhagalpur,26.3,5.300000000000001,5.600000000000001,5.5
3_10_224_0,2011,Urban,3,India,10,Bihar,224,Bhagalpur,24.2,5.4,5.100000000000001,5.2
3_10_225_0,2011,Rural,3,India,10,Bihar,225,Banka,25.9,5.5,6.7,6.100000000000001
3_10_225_0,2011,Total,3,India,10,Bihar,225,Banka,25.8,5.5,6.7,6.100000000000001
3_10_225_0,2011,Urban,3,India,10,Bihar,225,Banka,23.9,5.2,6.7,6
3_10_226_0,2011,Rural,3,India,10,Bihar,226,Munger,26,6.600000000000001,6.7,6.7
3_10_226_0,2011,Total,3,India,10,Bihar,226,Munger,25,6.5,6.9,6.7
3_10_226_0,2011,Urban,3,India,10,Bihar,226,Munger,22.9,6.2,7.2,6.7
3_10_227_0,2011,Rural,3,India,10,Bihar,227,Lakhisarai,24.5,6.5,6.5,6.5
3_10_227_0,2011,Total,3,India,10,Bihar,227,Lakhisarai,24,6.4,6.600000000000001,6.5
3_10_227_0,2011,Urban,3,India,10,Bihar,227,Lakhisarai,20.5,6.300000000000001,7,6.600000000000001
3_10_228_0,2011,Rural,3,India,10,Bihar,228,Sheikhpura,30.1,7.5,9.1,8.300000000000001
3_10_228_0,2011,Total,3,India,10,Bihar,228,Sheikhpura,28.9,7.5,8.800000000000001,8.1
3_10_228_0,2011,Urban,3,India,10,Bihar,228,Sheikhpura,22.6,7.600000000000001,7.2,7.4
3_10_229_0,2011,Rural,3,India,10,Bihar,229,Nalanda,26.9,7.300000000000001,8.800000000000001,8.1
3_10_229_0,2011,Total,3,India,10,Bihar,229,Nalanda,26.3,7.2,8.9,8
3_10_229_0,2011,Urban,3,India,10,Bihar,229,Nalanda,23.1,6.5,9.300000000000001,7.9
3_10_230_0,2011,Rural,3,India,10,Bihar,230,Patna,25.8,6.300000000000001,6.9,6.600000000000001
3_10_230_0,2011,Total,3,India,10,Bihar,230,Patna,21.8,5.100000000000001,5.300000000000001,5.2
3_10_230_0,2011,Urban,3,India,10,Bihar,230,Patna,18,3.8,3.9,3.9
3_10_231_0,2011,Rural,3,India,10,Bihar,231,Bhojpur,25.2,5.7,6.300000000000001,6
3_10_231_0,2011,Total,3,India,10,Bihar,231,Bhojpur,24.6,5.4,6.2,5.800000000000001
3_10_231_0,2011,Urban,3,India,10,Bihar,231,Bhojpur,20.6,3.3,5.100000000000001,4.3
3_10_232_0,2011,Rural,3,India,10,Bihar,232,Buxar,25.3,6.5,7.5,7
3_10_232_0,2011,Total,3,India,10,Bihar,232,Buxar,25.1,6.300000000000001,7.2,6.800000000000001
3_10_232_0,2011,Urban,3,India,10,Bihar,232,Buxar,22.6,4.800000000000001,4.7,4.800000000000001
3_10_233_0,2011,Rural,3,India,10,Bihar,233,Kaimur (Bhabua),25.2,5.800000000000001,6.2,6
3_10_233_0,2011,Total,3,India,10,Bihar,233,Kaimur (Bhabua),25,5.800000000000001,6.2,6
3_10_233_0,2011,Urban,3,India,10,Bihar,233,Kaimur (Bhabua),19.4,4.5,6.300000000000001,5.5
3_10_234_0,2011,Rural,3,India,10,Bihar,234,Rohtas,26.4,6.4,7.7,7.100000000000001
3_10_234_0,2011,Total,3,India,10,Bihar,234,Rohtas,25.9,6.4,7.600000000000001,7
3_10_234_0,2011,Urban,3,India,10,Bihar,234,Rohtas,22.6,6.300000000000001,6.9,6.600000000000001
3_10_235_0,2011,Rural,3,India,10,Bihar,235,Aurangabad,25.9,6.100000000000001,6.7,6.4
3_10_235_0,2011,Total,3,India,10,Bihar,235,Aurangabad,25.6,6.100000000000001,6.600000000000001,6.4
3_10_235_0,2011,Urban,3,India,10,Bihar,235,Aurangabad,23.4,5.800000000000001,6.300000000000001,6
3_10_236_0,2011,Rural,3,India,10,Bihar,236,Gaya,26.1,7,8.4,7.7
3_10_236_0,2011,Total,3,India,10,Bihar,236,Gaya,24.9,6.800000000000001,8,7.4
3_10_236_0,2011,Urban,3,India,10,Bihar,236,Gaya,20.6,6.100000000000001,6.600000000000001,6.4
3_10_237_0,2011,Rural,3,India,10,Bihar,237,Nawada,25.4,5.4,6.600000000000001,6
3_10_237_0,2011,Total,3,India,10,Bihar,237,Nawada,25,5.4,6.5,5.9
3_10_237_0,2011,Urban,3,India,10,Bihar,237,Nawada,21.3,5.7,5.7,5.7
3_10_238_0,2011,Rural,3,India,10,Bihar,238,Jamui,26.7,6.4,7,6.7
3_10_238_0,2011,Total,3,India,10,Bihar,238,Jamui,26.4,6.4,6.9,6.7
3_10_238_0,2011,Urban,3,India,10,Bihar,238,Jamui,22.8,6.100000000000001,6.7,6.4
3_10_239_0,2011,Rural,3,India,10,Bihar,239,Jehanabad,25.1,6.2,6.300000000000001,6.2
3_10_239_0,2011,Total,3,India,10,Bihar,239,Jehanabad,24.9,6.2,6.2,6.2
3_10_239_0,2011,Urban,3,India,10,Bihar,239,Jehanabad,22.9,6.100000000000001,5.4,5.800000000000001
3_10_240_0,2011,Rural,3,India,10,Bihar,240,Arwal,25.1,6.2,6.300000000000001,6.2
3_10_240_0,2011,Total,3,India,10,Bihar,240,Arwal,24.9,6.2,6.2,6.2
3_10_240_0,2011,Urban,3,India,10,Bihar,240,Arwal,22.9,6.100000000000001,5.4,5.800000000000001
3_18_300_0,2011,Rural,3,India,18,Assam,300,Kokrajhar,23.9,7.600000000000001,7.9,7.7
3_18_300_0,2011,Total,3,India,18,Assam,300,Kokrajhar,23.1,7.4,7.9,7.7
3_18_300_0,2011,Urban,3,India,18,Assam,300,Kokrajhar,15.9,5.9,8,7
3_18_301_0,2011,Rural,3,India,18,Assam,301,Dhubri,22.9,6,8.700000000000001,7.4
3_18_301_0,2011,Total,3,India,18,Assam,301,Dhubri,22.1,5.800000000000001,8.300000000000001,7.100000000000001
3_18_301_0,2011,Urban,3,India,18,Assam,301,Dhubri,17.3,4.3,5.300000000000001,4.800000000000001
3_18_302_0,2011,Rural,3,India,18,Assam,302,Goalpara,22.9,5.4,8.300000000000001,6.9
3_18_302_0,2011,Total,3,India,18,Assam,302,Goalpara,22.5,5.4,8.300000000000001,6.9
3_18_302_0,2011,Urban,3,India,18,Assam,302,Goalpara,18.1,5.7,7.800000000000001,6.800000000000001
3_18_303_0,2011,Rural,3,India,18,Assam,303,Barpeta,21.5,5.5,7.9,6.7
3_18_303_0,2011,Total,3,India,18,Assam,303,Barpeta,20.8,5.300000000000001,8,6.7
3_18_303_0,2011,Urban,3,India,18,Assam,303,Barpeta,15.3,4.3,8.6,6.5
3_18_304_0,2011,Rural,3,India,18,Assam,304,Morigaon,23.9,7.7,9.1,8.4
3_18_304_0,2011,Total,3,India,18,Assam,304,Morigaon,23.5,7.7,9.1,8.5
3_18_304_0,2011,Urban,3,India,18,Assam,304,Morigaon,16.1,8,10,9
3_18_305_0,2011,Rural,3,India,18,Assam,305,Nagaon,26,7.7,9.300000000000001,8.5
3_18_305_0,2011,Total,3,India,18,Assam,305,Nagaon,24.6,7.2,9,8.1
3_18_305_0,2011,Urban,3,India,18,Assam,305,Nagaon,17.9,4.800000000000001,7.9,6.4
3_18_306_0,2011,Rural,3,India,18,Assam,306,Sonitpur,20.2,6.2,7.2,6.7
3_18_306_0,2011,Total,3,India,18,Assam,306,Sonitpur,19.8,5.9,7.2,6.5
3_18_306_0,2011,Urban,3,India,18,Assam,306,Sonitpur,17.4,3.7,7,5.4
3_18_307_0,2011,Rural,3,India,18,Assam,307,Lakhimpur,25,6,8.300000000000001,7.2
3_18_307_0,2011,Total,3,India,18,Assam,307,Lakhimpur,24.4,5.7,8,6.9
3_18_307_0,2011,Urban,3,India,18,Assam,307,Lakhimpur,20.2,3.6,5.7,4.7
3_18_308_0,2011,Rural,3,India,18,Assam,308,Dhemaji,23.1,3.9,5,4.5
3_18_308_0,2011,Total,3,India,18,Assam,308,Dhemaji,23,3.8,5.100000000000001,4.5
3_18_308_0,2011,Urban,3,India,18,Assam,308,Dhemaji,21.5,3.7,5.800000000000001,4.800000000000001
3_18_309_0,2011,Rural,3,India,18,Assam,309,Tinsukia,22.5,6.800000000000001,8.700000000000001,7.800000000000001
3_18_309_0,2011,Total,3,India,18,Assam,309,Tinsukia,21.1,6.5,8.4,7.5
3_18_309_0,2011,Urban,3,India,18,Assam,309,Tinsukia,15.7,5.2,7.300000000000001,6.300000000000001
3_18_310_0,2011,Rural,3,India,18,Assam,310,Dibrugarh,21.4,6.600000000000001,9.5,8.1
3_18_310_0,2011,Total,3,India,18,Assam,310,Dibrugarh,20.1,6.100000000000001,8.9,7.5
3_18_310_0,2011,Urban,3,India,18,Assam,310,Dibrugarh,16.2,4.5,7.300000000000001,6
3_18_311_0,2011,Rural,3,India,18,Assam,311,Sivasagar,19.9,6.9,9.700000000000001,8.300000000000001
3_18_311_0,2011,Total,3,India,18,Assam,311,Sivasagar,19.7,6.7,9.5,8.1
3_18_311_0,2011,Urban,3,India,18,Assam,311,Sivasagar,17.2,4.4,6.9,5.7
3_18_312_0,2011,Rural,3,India,18,Assam,312,Jorhat,20.8,7.100000000000001,9.600000000000001,8.4
3_18_312_0,2011,Total,3,India,18,Assam,312,Jorhat,20,6.9,9.5,8.200000000000001
3_18_312_0,2011,Urban,3,India,18,Assam,312,Jorhat,17.9,6.5,9,7.7
3_18_313_0,2011,Rural,3,India,18,Assam,313,Golaghat,21.9,7.100000000000001,9.4,8.300000000000001
3_18_313_0,2011,Total,3,India,18,Assam,313,Golaghat,21.9,6.9,9,8
3_18_313_0,2011,Urban,3,India,18,Assam,313,Golaghat,21.8,5.600000000000001,6.100000000000001,5.800000000000001
3_18_314_0,2011,Rural,3,India,18,Assam,314,Karbi Anglong,22.2,6.2,7.7,7
3_18_314_0,2011,Total,3,India,18,Assam,314,Karbi Anglong,21.2,6,7.7,6.9
3_18_314_0,2011,Urban,3,India,18,Assam,314,Karbi Anglong,18,5,7.7,6.4
3_18_315_0,2011,Rural,3,India,18,Assam,315,Dima Hasao,19.5,6.100000000000001,7.5,6.9
3_18_315_0,2011,Total,3,India,18,Assam,315,Dima Hasao,18.6,4.800000000000001,6.2,5.5
3_18_315_0,2011,Urban,3,India,18,Assam,315,Dima Hasao,17.9,3.6,5,4.3
3_18_316_0,2011,Rural,3,India,18,Assam,316,Cachar,27.4,6.7,8.9,7.800000000000001
3_18_316_0,2011,Total,3,India,18,Assam,316,Cachar,26.5,6.4,8.6,7.5
3_18_316_0,2011,Urban,3,India,18,Assam,316,Cachar,22.6,5.300000000000001,7.800000000000001,6.5
3_18_317_0,2011,Rural,3,India,18,Assam,317,Karimganj,26.4,6.5,7,6.7
3_18_317_0,2011,Total,3,India,18,Assam,317,Karimganj,25.8,6.300000000000001,6.800000000000001,6.600000000000001
3_18_317_0,2011,Urban,3,India,18,Assam,317,Karimganj,17.4,4.5,4.800000000000001,4.7
3_18_318_0,2011,Rural,3,India,18,Assam,318,Hailakandi,34.2,6,8.1,7.100000000000001
3_18_318_0,2011,Total,3,India,18,Assam,318,Hailakandi,32.1,5.9,8.200000000000001,7
3_18_318_0,2011,Urban,3,India,18,Assam,318,Hailakandi,19.9,5.300000000000001,8.6,7
3_18_319_0,2011,Rural,3,India,18,Assam,319,Bongaigaon,21,4.5,8.4,6.5
3_18_319_0,2011,Total,3,India,18,Assam,319,Bongaigaon,19.7,4.3,8.1,6.2
3_18_319_0,2011,Urban,3,India,18,Assam,319,Bongaigaon,12,3.3,6.100000000000001,4.7
3_18_320_0,2011,Rural,3,India,18,Assam,320,Chirang,22.1,5.9,8.1,7
3_18_320_0,2011,Total,3,India,18,Assam,320,Chirang,21.2,5.7,8,6.9
3_18_320_0,2011,Urban,3,India,18,Assam,320,Chirang,14.4,4.5,7.600000000000001,6.100000000000001
3_18_321_0,2011,Rural,3,India,18,Assam,321,Kamrup,21,6.5,9,7.800000000000001
3_18_321_0,2011,Total,3,India,18,Assam,321,Kamrup,18.7,4.800000000000001,6.9,5.9
3_18_321_0,2011,Urban,3,India,18,Assam,321,Kamrup,16.3,2.9,4.800000000000001,3.9
3_18_322_0,2011,Rural,3,India,18,Assam,322,Kamrup Metropolitan,21,6.5,9,7.800000000000001
3_18_322_0,2011,Total,3,India,18,Assam,322,Kamrup Metropolitan,18.7,4.800000000000001,6.9,5.9
3_18_322_0,2011,Urban,3,India,18,Assam,322,Kamrup Metropolitan,16.3,2.9,4.800000000000001,3.9
3_18_323_0,2011,Rural,3,India,18,Assam,323,Nalbari,18.9,6.800000000000001,8.200000000000001,7.5
3_18_323_0,2011,Total,3,India,18,Assam,323,Nalbari,18.8,6.7,8.200000000000001,7.4
3_18_323_0,2011,Urban,3,India,18,Assam,323,Nalbari,14.6,3.1,8.5,5.800000000000001
3_18_324_0,2011,Rural,3,India,18,Assam,324,Baksa,20.5,6.300000000000001,8.4,7.300000000000001
3_18_324_0,2011,Total,3,India,18,Assam,324,Baksa,19.4,5.600000000000001,7.7,6.7
3_18_324_0,2011,Urban,3,India,18,Assam,324,Baksa,15.4,3.4,7.300000000000001,5.4
3_18_325_0,2011,Rural,3,India,18,Assam,325,Darrang,21.2,7.300000000000001,9.700000000000001,8.5
3_18_325_0,2011,Total,3,India,18,Assam,325,Darrang,20.8,7.100000000000001,9.4,8.300000000000001
3_18_326_0,2011,Rural,3,India,18,Assam,326,Udalguri,20.7,6.800000000000001,8.4,7.600000000000001
3_18_326_0,2011,Total,3,India,18,Assam,326,Udalguri,20.3,6.5,8.300000000000001,7.4
3_18_326_0,2011,Urban,3,India,18,Assam,326,Udalguri,8.700000000000001,1.9,3.5,2.7
3_20_346_0,2011,Rural,3,India,20,Jharkhand,346,Garhwa,24,5.2,5.100000000000001,5.2
3_20_346_0,2011,Total,3,India,20,Jharkhand,346,Garhwa,23.8,5.2,5.100000000000001,5.100000000000001
3_20_346_0,2011,Urban,3,India,20,Jharkhand,346,Garhwa,20.3,4.7,4.7,4.7
3_20_347_0,2011,Rural,3,India,20,Jharkhand,347,Chatra,24.4,5.100000000000001,5.9,5.5
3_20_347_0,2011,Total,3,India,20,Jharkhand,347,Chatra,24.3,5.100000000000001,5.7,5.4
3_20_347_0,2011,Urban,3,India,20,Jharkhand,347,Chatra,23.7,5.5,4.2,4.800000000000001
3_20_348_0,2011,Rural,3,India,20,Jharkhand,348,Kodarma,23.6,4.5,5.5,5
3_20_348_0,2011,Total,3,India,20,Jharkhand,348,Kodarma,23.2,4.5,5.5,5
3_20_348_0,2011,Urban,3,India,20,Jharkhand,348,Kodarma,21.1,4.100000000000001,5.600000000000001,4.800000000000001
3_20_349_0,2011,Rural,3,India,20,Jharkhand,349,Giridih,22.7,4.100000000000001,5,4.600000000000001
3_20_349_0,2011,Total,3,India,20,Jharkhand,349,Giridih,22.5,4.100000000000001,5,4.600000000000001
3_20_349_0,2011,Urban,3,India,20,Jharkhand,349,Giridih,18.8,4.100000000000001,4.5,4.3
3_20_350_0,2011,Rural,3,India,20,Jharkhand,350,Deoghar,23.1,5,5.300000000000001,5.100000000000001
3_20_350_0,2011,Total,3,India,20,Jharkhand,350,Deoghar,22.5,4.9,5.100000000000001,5
3_20_350_0,2011,Urban,3,India,20,Jharkhand,350,Deoghar,19.2,4.3,4.4,4.4
3_20_351_0,2011,Rural,3,India,20,Jharkhand,351,Godda,23.8,7.300000000000001,7.300000000000001,7.300000000000001
3_20_351_0,2011,Total,3,India,20,Jharkhand,351,Godda,23.6,7.300000000000001,7.100000000000001,7.2
3_20_351_0,2011,Urban,3,India,20,Jharkhand,351,Godda,18.8,6.600000000000001,4,5.2
3_20_352_0,2011,Rural,3,India,20,Jharkhand,352,Sahibganj,25.2,7.300000000000001,7.7,7.5
3_20_352_0,2011,Total,3,India,20,Jharkhand,352,Sahibganj,24.4,7.100000000000001,7.5,7.300000000000001
3_20_352_0,2011,Urban,3,India,20,Jharkhand,352,Sahibganj,18.7,5.300000000000001,5.9,5.600000000000001
3_20_353_0,2011,Rural,3,India,20,Jharkhand,353,Pakur,30.3,7,7.9,7.4
3_20_353_0,2011,Total,3,India,20,Jharkhand,353,Pakur,29.7,6.9,7.7,7.300000000000001
3_20_353_0,2011,Urban,3,India,20,Jharkhand,353,Pakur,19.8,6.300000000000001,5.800000000000001,6
3_20_354_0,2011,Rural,3,India,20,Jharkhand,354,Dhanbad,28.8,6,6.5,6.300000000000001
3_20_354_0,2011,Total,3,India,20,Jharkhand,354,Dhanbad,24.3,4.9,5.5,5.2
3_20_354_0,2011,Urban,3,India,20,Jharkhand,354,Dhanbad,21.4,4.2,4.9,4.600000000000001
3_20_355_0,2011,Rural,3,India,20,Jharkhand,355,Bokaro,27.5,6.4,6.5,6.5
3_20_355_0,2011,Total,3,India,20,Jharkhand,355,Bokaro,23.6,5.300000000000001,5.800000000000001,5.600000000000001
3_20_355_0,2011,Urban,3,India,20,Jharkhand,355,Bokaro,20.1,4.2,5.2,4.800000000000001
3_20_356_0,2011,Rural,3,India,20,Jharkhand,356,Lohardaga,28.8,8.4,8.700000000000001,8.5
3_20_356_0,2011,Total,3,India,20,Jharkhand,356,Lohardaga,27.9,8.1,8.4,8.300000000000001
3_20_356_0,2011,Urban,3,India,20,Jharkhand,356,Lohardaga,20.8,6.300000000000001,6.800000000000001,6.5
3_20_357_0,2011,Rural,3,India,20,Jharkhand,357,Purbi Singhbhum,24.6,5.600000000000001,7.5,6.600000000000001
3_20_357_0,2011,Total,3,India,20,Jharkhand,357,Purbi Singhbhum,21,5,6.2,5.600000000000001
3_20_357_0,2011,Urban,3,India,20,Jharkhand,357,Purbi Singhbhum,18.4,4.5,5.2,4.9
3_20_358_0,2011,Rural,3,India,20,Jharkhand,358,Palamu,22.9,5.800000000000001,6,5.9
3_20_358_0,2011,Total,3,India,20,Jharkhand,358,Palamu,22.8,5.7,6,5.9
3_20_358_0,2011,Urban,3,India,20,Jharkhand,358,Palamu,20.7,5.300000000000001,6.2,5.7
3_20_359_0,2011,Rural,3,India,20,Jharkhand,359,Latehar,22.9,5.800000000000001,6,5.9
3_20_359_0,2011,Total,3,India,20,Jharkhand,359,Latehar,22.8,5.7,6,5.9
3_20_359_0,2011,Urban,3,India,20,Jharkhand,359,Latehar,20.7,5.300000000000001,6.2,5.7
3_20_360_0,2011,Rural,3,India,20,Jharkhand,360,Hazaribagh,21.4,4.7,5.4,5.100000000000001
3_20_360_0,2011,Total,3,India,20,Jharkhand,360,Hazaribagh,20.5,4.7,5.300000000000001,5
3_20_360_0,2011,Urban,3,India,20,Jharkhand,360,Hazaribagh,17.6,4.600000000000001,5,4.800000000000001
3_20_361_0,2011,Rural,3,India,20,Jharkhand,361,Ramgarh,21.4,4.7,5.4,5.100000000000001
3_20_361_0,2011,Total,3,India,20,Jharkhand,361,Ramgarh,20.5,4.7,5.300000000000001,5
3_20_361_0,2011,Urban,3,India,20,Jharkhand,361,Ramgarh,17.6,4.600000000000001,5,4.800000000000001
3_20_362_0,2011,Rural,3,India,20,Jharkhand,362,Dumka,26.3,6.4,7.4,6.9
3_20_362_0,2011,Total,3,India,20,Jharkhand,362,Dumka,25.7,6.4,7.300000000000001,6.9
3_20_362_0,2011,Urban,3,India,20,Jharkhand,362,Dumka,19.2,5.7,6.2,6
3_20_363_0,2011,Rural,3,India,20,Jharkhand,363,Jamtara,26.3,6.4,7.4,6.9
3_20_363_0,2011,Total,3,India,20,Jharkhand,363,Jamtara,25.7,6.4,7.300000000000001,6.9
3_20_363_0,2011,Urban,3,India,20,Jharkhand,363,Jamtara,19.2,5.7,6.2,6
3_20_364_0,2011,Rural,3,India,20,Jharkhand,364,Ranchi,25.8,6.100000000000001,7.100000000000001,6.600000000000001
3_20_364_0,2011,Total,3,India,20,Jharkhand,364,Ranchi,23.5,5.600000000000001,6.9,6.300000000000001
3_20_364_0,2011,Urban,3,India,20,Jharkhand,364,Ranchi,20.1,4.800000000000001,6.7,5.800000000000001
3_20_365_0,2011,Rural,3,India,20,Jharkhand,365,Khunti,25.8,6.100000000000001,7.100000000000001,6.600000000000001
3_20_365_0,2011,Total,3,India,20,Jharkhand,365,Khunti,23.5,5.600000000000001,6.9,6.300000000000001
3_20_365_0,2011,Urban,3,India,20,Jharkhand,365,Khunti,20.1,4.800000000000001,6.7,5.800000000000001
3_20_366_0,2011,Rural,3,India,20,Jharkhand,366,Gumla,26.5,8.1,10.4,9.300000000000001
3_20_366_0,2011,Total,3,India,20,Jharkhand,366,Gumla,26,7.9,10.3,9.1
3_20_366_0,2011,Urban,3,India,20,Jharkhand,366,Gumla,19.6,5.100000000000001,8.700000000000001,6.9
3_20_367_0,2011,Rural,3,India,20,Jharkhand,367,Simdega,26.5,8.1,10.4,9.300000000000001
3_20_367_0,2011,Total,3,India,20,Jharkhand,367,Simdega,26,7.9,10.3,9.1
3_20_367_0,2011,Urban,3,India,20,Jharkhand,367,Simdega,19.6,5.100000000000001,8.700000000000001,6.9
3_20_368_0,2011,Rural,3,India,20,Jharkhand,368,Pashchimi Singhbhum,26.9,7.7,9.200000000000001,8.4
3_20_368_0,2011,Total,3,India,20,Jharkhand,368,Pashchimi Singhbhum,25.8,7.100000000000001,8.5,7.800000000000001
3_20_368_0,2011,Urban,3,India,20,Jharkhand,368,Pashchimi Singhbhum,20.5,4.2,5.300000000000001,4.800000000000001
3_20_369_0,2011,Rural,3,India,20,Jharkhand,369,Saraikela-Kharsawan,26.9,7.7,9.200000000000001,8.4
3_20_369_0,2011,Total,3,India,20,Jharkhand,369,Saraikela-Kharsawan,25.8,7.100000000000001,8.5,7.800000000000001
3_20_369_0,2011,Urban,3,India,20,Jharkhand,369,Saraikela-Kharsawan,20.5,4.2,5.300000000000001,4.800000000000001
3_21_370_0,2011,Rural,3,India,21,Odisha,370,Bargarh,17.6,10.3,10.7,10.5
3_21_370_0,2011,Total,3,India,21,Odisha,370,Bargarh,17.7,9.800000000000001,10.4,10.1
3_21_370_0,2011,Urban,3,India,21,Odisha,370,Bargarh,18.3,5.2,7.600000000000001,6.4
3_21_371_0,2011,Rural,3,India,21,Odisha,371,Jharsuguda,17,8.800000000000001,10.2,9.5
3_21_371_0,2011,Total,3,India,21,Odisha,371,Jharsuguda,17.4,7.9,8.9,8.4
3_21_371_0,2011,Urban,3,India,21,Odisha,371,Jharsuguda,18.1,6.300000000000001,6.7,6.5
3_21_372_0,2011,Rural,3,India,21,Odisha,372,Sambalpur,18.8,10.2,11.3,10.8
3_21_372_0,2011,Total,3,India,21,Odisha,372,Sambalpur,18.9,8.800000000000001,10.3,9.600000000000001
3_21_372_0,2011,Urban,3,India,21,Odisha,372,Sambalpur,19.1,6.600000000000001,8.6,7.600000000000001
3_21_373_0,2011,Rural,3,India,21,Odisha,373,Debagarh,18.3,8.700000000000001,8.800000000000001,8.800000000000001
3_21_373_0,2011,Total,3,India,21,Odisha,373,Debagarh,18,8.4,8.800000000000001,8.6
3_21_373_0,2011,Urban,3,India,21,Odisha,373,Debagarh,15.7,5.5,8.200000000000001,6.800000000000001
3_21_374_0,2011,Rural,3,India,21,Odisha,374,Sundargarh,19.1,7.9,9.600000000000001,8.800000000000001
3_21_374_0,2011,Total,3,India,21,Odisha,374,Sundargarh,18.2,6.4,8,7.2
3_21_374_0,2011,Urban,3,India,21,Odisha,374,Sundargarh,16.3,3.2,4.800000000000001,4.100000000000001
3_21_375_0,2011,Rural,3,India,21,Odisha,375,Kendujhar,20.8,9.300000000000001,10.1,9.700000000000001
3_21_375_0,2011,Total,3,India,21,Odisha,375,Kendujhar,20.5,9,9.800000000000001,9.4
3_21_375_0,2011,Urban,3,India,21,Odisha,375,Kendujhar,19,7.300000000000001,8.4,7.800000000000001
3_21_376_0,2011,Rural,3,India,21,Odisha,376,Mayurbhanj,20.6,8.200000000000001,9.800000000000001,9
3_21_376_0,2011,Total,3,India,21,Odisha,376,Mayurbhanj,20.2,8.1,10,9
3_21_376_0,2011,Urban,3,India,21,Odisha,376,Mayurbhanj,15.7,6.4,12.2,9.4
3_21_377_0,2011,Rural,3,India,21,Odisha,377,Baleshwar,19.6,6.5,7.7,7.100000000000001
3_21_377_0,2011,Total,3,India,21,Odisha,377,Baleshwar,19.2,6.4,7.800000000000001,7.100000000000001
3_21_377_0,2011,Urban,3,India,21,Odisha,377,Baleshwar,16,6.100000000000001,8.5,7.300000000000001
3_21_378_0,2011,Rural,3,India,21,Odisha,378,Bhadrak,21,8.1,9.200000000000001,8.6
3_21_378_0,2011,Total,3,India,21,Odisha,378,Bhadrak,20.9,7.9,8.800000000000001,8.300000000000001
3_21_378_0,2011,Urban,3,India,21,Odisha,378,Bhadrak,19.9,5.9,6.2,6.100000000000001
3_21_379_0,2011,Rural,3,India,21,Odisha,379,Kendrapara,19,8.800000000000001,9.700000000000001,9.300000000000001
3_21_379_0,2011,Total,3,India,21,Odisha,379,Kendrapara,18.7,8.800000000000001,9.700000000000001,9.200000000000001
3_21_379_0,2011,Urban,3,India,21,Odisha,379,Kendrapara,14.6,8.5,9.4,8.9
3_21_380_0,2011,Rural,3,India,21,Odisha,380,Jagatsinghapur,17.8,7,8.4,7.7
3_21_380_0,2011,Total,3,India,21,Odisha,380,Jagatsinghapur,17.6,6.600000000000001,7.7,7.2
3_21_380_0,2011,Urban,3,India,21,Odisha,380,Jagatsinghapur,16.5,3.8,3.1,3.4
3_21_381_0,2011,Rural,3,India,21,Odisha,381,Cuttack,19.5,7.4,7.600000000000001,7.5
3_21_381_0,2011,Total,3,India,21,Odisha,381,Cuttack,19.6,6.600000000000001,7.2,6.9
3_21_381_0,2011,Urban,3,India,21,Odisha,381,Cuttack,20,4.5,6.4,5.4
3_21_382_0,2011,Rural,3,India,21,Odisha,382,Jajapur,18.5,7.5,8.200000000000001,7.9
3_21_382_0,2011,Total,3,India,21,Odisha,382,Jajapur,18.3,7.5,8.200000000000001,7.800000000000001
3_21_382_0,2011,Urban,3,India,21,Odisha,382,Jajapur,15.3,6.5,7.100000000000001,6.800000000000001
3_21_383_0,2011,Rural,3,India,21,Odisha,383,Dhenkanal,21.1,10.5,12.2,11.3
3_21_383_0,2011,Total,3,India,21,Odisha,383,Dhenkanal,20.6,10.1,11.6,10.9
3_21_383_0,2011,Urban,3,India,21,Odisha,383,Dhenkanal,16.2,6.4,6.4,6.4
3_21_384_0,2011,Rural,3,India,21,Odisha,384,Anugul,18.4,7.2,8.4,7.800000000000001
3_21_384_0,2011,Total,3,India,21,Odisha,384,Anugul,18.1,6.800000000000001,7.800000000000001,7.300000000000001
3_21_384_0,2011,Urban,3,India,21,Odisha,384,Anugul,16.5,4.7,5.2,4.9
3_21_385_0,2011,Rural,3,India,21,Odisha,385,Nayagarh,21.5,6.7,8.1,7.4
3_21_385_0,2011,Total,3,India,21,Odisha,385,Nayagarh,21.2,6.7,7.9,7.300000000000001
3_21_385_0,2011,Urban,3,India,21,Odisha,385,Nayagarh,13.2,6.2,3.5,4.800000000000001
3_21_386_0,2011,Rural,3,India,21,Odisha,386,Khordha,19.4,8.9,9.700000000000001,9.300000000000001
3_21_386_0,2011,Total,3,India,21,Odisha,386,Khordha,18.9,8.200000000000001,8.6,8.4
3_21_386_0,2011,Urban,3,India,21,Odisha,386,Khordha,18.3,7.300000000000001,7.300000000000001,7.300000000000001
3_21_387_0,2011,Rural,3,India,21,Odisha,387,Puri,17.3,8.700000000000001,9.4,9
3_21_387_0,2011,Total,3,India,21,Odisha,387,Puri,17.5,8.4,9.200000000000001,8.800000000000001
3_21_387_0,2011,Urban,3,India,21,Odisha,387,Puri,18.6,6.9,8.200000000000001,7.600000000000001
3_21_388_0,2011,Rural,3,India,21,Odisha,388,Ganjam,19.3,7.800000000000001,9.5,8.6
3_21_388_0,2011,Total,3,India,21,Odisha,388,Ganjam,18.9,7.5,9.300000000000001,8.4
3_21_388_0,2011,Urban,3,India,21,Odisha,388,Ganjam,17.1,6,8.300000000000001,7.2
3_21_389_0,2011,Rural,3,India,21,Odisha,389,Gajapati,21.1,7.600000000000001,8.1,7.800000000000001
3_21_389_0,2011,Total,3,India,21,Odisha,389,Gajapati,20.4,7.5,8.1,7.800000000000001
3_21_389_0,2011,Urban,3,India,21,Odisha,389,Gajapati,15.5,6.800000000000001,7.9,7.300000000000001
3_21_390_0,2011,Rural,3,India,21,Odisha,390,Kandhamal,22,8.9,9.600000000000001,9.300000000000001
3_21_390_0,2011,Total,3,India,21,Odisha,390,Kandhamal,21.4,8.5,9.300000000000001,8.9
3_21_390_0,2011,Urban,3,India,21,Odisha,390,Kandhamal,15.8,4.9,6.7,5.800000000000001
3_21_391_0,2011,Rural,3,India,21,Odisha,391,Baudh,30.1,10.5,11.1,10.8
3_21_391_0,2011,Total,3,India,21,Odisha,391,Baudh,29.5,10.2,10.9,10.6
3_21_391_0,2011,Urban,3,India,21,Odisha,391,Baudh,18.2,6.2,6.300000000000001,6.2
3_21_392_0,2011,Rural,3,India,21,Odisha,392,Subarnapur,21.2,7.800000000000001,7.7,7.800000000000001
3_21_392_0,2011,Total,3,India,21,Odisha,392,Subarnapur,21.1,7.7,7.600000000000001,7.7
3_21_392_0,2011,Urban,3,India,21,Odisha,392,Subarnapur,19.8,6.600000000000001,6,6.300000000000001
3_21_393_0,2011,Rural,3,India,21,Odisha,393,Balangir,21.6,10.2,11.6,10.9
3_21_393_0,2011,Total,3,India,21,Odisha,393,Balangir,21.1,9.800000000000001,11.3,10.5
3_21_393_0,2011,Urban,3,India,21,Odisha,393,Balangir,16.2,5.2,8,6.600000000000001
3_21_394_0,2011,Rural,3,India,21,Odisha,394,Nuapada,23.1,9,9.600000000000001,9.300000000000001
3_21_394_0,2011,Total,3,India,21,Odisha,394,Nuapada,22.8,8.9,9.600000000000001,9.300000000000001
3_21_394_0,2011,Urban,3,India,21,Odisha,394,Nuapada,14.4,7,8.200000000000001,7.600000000000001
3_21_395_0,2011,Rural,3,India,21,Odisha,395,Kalahandi,20.8,6.5,7.5,7
3_21_395_0,2011,Total,3,India,21,Odisha,395,Kalahandi,20.1,6.2,7.100000000000001,6.7
3_21_395_0,2011,Urban,3,India,21,Odisha,395,Kalahandi,14.9,4,3.7,3.9
3_21_396_0,2011,Rural,3,India,21,Odisha,396,Rayagada,23.9,7.5,9.800000000000001,8.6
3_21_396_0,2011,Total,3,India,21,Odisha,396,Rayagada,22.8,7.4,9.600000000000001,8.5
3_21_396_0,2011,Urban,3,India,21,Odisha,396,Rayagada,17.4,6.800000000000001,9,7.9
3_21_397_0,2011,Rural,3,India,21,Odisha,397,Nabarangapur,24.6,6.300000000000001,9.300000000000001,7.9
3_21_397_0,2011,Total,3,India,21,Odisha,397,Nabarangapur,24.1,6.2,9.200000000000001,7.7
3_21_397_0,2011,Urban,3,India,21,Odisha,397,Nabarangapur,14.7,3.9,5.800000000000001,4.9
3_21_398_0,2011,Rural,3,India,21,Odisha,398,Koraput,26,7.4,9.5,8.5
3_21_398_0,2011,Total,3,India,21,Odisha,398,Koraput,25.8,7.100000000000001,9,8
3_21_398_0,2011,Urban,3,India,21,Odisha,398,Koraput,24.9,5.600000000000001,6.2,5.9
3_21_399_0,2011,Rural,3,India,21,Odisha,399,Malkangiri,25,6.300000000000001,8.300000000000001,7.300000000000001
3_21_399_0,2011,Total,3,India,21,Odisha,399,Malkangiri,24.5,6.100000000000001,8,7
3_21_399_0,2011,Urban,3,India,21,Odisha,399,Malkangiri,18.6,3.5,4,3.7
3_22_400_0,2011,Rural,3,India,22,Chhattisgarh,400,Koriya,23.3,7.100000000000001,7.300000000000001,7.2
3_22_400_0,2011,Total,3,India,22,Chhattisgarh,400,Koriya,21.2,6.600000000000001,7.2,6.9
3_22_400_0,2011,Urban,3,India,22,Chhattisgarh,400,Koriya,15.8,5.4,7,6.2
3_22_401_0,2011,Rural,3,India,22,Chhattisgarh,401,Surguja,28.2,9.1,9.700000000000001,9.4
3_22_401_0,2011,Total,3,India,22,Chhattisgarh,401,Surguja,27.3,8.700000000000001,9.300000000000001,9
3_22_401_0,2011,Urban,3,India,22,Chhattisgarh,401,Surguja,16.1,4.100000000000001,5.2,4.7
3_22_402_0,2011,Rural,3,India,22,Chhattisgarh,402,Jashpur,23.6,9.800000000000001,9.4,9.600000000000001
3_22_402_0,2011,Total,3,India,22,Chhattisgarh,402,Jashpur,23.3,9.600000000000001,9.200000000000001,9.4
3_22_402_0,2011,Urban,3,India,22,Chhattisgarh,402,Jashpur,16.9,4.4,4.600000000000001,4.5
3_22_403_0,2011,Rural,3,India,22,Chhattisgarh,403,Raigarh,21.9,8.1,8.4,8.200000000000001
3_22_403_0,2011,Total,3,India,22,Chhattisgarh,403,Raigarh,21.7,7.7,8.300000000000001,8
3_22_403_0,2011,Urban,3,India,22,Chhattisgarh,403,Raigarh,20.7,5.100000000000001,7.600000000000001,6.300000000000001
3_22_404_0,2011,Rural,3,India,22,Chhattisgarh,404,Korba,25.5,6.9,8.300000000000001,7.600000000000001
3_22_404_0,2011,Total,3,India,22,Chhattisgarh,404,Korba,23,5.9,7.100000000000001,6.5
3_22_404_0,2011,Urban,3,India,22,Chhattisgarh,404,Korba,19.3,4.3,5.5,4.9
3_22_405_0,2011,Rural,3,India,22,Chhattisgarh,405,Janjgir - Champa,22.2,7.4,8.5,8
3_22_405_0,2011,Total,3,India,22,Chhattisgarh,405,Janjgir - Champa,21.9,7.100000000000001,8.300000000000001,7.7
3_22_405_0,2011,Urban,3,India,22,Chhattisgarh,405,Janjgir - Champa,19.3,5.2,6.300000000000001,5.800000000000001
3_22_406_0,2011,Rural,3,India,22,Chhattisgarh,406,Bilaspur,27.7,7.5,8.4,7.9
3_22_406_0,2011,Total,3,India,22,Chhattisgarh,406,Bilaspur,26.2,6.800000000000001,8.200000000000001,7.5
3_22_406_0,2011,Urban,3,India,22,Chhattisgarh,406,Bilaspur,23.3,5.5,7.800000000000001,6.600000000000001
3_22_407_0,2011,Rural,3,India,22,Chhattisgarh,407,Kabeerdham,31.3,7.9,9.9,8.9
3_22_407_0,2011,Total,3,India,22,Chhattisgarh,407,Kabeerdham,30,7.9,9.5,8.700000000000001
3_22_407_0,2011,Urban,3,India,22,Chhattisgarh,407,Kabeerdham,21.8,7.600000000000001,7,7.300000000000001
3_22_408_0,2011,Rural,3,India,22,Chhattisgarh,408,Rajnandgaon,25.9,7.5,8.1,7.800000000000001
3_22_408_0,2011,Total,3,India,22,Chhattisgarh,408,Rajnandgaon,24.6,7.2,8.200000000000001,7.7
3_22_408_0,2011,Urban,3,India,22,Chhattisgarh,408,Rajnandgaon,18.3,5.9,8.700000000000001,7.300000000000001
3_22_409_0,2011,Rural,3,India,22,Chhattisgarh,409,Durg,22,7.2,7.600000000000001,7.4
3_22_409_0,2011,Total,3,India,22,Chhattisgarh,409,Durg,21,6.100000000000001,7.2,6.7
3_22_409_0,2011,Urban,3,India,22,Chhattisgarh,409,Durg,19.2,4.2,6.600000000000001,5.4
3_22_410_0,2011,Rural,3,India,22,Chhattisgarh,410,Raipur,27.5,7,8.1,7.5
3_22_410_0,2011,Total,3,India,22,Chhattisgarh,410,Raipur,26.1,6.4,8,7.2
3_22_410_0,2011,Urban,3,India,22,Chhattisgarh,410,Raipur,22.8,5,7.7,6.4
3_22_411_0,2011,Rural,3,India,22,Chhattisgarh,411,Mahasamund,23.6,8.300000000000001,9.4,8.800000000000001
3_22_411_0,2011,Total,3,India,22,Chhattisgarh,411,Mahasamund,23.4,8.1,9.4,8.800000000000001
3_22_411_0,2011,Urban,3,India,22,Chhattisgarh,411,Mahasamund,21.3,6.300000000000001,9.700000000000001,8.1
3_22_412_0,2011,Rural,3,India,22,Chhattisgarh,412,Dhamtari,22.2,7.300000000000001,8.4,7.9
3_22_412_0,2011,Total,3,India,22,Chhattisgarh,412,Dhamtari,21.9,7.2,8.5,7.9
3_22_412_0,2011,Urban,3,India,22,Chhattisgarh,412,Dhamtari,19.3,7.2,9.1,8.200000000000001
3_22_413_0,2011,Rural,3,India,22,Chhattisgarh,413,Uttar Bastar Kanker,21.7,5.100000000000001,6.5,5.800000000000001
3_22_413_0,2011,Total,3,India,22,Chhattisgarh,413,Uttar Bastar Kanker,21.6,5,6.4,5.7
3_22_413_0,2011,Urban,3,India,22,Chhattisgarh,413,Uttar Bastar Kanker,18.3,4.3,5.100000000000001,4.7
3_22_414_0,2011,Rural,3,India,22,Chhattisgarh,414,Bastar,21.6,6.300000000000001,8.700000000000001,7.5
3_22_414_0,2011,Total,3,India,22,Chhattisgarh,414,Bastar,21.5,6.300000000000001,8.800000000000001,7.600000000000001
3_22_414_0,2011,Urban,3,India,22,Chhattisgarh,414,Bastar,20.6,6.4,9,7.7
3_22_415_0,2011,Rural,3,India,22,Chhattisgarh,415,Narayanpur,21.6,6.300000000000001,8.700000000000001,7.5
3_22_415_0,2011,Total,3,India,22,Chhattisgarh,415,Narayanpur,21.5,6.300000000000001,8.800000000000001,7.600000000000001
3_22_415_0,2011,Urban,3,India,22,Chhattisgarh,415,Narayanpur,20.6,6.4,9,7.7
3_22_416_0,2011,Rural,3,India,22,Chhattisgarh,416,Dakshin Bastar Dantewada,25,7.300000000000001,10.6,9
3_22_416_0,2011,Total,3,India,22,Chhattisgarh,416,Dakshin Bastar Dantewada,24.9,7.2,10.9,9
3_22_416_0,2011,Urban,3,India,22,Chhattisgarh,416,Dakshin Bastar Dantewada,24,6.5,12.7,9.600000000000001
3_22_417_0,2011,Rural,3,India,22,Chhattisgarh,417,Bijapur,25,7.300000000000001,10.6,9
3_22_417_0,2011,Total,3,India,22,Chhattisgarh,417,Bijapur,24.9,7.2,10.9,9
3_22_417_0,2011,Urban,3,India,22,Chhattisgarh,417,Bijapur,24,6.5,12.7,9.600000000000001
3_23_418_0,2011,Rural,3,India,23,Madhya Pradesh,418,Sheopur,23.9,8,8.1,8
3_23_418_0,2011,Total,3,India,23,Madhya Pradesh,418,Sheopur,22.7,7.300000000000001,7.5,7.4
3_23_418_0,2011,Urban,3,India,23,Madhya Pradesh,418,Sheopur,17.5,4.3,4.600000000000001,4.5
3_23_419_0,2011,Rural,3,India,23,Madhya Pradesh,419,Morena,26.3,7.9,8,8
3_23_419_0,2011,Total,3,India,23,Madhya Pradesh,419,Morena,23.6,7.800000000000001,7.9,7.9
3_23_419_0,2011,Urban,3,India,23,Madhya Pradesh,419,Morena,18.4,7.7,7.800000000000001,7.7
3_23_420_0,2011,Rural,3,India,23,Madhya Pradesh,420,Bhind,24.9,7.2,7.7,7.5
3_23_420_0,2011,Total,3,India,23,Madhya Pradesh,420,Bhind,23.7,6.2,7,6.600000000000001
3_23_420_0,2011,Urban,3,India,23,Madhya Pradesh,420,Bhind,21.8,4.600000000000001,5.7,5.2
3_23_421_0,2011,Rural,3,India,23,Madhya Pradesh,421,Gwalior,21.5,7.100000000000001,6.4,6.7
3_23_421_0,2011,Total,3,India,23,Madhya Pradesh,421,Gwalior,18.5,5.4,6.800000000000001,6.2
3_23_421_0,2011,Urban,3,India,23,Madhya Pradesh,421,Gwalior,17.3,4.7,7,5.9
3_23_422_0,2011,Rural,3,India,23,Madhya Pradesh,422,Datia,21.3,6.800000000000001,6.2,6.5
3_23_422_0,2011,Total,3,India,23,Madhya Pradesh,422,Datia,19.8,6.9,6.4,6.600000000000001
3_23_422_0,2011,Urban,3,India,23,Madhya Pradesh,422,Datia,17,7,6.800000000000001,6.9
3_23_423_0,2011,Rural,3,India,23,Madhya Pradesh,423,Shivpuri,32,9,9.600000000000001,9.300000000000001
3_23_423_0,2011,Total,3,India,23,Madhya Pradesh,423,Shivpuri,31.3,9.300000000000001,9.5,9.4
3_23_423_0,2011,Urban,3,India,23,Madhya Pradesh,423,Shivpuri,27.7,11,8.9,9.9
3_23_424_0,2011,Rural,3,India,23,Madhya Pradesh,424,Tikamgarh,27.6,7.300000000000001,7.800000000000001,7.5
3_23_424_0,2011,Total,3,India,23,Madhya Pradesh,424,Tikamgarh,26.3,7.100000000000001,7.600000000000001,7.4
3_23_424_0,2011,Urban,3,India,23,Madhya Pradesh,424,Tikamgarh,21.4,6.2,7,6.600000000000001
3_23_425_0,2011,Rural,3,India,23,Madhya Pradesh,425,Chhatarpur,32.6,8.200000000000001,8.800000000000001,8.5
3_23_425_0,2011,Total,3,India,23,Madhya Pradesh,425,Chhatarpur,29.8,7.5,8.5,8
3_23_425_0,2011,Urban,3,India,23,Madhya Pradesh,425,Chhatarpur,21.1,5.300000000000001,7.5,6.5
3_23_426_0,2011,Rural,3,India,23,Madhya Pradesh,426,Panna,33.2,12.3,11.2,11.7
3_23_426_0,2011,Total,3,India,23,Madhya Pradesh,426,Panna,31.7,11.8,11.1,11.5
3_23_426_0,2011,Urban,3,India,23,Madhya Pradesh,426,Panna,24,9.300000000000001,10.8,10.1
3_23_427_0,2011,Rural,3,India,23,Madhya Pradesh,427,Sagar,31.1,9.800000000000001,9.700000000000001,9.700000000000001
3_23_427_0,2011,Total,3,India,23,Madhya Pradesh,427,Sagar,28.3,8.800000000000001,9.4,9.1
3_23_427_0,2011,Urban,3,India,23,Madhya Pradesh,427,Sagar,22.8,7,8.700000000000001,7.9
3_23_428_0,2011,Rural,3,India,23,Madhya Pradesh,428,Damoh,30.3,11.3,11.5,11.4
3_23_428_0,2011,Total,3,India,23,Madhya Pradesh,428,Damoh,29.2,10.7,10.8,10.7
3_23_428_0,2011,Urban,3,India,23,Madhya Pradesh,428,Damoh,25.4,8.300000000000001,8.5,8.4
3_23_429_0,2011,Rural,3,India,23,Madhya Pradesh,429,Satna,30.7,11.8,11.9,11.9
3_23_429_0,2011,Total,3,India,23,Madhya Pradesh,429,Satna,28.8,10.5,10.4,10.5
3_23_429_0,2011,Urban,3,India,23,Madhya Pradesh,429,Satna,23.7,7.100000000000001,6.5,6.800000000000001
3_23_430_0,2011,Rural,3,India,23,Madhya Pradesh,430,Rewa,27.1,8,9,8.5
3_23_430_0,2011,Total,3,India,23,Madhya Pradesh,430,Rewa,26,7.7,8.6,8.200000000000001
3_23_430_0,2011,Urban,3,India,23,Madhya Pradesh,430,Rewa,21.3,6.5,7,6.7
3_23_431_0,2011,Rural,3,India,23,Madhya Pradesh,431,Umaria,31.4,10.1,11.6,10.9
3_23_431_0,2011,Total,3,India,23,Madhya Pradesh,431,Umaria,29.9,9.800000000000001,11.6,10.7
3_23_431_0,2011,Urban,3,India,23,Madhya Pradesh,431,Umaria,23.2,8.200000000000001,11.5,9.9
3_23_432_0,2011,Rural,3,India,23,Madhya Pradesh,432,Neemuch,22.1,5.7,6.600000000000001,6.2
3_23_432_0,2011,Total,3,India,23,Madhya Pradesh,432,Neemuch,22.4,5.600000000000001,6.600000000000001,6.100000000000001
3_23_432_0,2011,Urban,3,India,23,Madhya Pradesh,432,Neemuch,22.9,5.4,6.600000000000001,6
3_23_433_0,2011,Rural,3,India,23,Madhya Pradesh,433,Mandsaur,19.3,6.100000000000001,8.4,7.300000000000001
3_23_433_0,2011,Total,3,India,23,Madhya Pradesh,433,Mandsaur,19,6,8.1,7.100000000000001
3_23_433_0,2011,Urban,3,India,23,Madhya Pradesh,433,Mandsaur,18,5.800000000000001,7.100000000000001,6.5
3_23_434_0,2011,Rural,3,India,23,Madhya Pradesh,434,Ratlam,32.6,9.1,10.2,9.600000000000001
3_23_434_0,2011,Total,3,India,23,Madhya Pradesh,434,Ratlam,27.3,7.300000000000001,8.4,7.800000000000001
3_23_434_0,2011,Urban,3,India,23,Madhya Pradesh,434,Ratlam,21.4,5.300000000000001,6.4,5.9
3_23_435_0,2011,Rural,3,India,23,Madhya Pradesh,435,Ujjain,27.8,6.7,7.7,7.2
3_23_435_0,2011,Total,3,India,23,Madhya Pradesh,435,Ujjain,24.4,5.800000000000001,6.9,6.4
3_23_435_0,2011,Urban,3,India,23,Madhya Pradesh,435,Ujjain,19.9,4.5,6,5.300000000000001
3_23_436_0,2011,Rural,3,India,23,Madhya Pradesh,436,Shajapur,24.8,8.200000000000001,8.5,8.4
3_23_436_0,2011,Total,3,India,23,Madhya Pradesh,436,Shajapur,24.9,7.9,8.700000000000001,8.300000000000001
3_23_436_0,2011,Urban,3,India,23,Madhya Pradesh,436,Shajapur,25,6.800000000000001,9.200000000000001,8.1
3_23_437_0,2011,Rural,3,India,23,Madhya Pradesh,437,Dewas,23.1,5.300000000000001,6.5,5.9
3_23_437_0,2011,Total,3,India,23,Madhya Pradesh,437,Dewas,21.8,5.100000000000001,6,5.600000000000001
3_23_437_0,2011,Urban,3,India,23,Madhya Pradesh,437,Dewas,19.2,4.800000000000001,5.100000000000001,5
3_23_438_0,2011,Rural,3,India,23,Madhya Pradesh,438,Dhar,24.8,5.300000000000001,6.800000000000001,6.100000000000001
3_23_438_0,2011,Total,3,India,23,Madhya Pradesh,438,Dhar,25,5.600000000000001,6.7,6.2
3_23_438_0,2011,Urban,3,India,23,Madhya Pradesh,438,Dhar,25.4,6.800000000000001,6.300000000000001,6.5
3_23_439_0,2011,Rural,3,India,23,Madhya Pradesh,439,Indore,24.4,6.9,8.9,7.9
3_23_439_0,2011,Total,3,India,23,Madhya Pradesh,439,Indore,19.6,4.800000000000001,6.2,5.5
3_23_439_0,2011,Urban,3,India,23,Madhya Pradesh,439,Indore,18.3,4.2,5.5,4.9
3_23_440_0,2011,Rural,3,India,23,Madhya Pradesh,440,Khargone (West Nimar),27,10.6,13.4,12
3_23_440_0,2011,Total,3,India,23,Madhya Pradesh,440,Khargone (West Nimar),26.2,9.9,13.1,11.6
3_23_440_0,2011,Urban,3,India,23,Madhya Pradesh,440,Khargone (West Nimar),22.4,6.7,12,9.4
3_23_441_0,2011,Rural,3,India,23,Madhya Pradesh,441,Barwani,32.3,10,11.9,11
3_23_441_0,2011,Total,3,India,23,Madhya Pradesh,441,Barwani,32.2,10.5,12.6,11.6
3_23_441_0,2011,Urban,3,India,23,Madhya Pradesh,441,Barwani,32.1,12.4,15.5,14
3_23_442_0,2011,Rural,3,India,23,Madhya Pradesh,442,Rajgarh,27.2,8.300000000000001,8.1,8.200000000000001
3_23_442_0,2011,Total,3,India,23,Madhya Pradesh,442,Rajgarh,26.3,7.800000000000001,7.800000000000001,7.800000000000001
3_23_442_0,2011,Urban,3,India,23,Madhya Pradesh,442,Rajgarh,21.5,5.2,6.2,5.7
3_23_443_0,2011,Rural,3,India,23,Madhya Pradesh,443,Vidisha,32.9,10,10.5,10.3
3_23_443_0,2011,Total,3,India,23,Madhya Pradesh,443,Vidisha,29.9,9.200000000000001,9.9,9.600000000000001
3_23_443_0,2011,Urban,3,India,23,Madhya Pradesh,443,Vidisha,23.2,7.4,8.4,7.9
3_23_444_0,2011,Rural,3,India,23,Madhya Pradesh,444,Bhopal,24.9,6.300000000000001,8.800000000000001,7.600000000000001
3_23_444_0,2011,Total,3,India,23,Madhya Pradesh,444,Bhopal,19.2,4.7,6.7,5.800000000000001
3_23_444_0,2011,Urban,3,India,23,Madhya Pradesh,444,Bhopal,18.3,4.4,6.300000000000001,5.4
3_23_445_0,2011,Rural,3,India,23,Madhya Pradesh,445,Sehore,27.9,7.600000000000001,8.9,8.300000000000001
3_23_445_0,2011,Total,3,India,23,Madhya Pradesh,445,Sehore,27.8,7.4,8.4,7.9
3_23_445_0,2011,Urban,3,India,23,Madhya Pradesh,445,Sehore,27.6,6.300000000000001,6.600000000000001,6.5
3_23_446_0,2011,Rural,3,India,23,Madhya Pradesh,446,Raisen,30.4,8.4,8.5,8.5
3_23_446_0,2011,Total,3,India,23,Madhya Pradesh,446,Raisen,28.2,7.7,8.200000000000001,7.9
3_23_446_0,2011,Urban,3,India,23,Madhya Pradesh,446,Raisen,21.2,5.4,7.100000000000001,6.300000000000001
3_23_447_0,2011,Rural,3,India,23,Madhya Pradesh,447,Betul,25.4,9,9.800000000000001,9.4
3_23_447_0,2011,Total,3,India,23,Madhya Pradesh,447,Betul,24.3,8.4,9.5,9
3_23_447_0,2011,Urban,3,India,23,Madhya Pradesh,447,Betul,19.1,6.100000000000001,8.200000000000001,7.2
3_23_448_0,2011,Rural,3,India,23,Madhya Pradesh,448,Harda,25.7,6.7,8,7.4
3_23_448_0,2011,Total,3,India,23,Madhya Pradesh,448,Harda,25,6.800000000000001,7.600000000000001,7.2
3_23_448_0,2011,Urban,3,India,23,Madhya Pradesh,448,Harda,22.6,6.9,6.5,6.7
3_23_449_0,2011,Rural,3,India,23,Madhya Pradesh,449,Hoshangabad,24.8,8.200000000000001,8.700000000000001,8.5
3_23_449_0,2011,Total,3,India,23,Madhya Pradesh,449,Hoshangabad,22.2,7.300000000000001,8,7.7
3_23_449_0,2011,Urban,3,India,23,Madhya Pradesh,449,Hoshangabad,17.8,5.9,7,6.5
3_23_450_0,2011,Rural,3,India,23,Madhya Pradesh,450,Katni,29.7,10.7,11.5,11.1
3_23_450_0,2011,Total,3,India,23,Madhya Pradesh,450,Katni,27.6,9.800000000000001,10.8,10.3
3_23_450_0,2011,Urban,3,India,23,Madhya Pradesh,450,Katni,21.9,7.5,8.800000000000001,8.200000000000001
3_23_451_0,2011,Rural,3,India,23,Madhya Pradesh,451,Jabalpur,27,5.800000000000001,6.600000000000001,6.2
3_23_451_0,2011,Total,3,India,23,Madhya Pradesh,451,Jabalpur,21.9,5.5,6.7,6.100000000000001
3_23_451_0,2011,Urban,3,India,23,Madhya Pradesh,451,Jabalpur,18.9,5.300000000000001,6.800000000000001,6.100000000000001
3_23_452_0,2011,Rural,3,India,23,Madhya Pradesh,452,Narsimhapur,28.2,8,8,8
3_23_452_0,2011,Total,3,India,23,Madhya Pradesh,452,Narsimhapur,27.5,7.5,7.7,7.600000000000001
3_23_452_0,2011,Urban,3,India,23,Madhya Pradesh,452,Narsimhapur,23.6,5.2,6.300000000000001,5.800000000000001
3_23_453_0,2011,Rural,3,India,23,Madhya Pradesh,453,Dindori,30.4,10,11.7,10.9
3_23_453_0,2011,Total,3,India,23,Madhya Pradesh,453,Dindori,30,9.800000000000001,11.6,10.7
3_23_453_0,2011,Urban,3,India,23,Madhya Pradesh,453,Dindori,20.7,6.100000000000001,9.5,7.800000000000001
3_23_454_0,2011,Rural,3,India,23,Madhya Pradesh,454,Mandla,27,9,9.200000000000001,9.1
3_23_454_0,2011,Total,3,India,23,Madhya Pradesh,454,Mandla,26,8.4,9,8.700000000000001
3_23_454_0,2011,Urban,3,India,23,Madhya Pradesh,454,Mandla,17.9,4.2,7.100000000000001,5.600000000000001
3_23_455_0,2011,Rural,3,India,23,Madhya Pradesh,455,Chhindwara,24.1,7.7,9.800000000000001,8.800000000000001
3_23_455_0,2011,Total,3,India,23,Madhya Pradesh,455,Chhindwara,23.4,7.4,9,8.300000000000001
3_23_455_0,2011,Urban,3,India,23,Madhya Pradesh,455,Chhindwara,21.3,6.800000000000001,6.800000000000001,6.800000000000001
3_23_456_0,2011,Rural,3,India,23,Madhya Pradesh,456,Seoni,27,9.1,10.6,9.800000000000001
3_23_456_0,2011,Total,3,India,23,Madhya Pradesh,456,Seoni,26.4,8.9,10.2,9.600000000000001
3_23_456_0,2011,Urban,3,India,23,Madhya Pradesh,456,Seoni,21.3,7.600000000000001,7.300000000000001,7.4
3_23_457_0,2011,Rural,3,India,23,Madhya Pradesh,457,Balaghat,23.8,8.200000000000001,10.5,9.4
3_23_457_0,2011,Total,3,India,23,Madhya Pradesh,457,Balaghat,23.2,8,10.3,9.200000000000001
3_23_457_0,2011,Urban,3,India,23,Madhya Pradesh,457,Balaghat,20,6.9,9.4,8.1
3_23_458_0,2011,Rural,3,India,23,Madhya Pradesh,458,Guna,31.1,8.200000000000001,9.1,8.700000000000001
3_23_458_0,2011,Total,3,India,23,Madhya Pradesh,458,Guna,28.7,8,8.9,8.5
3_23_458_0,2011,Urban,3,India,23,Madhya Pradesh,458,Guna,22.7,7.5,8.4,8
3_23_459_0,2011,Rural,3,India,23,Madhya Pradesh,459,Ashoknagar,31.1,8.200000000000001,9.1,8.700000000000001
3_23_459_0,2011,Total,3,India,23,Madhya Pradesh,459,Ashoknagar,28.7,8,8.9,8.5
3_23_459_0,2011,Urban,3,India,23,Madhya Pradesh,459,Ashoknagar,22.7,7.5,8.4,8
3_23_460_0,2011,Rural,3,India,23,Madhya Pradesh,460,Shahdol,26.8,10.6,12.1,11.3
3_23_460_0,2011,Total,3,India,23,Madhya Pradesh,460,Shahdol,24.5,9.4,10.8,10.1
3_23_460_0,2011,Urban,3,India,23,Madhya Pradesh,460,Shahdol,18.9,6.300000000000001,7.800000000000001,7.100000000000001
3_23_461_0,2011,Rural,3,India,23,Madhya Pradesh,461,Anuppur,26.8,10.6,12.1,11.3
3_23_461_0,2011,Total,3,India,23,Madhya Pradesh,461,Anuppur,24.5,9.4,10.8,10.1
3_23_461_0,2011,Urban,3,India,23,Madhya Pradesh,461,Anuppur,18.9,6.300000000000001,7.800000000000001,7.100000000000001
3_23_462_0,2011,Rural,3,India,23,Madhya Pradesh,462,Sidhi,26.9,7.800000000000001,9,8.4
3_23_462_0,2011,Total,3,India,23,Madhya Pradesh,462,Sidhi,26.1,7.300000000000001,8.300000000000001,7.800000000000001
3_23_462_0,2011,Urban,3,India,23,Madhya Pradesh,462,Sidhi,21.4,4.600000000000001,4.100000000000001,4.3
3_23_463_0,2011,Rural,3,India,23,Madhya Pradesh,463,Singrauli,26.9,7.800000000000001,9,8.4
3_23_463_0,2011,Total,3,India,23,Madhya Pradesh,463,Singrauli,26.1,7.300000000000001,8.300000000000001,7.800000000000001
3_23_463_0,2011,Urban,3,India,23,Madhya Pradesh,463,Singrauli,21.4,4.600000000000001,4.100000000000001,4.3
3_23_464_0,2011,Rural,3,India,23,Madhya Pradesh,464,Jhabua,24.7,5.5,6.100000000000001,5.800000000000001
3_23_464_0,2011,Total,3,India,23,Madhya Pradesh,464,Jhabua,24,5.600000000000001,5.9,5.800000000000001
3_23_464_0,2011,Urban,3,India,23,Madhya Pradesh,464,Jhabua,17.4,6.600000000000001,4.5,5.5
3_23_465_0,2011,Rural,3,India,23,Madhya Pradesh,465,Alirajpur,24.7,5.5,6.100000000000001,5.800000000000001
3_23_465_0,2011,Total,3,India,23,Madhya Pradesh,465,Alirajpur,24,5.600000000000001,5.9,5.800000000000001
3_23_465_0,2011,Urban,3,India,23,Madhya Pradesh,465,Alirajpur,17.4,6.600000000000001,4.5,5.5
3_23_466_0,2011,Rural,3,India,23,Madhya Pradesh,466,Khandwa (East Nimar),25.4,7.300000000000001,9.200000000000001,8.300000000000001
3_23_466_0,2011,Total,3,India,23,Madhya Pradesh,466,Khandwa (East Nimar),23.6,7.100000000000001,9,8.1
3_23_466_0,2011,Urban,3,India,23,Madhya Pradesh,466,Khandwa (East Nimar),19.4,6.600000000000001,8.5,7.600000000000001
3_23_467_0,2011,Rural,3,India,23,Madhya Pradesh,467,Burhanpur,25.4,7.300000000000001,9.200000000000001,8.300000000000001
3_23_467_0,2011,Total,3,India,23,Madhya Pradesh,467,Burhanpur,23.6,7.100000000000001,9,8.1
3_23_467_0,2011,Urban,3,India,23,Madhya Pradesh,467,Burhanpur,19.4,6.600000000000001,8.5,7.600000000000001
3_5_56_0,2011,Rural,3,India,5,Uttarakhand,56,Uttarkashi,16.6,3.8,5.7,4.7
3_5_56_0,2011,Total,3,India,5,Uttarakhand,56,Uttarkashi,16.1,3.7,5.5,4.600000000000001
3_5_56_0,2011,Urban,3,India,5,Uttarakhand,56,Uttarkashi,12.5,2.8,4.7,3.8
3_5_57_0,2011,Rural,3,India,5,Uttarakhand,57,Chamoli,17.9,4.3,7.2,5.7
3_5_57_0,2011,Total,3,India,5,Uttarakhand,57,Chamoli,17.7,4,6.600000000000001,5.300000000000001
3_5_57_0,2011,Urban,3,India,5,Uttarakhand,57,Chamoli,16.7,2.3,4,3.2
3_5_58_0,2011,Rural,3,India,5,Uttarakhand,58,Rudraprayag,16.5,4.2,8.200000000000001,6
3_5_58_0,2011,Total,3,India,5,Uttarakhand,58,Rudraprayag,16.4,4.100000000000001,8.200000000000001,6
3_5_59_0,2011,Rural,3,India,5,Uttarakhand,59,Tehri Garhwal,23.1,7.300000000000001,12.7,9.700000000000001
3_5_59_0,2011,Total,3,India,5,Uttarakhand,59,Tehri Garhwal,22.4,7.2,11.9,9.300000000000001
3_5_59_0,2011,Urban,3,India,5,Uttarakhand,59,Tehri Garhwal,17.8,6.300000000000001,7.4,6.9
3_5_60_0,2011,Rural,3,India,5,Uttarakhand,60,Dehradun,20.7,6.100000000000001,8.700000000000001,7.4
3_5_60_0,2011,Total,3,India,5,Uttarakhand,60,Dehradun,17.9,5.9,7.800000000000001,6.9
3_5_60_0,2011,Urban,3,India,5,Uttarakhand,60,Dehradun,15.9,5.800000000000001,7.2,6.5
3_5_61_0,2011,Rural,3,India,5,Uttarakhand,61,Garhwal,20.5,6.9,11,8.800000000000001
3_5_61_0,2011,Total,3,India,5,Uttarakhand,61,Garhwal,19.9,6.600000000000001,10.4,8.4
3_5_61_0,2011,Urban,3,India,5,Uttarakhand,61,Garhwal,16.4,4.9,7,6
3_5_62_0,2011,Rural,3,India,5,Uttarakhand,62,Pithoragarh,15.4,4.9,8.5,6.600000000000001
3_5_62_0,2011,Total,3,India,5,Uttarakhand,62,Pithoragarh,14.7,4.4,7.7,6
3_5_62_0,2011,Urban,3,India,5,Uttarakhand,62,Pithoragarh,11.8,2,4.100000000000001,3.1
3_5_63_0,2011,Rural,3,India,5,Uttarakhand,63,Bageshwar,14.7,5.4,9.300000000000001,7.300000000000001
3_5_63_0,2011,Total,3,India,5,Uttarakhand,63,Bageshwar,14.7,5.300000000000001,9.300000000000001,7.2
3_5_63_0,2011,Urban,3,India,5,Uttarakhand,63,Bageshwar,13,4.800000000000001,9.1,7
3_5_64_0,2011,Rural,3,India,5,Uttarakhand,64,Almora,16.7,4.3,8.300000000000001,6.2
3_5_64_0,2011,Total,3,India,5,Uttarakhand,64,Almora,16.3,4.3,8.1,6.100000000000001
3_5_64_0,2011,Urban,3,India,5,Uttarakhand,64,Almora,12.1,3.3,5.2,4.3
3_5_65_0,2011,Rural,3,India,5,Uttarakhand,65,Champawat,17.1,3.6,7.4,5.5
3_5_65_0,2011,Total,3,India,5,Uttarakhand,65,Champawat,17.3,3.7,7.100000000000001,5.4
3_5_65_0,2011,Urban,3,India,5,Uttarakhand,65,Champawat,18.2,4,5.5,4.800000000000001
3_5_66_0,2011,Rural,3,India,5,Uttarakhand,66,Nainital,16.6,4.9,7,6
3_5_66_0,2011,Total,3,India,5,Uttarakhand,66,Nainital,16.8,4.600000000000001,6.4,5.5
3_5_66_0,2011,Urban,3,India,5,Uttarakhand,66,Nainital,17.1,4.2,5.5,4.9
3_5_67_0,2011,Rural,3,India,5,Uttarakhand,67,Udham Singh Nagar,19.1,4.600000000000001,6.600000000000001,5.7
3_5_67_0,2011,Total,3,India,5,Uttarakhand,67,Udham Singh Nagar,18.6,4.4,6.2,5.4
3_5_67_0,2011,Urban,3,India,5,Uttarakhand,67,Udham Singh Nagar,17.9,4,5.5,4.800000000000001
3_5_68_0,2011,Rural,3,India,5,Uttarakhand,68,Hardwar,25.3,7.7,8.9,8.300000000000001
3_5_68_0,2011,Total,3,India,5,Uttarakhand,68,Hardwar,22.7,7.100000000000001,8.6,7.9
3_5_68_0,2011,Urban,3,India,5,Uttarakhand,68,Hardwar,18.1,6.100000000000001,8,7.100000000000001
3_8_100_0,2011,Rural,3,India,8,Rajasthan,100,Hanumangarh,23.9,5.7,6.9,6.4
3_8_100_0,2011,Total,3,India,8,Rajasthan,100,Hanumangarh,23.6,5.7,6.800000000000001,6.300000000000001
3_8_100_0,2011,Urban,3,India,8,Rajasthan,100,Hanumangarh,22.5,5.600000000000001,6.100000000000001,5.9
3_8_101_0,2011,Rural,3,India,8,Rajasthan,101,Bikaner,26.5,6.100000000000001,7.7,6.9
3_8_101_0,2011,Total,3,India,8,Rajasthan,101,Bikaner,24.9,5.800000000000001,6.9,6.4
3_8_101_0,2011,Urban,3,India,8,Rajasthan,101,Bikaner,22.4,5.4,5.7,5.600000000000001
3_8_102_0,2011,Rural,3,India,8,Rajasthan,102,Churu,24.2,5.300000000000001,7.4,6.4
3_8_102_0,2011,Total,3,India,8,Rajasthan,102,Churu,23.4,5.300000000000001,7.2,6.300000000000001
3_8_102_0,2011,Urban,3,India,8,Rajasthan,102,Churu,21.6,5.300000000000001,6.800000000000001,6.100000000000001
3_8_103_0,2011,Rural,3,India,8,Rajasthan,103,Jhunjhunun,24,5.600000000000001,6.300000000000001,6
3_8_103_0,2011,Total,3,India,8,Rajasthan,103,Jhunjhunun,23.3,5.5,6.2,5.9
3_8_103_0,2011,Urban,3,India,8,Rajasthan,103,Jhunjhunun,20.8,5.2,5.7,5.5
3_8_104_0,2011,Rural,3,India,8,Rajasthan,104,Alwar,23.4,5.4,6.5,6
3_8_104_0,2011,Total,3,India,8,Rajasthan,104,Alwar,22.9,5.300000000000001,6.5,5.9
3_8_104_0,2011,Urban,3,India,8,Rajasthan,104,Alwar,18.7,4.9,6.2,5.600000000000001
3_8_105_0,2011,Rural,3,India,8,Rajasthan,105,Bharatpur,24.4,5.7,6.4,6.100000000000001
3_8_105_0,2011,Total,3,India,8,Rajasthan,105,Bharatpur,23.8,5.5,6.4,6
3_8_105_0,2011,Urban,3,India,8,Rajasthan,105,Bharatpur,21.4,4.600000000000001,6.300000000000001,5.5
3_8_106_0,2011,Rural,3,India,8,Rajasthan,106,Dhaulpur,30.5,6.4,6.7,6.5
3_8_106_0,2011,Total,3,India,8,Rajasthan,106,Dhaulpur,29.1,5.600000000000001,6.2,5.9
3_8_106_0,2011,Urban,3,India,8,Rajasthan,106,Dhaulpur,25,3.5,4.9,4.3
3_8_107_0,2011,Rural,3,India,8,Rajasthan,107,Karauli,29.5,6.300000000000001,6.600000000000001,6.5
3_8_107_0,2011,Total,3,India,8,Rajasthan,107,Karauli,27.5,5.7,6.5,6.2
3_8_107_0,2011,Urban,3,India,8,Rajasthan,107,Karauli,19.3,3.5,6.100000000000001,4.9
3_8_108_0,2011,Rural,3,India,8,Rajasthan,108,Sawai Madhopur,29.3,7.800000000000001,8.700000000000001,8.300000000000001
3_8_108_0,2011,Total,3,India,8,Rajasthan,108,Sawai Madhopur,27.4,6.800000000000001,7.9,7.4
3_8_108_0,2011,Urban,3,India,8,Rajasthan,108,Sawai Madhopur,21.6,3.7,5.4,4.600000000000001
3_8_109_0,2011,Rural,3,India,8,Rajasthan,109,Dausa,22.5,6.100000000000001,7,6.600000000000001
3_8_109_0,2011,Total,3,India,8,Rajasthan,109,Dausa,22.4,6.2,6.9,6.600000000000001
3_8_109_0,2011,Urban,3,India,8,Rajasthan,109,Dausa,21.6,7,6.5,6.800000000000001
3_8_110_0,2011,Rural,3,India,8,Rajasthan,110,Jaipur,23.2,5.5,6.4,6
3_8_110_0,2011,Total,3,India,8,Rajasthan,110,Jaipur,23.1,5.5,6.300000000000001,5.9
3_8_110_0,2011,Urban,3,India,8,Rajasthan,110,Jaipur,22.9,5.4,6.100000000000001,5.800000000000001
3_8_111_0,2011,Rural,3,India,8,Rajasthan,111,Sikar,24.3,5.9,6.600000000000001,6.300000000000001
3_8_111_0,2011,Total,3,India,8,Rajasthan,111,Sikar,24,5.7,6.4,6.100000000000001
3_8_111_0,2011,Urban,3,India,8,Rajasthan,111,Sikar,22.9,5.100000000000001,5.9,5.5
3_8_112_0,2011,Rural,3,India,8,Rajasthan,112,Nagaur,23.6,6.100000000000001,7.2,6.600000000000001
3_8_112_0,2011,Total,3,India,8,Rajasthan,112,Nagaur,23.4,6,7,6.5
3_8_112_0,2011,Urban,3,India,8,Rajasthan,112,Nagaur,22.6,5.4,6.300000000000001,5.9
3_8_113_0,2011,Rural,3,India,8,Rajasthan,113,Jodhpur,24.3,6,6.800000000000001,6.4
3_8_113_0,2011,Total,3,India,8,Rajasthan,113,Jodhpur,23.9,5.7,6.9,6.300000000000001
3_8_113_0,2011,Urban,3,India,8,Rajasthan,113,Jodhpur,23.2,5.300000000000001,7,6.100000000000001
3_8_114_0,2011,Rural,3,India,8,Rajasthan,114,Jaisalmer,24.9,6.4,7.5,7
3_8_114_0,2011,Total,3,India,8,Rajasthan,114,Jaisalmer,24.2,6.100000000000001,7.300000000000001,6.7
3_8_114_0,2011,Urban,3,India,8,Rajasthan,114,Jaisalmer,21.1,5,6.5,5.800000000000001
3_8_115_0,2011,Rural,3,India,8,Rajasthan,115,Barmer,33,5.800000000000001,7,6.4
3_8_115_0,2011,Total,3,India,8,Rajasthan,115,Barmer,32.5,5.800000000000001,6.9,6.4
3_8_115_0,2011,Urban,3,India,8,Rajasthan,115,Barmer,26.4,5.4,5.5,5.5
3_8_116_0,2011,Rural,3,India,8,Rajasthan,116,Jalor,28.7,6.4,8.5,7.5
3_8_116_0,2011,Total,3,India,8,Rajasthan,116,Jalor,27.9,6.4,8.4,7.4
3_8_116_0,2011,Urban,3,India,8,Rajasthan,116,Jalor,19.2,5.4,7,6.2
3_8_117_0,2011,Rural,3,India,8,Rajasthan,117,Sirohi,25.5,6.5,8,7.2
3_8_117_0,2011,Total,3,India,8,Rajasthan,117,Sirohi,24.1,6.2,7.600000000000001,6.9
3_8_117_0,2011,Urban,3,India,8,Rajasthan,117,Sirohi,17.1,5,5.5,5.300000000000001
3_8_118_0,2011,Rural,3,India,8,Rajasthan,118,Pali,24.7,6.2,8.4,7.300000000000001
3_8_118_0,2011,Total,3,India,8,Rajasthan,118,Pali,23.5,5.9,7.600000000000001,6.800000000000001
3_8_118_0,2011,Urban,3,India,8,Rajasthan,118,Pali,19,4.600000000000001,5.100000000000001,4.800000000000001
3_8_119_0,2011,Rural,3,India,8,Rajasthan,119,Ajmer,25.6,5.9,7.300000000000001,6.600000000000001
3_8_119_0,2011,Total,3,India,8,Rajasthan,119,Ajmer,23.8,5.7,7,6.4
3_8_119_0,2011,Urban,3,India,8,Rajasthan,119,Ajmer,21,5.300000000000001,6.600000000000001,6
3_8_120_0,2011,Rural,3,India,8,Rajasthan,120,Tonk,23.6,7.800000000000001,9,8.4
3_8_120_0,2011,Total,3,India,8,Rajasthan,120,Tonk,23.3,7.100000000000001,8,7.600000000000001
3_8_120_0,2011,Urban,3,India,8,Rajasthan,120,Tonk,22,4.9,4.7,4.800000000000001
3_8_121_0,2011,Rural,3,India,8,Rajasthan,121,Bundi,24.9,7.5,8.800000000000001,8.200000000000001
3_8_121_0,2011,Total,3,India,8,Rajasthan,121,Bundi,23.7,7.4,8.300000000000001,7.800000000000001
3_8_121_0,2011,Urban,3,India,8,Rajasthan,121,Bundi,19.9,7,6.7,6.800000000000001
3_8_122_0,2011,Rural,3,India,8,Rajasthan,122,Bhilwara,23.1,7.2,8.700000000000001,8
3_8_122_0,2011,Total,3,India,8,Rajasthan,122,Bhilwara,22.4,6.7,8.300000000000001,7.5
3_8_122_0,2011,Urban,3,India,8,Rajasthan,122,Bhilwara,19.7,4.7,6.5,5.600000000000001
3_8_123_0,2011,Rural,3,India,8,Rajasthan,123,Rajsamand,29.6,8.4,10.5,9.4
3_8_123_0,2011,Total,3,India,8,Rajasthan,123,Rajsamand,28.1,7.800000000000001,9.700000000000001,8.700000000000001
3_8_123_0,2011,Urban,3,India,8,Rajasthan,123,Rajsamand,19.9,4.2,5.2,4.7
3_8_124_0,2011,Rural,3,India,8,Rajasthan,124,Dungarpur,28.8,5.800000000000001,7.300000000000001,6.600000000000001
3_8_124_0,2011,Total,3,India,8,Rajasthan,124,Dungarpur,28,5.7,7.300000000000001,6.5
3_8_124_0,2011,Urban,3,India,8,Rajasthan,124,Dungarpur,18.8,4.100000000000001,6.800000000000001,5.5
3_8_125_0,2011,Rural,3,India,8,Rajasthan,125,Banswara,31.5,7.300000000000001,8.5,7.9
3_8_125_0,2011,Total,3,India,8,Rajasthan,125,Banswara,30.8,7,8.4,7.7
3_8_125_0,2011,Urban,3,India,8,Rajasthan,125,Banswara,18.6,3.2,6.9,5.100000000000001
3_8_126_0,2011,Rural,3,India,8,Rajasthan,126,Chittaurgarh,22.3,4.7,7.4,6.100000000000001
3_8_126_0,2011,Total,3,India,8,Rajasthan,126,Chittaurgarh,21.4,4.5,6.9,5.7
3_8_126_0,2011,Urban,3,India,8,Rajasthan,126,Chittaurgarh,17.5,3.2,4.800000000000001,4.100000000000001
3_8_127_0,2011,Rural,3,India,8,Rajasthan,127,Kota,24.5,7.2,7.5,7.300000000000001
3_8_127_0,2011,Total,3,India,8,Rajasthan,127,Kota,22,5.100000000000001,6.2,5.7
3_8_127_0,2011,Urban,3,India,8,Rajasthan,127,Kota,19.9,3.4,5.100000000000001,4.3
3_8_128_0,2011,Rural,3,India,8,Rajasthan,128,Baran,26.8,6.4,8,7.2
3_8_128_0,2011,Total,3,India,8,Rajasthan,128,Baran,25.7,6,7.5,6.800000000000001
3_8_128_0,2011,Urban,3,India,8,Rajasthan,128,Baran,19.1,3.7,4.7,4.2
3_8_129_0,2011,Rural,3,India,8,Rajasthan,129,Jhalawar,25.9,7.300000000000001,9.1,8.200000000000001
3_8_129_0,2011,Total,3,India,8,Rajasthan,129,Jhalawar,25,7,8.5,7.800000000000001
3_8_129_0,2011,Urban,3,India,8,Rajasthan,129,Jhalawar,20.3,5.5,5.9,5.7
3_8_130_0,2011,Rural,3,India,8,Rajasthan,130,Udaipur,32.7,8,10.2,9.1
3_8_130_0,2011,Total,3,India,8,Rajasthan,130,Udaipur,29.9,7.300000000000001,9.1,8.200000000000001
3_8_130_0,2011,Urban,3,India,8,Rajasthan,130,Udaipur,21.6,5.4,6.300000000000001,5.9
3_8_131_0,2011,Rural,3,India,8,Rajasthan,131,Pratapgarh,28.8,6.7,8.700000000000001,7.7
3_8_131_0,2011,Total,3,India,8,Rajasthan,131,Pratapgarh,27.4,6.300000000000001,8.1,7.2
3_8_131_0,2011,Urban,3,India,8,Rajasthan,131,Pratapgarh,19.2,3.9,6,5
3_8_99_0,2011,Rural,3,India,8,Rajasthan,99,Ganganagar,23.9,6.4,6.5,6.4
3_8_99_0,2011,Total,3,India,8,Rajasthan,99,Ganganagar,22.7,6.100000000000001,6.600000000000001,6.300000000000001
3_8_99_0,2011,Urban,3,India,8,Rajasthan,99,Ganganagar,20,5.4,6.7,6.100000000000001
3_9_132_0,2011,Rural,3,India,9,Uttar Pradesh,132,Saharanpur,27.7,8.800000000000001,10.5,9.700000000000001
3_9_132_0,2011,Total,3,India,9,Uttar Pradesh,132,Saharanpur,26.6,8.4,9.800000000000001,9.200000000000001
3_9_132_0,2011,Urban,3,India,9,Uttar Pradesh,132,Saharanpur,22.6,7.100000000000001,7.600000000000001,7.4
3_9_133_0,2011,Rural,3,India,9,Uttar Pradesh,133,Muzaffarnagar,25,8.5,10.5,9.600000000000001
3_9_133_0,2011,Total,3,India,9,Uttar Pradesh,133,Muzaffarnagar,24.2,8.300000000000001,9.600000000000001,9
3_9_133_0,2011,Urban,3,India,9,Uttar Pradesh,133,Muzaffarnagar,22.1,7.7,7.4,7.5
3_9_134_0,2011,Rural,3,India,9,Uttar Pradesh,134,Bijnor,25.4,7.2,9.5,8.300000000000001
3_9_134_0,2011,Total,3,India,9,Uttar Pradesh,134,Bijnor,24.5,7,8.700000000000001,7.9
3_9_134_0,2011,Urban,3,India,9,Uttar Pradesh,134,Bijnor,21.5,6.300000000000001,6.300000000000001,6.300000000000001
3_9_135_0,2011,Rural,3,India,9,Uttar Pradesh,135,Moradabad,27.1,8,8.6,8.300000000000001
3_9_135_0,2011,Total,3,India,9,Uttar Pradesh,135,Moradabad,25.8,7.7,8.300000000000001,8
3_9_135_0,2011,Urban,3,India,9,Uttar Pradesh,135,Moradabad,23.4,7.100000000000001,7.800000000000001,7.5
3_9_136_0,2011,Rural,3,India,9,Uttar Pradesh,136,Rampur,27.1,9.1,9.600000000000001,9.4
3_9_136_0,2011,Total,3,India,9,Uttar Pradesh,136,Rampur,25.6,8.6,9.800000000000001,9.200000000000001
3_9_136_0,2011,Urban,3,India,9,Uttar Pradesh,136,Rampur,21.2,6.9,10.4,8.700000000000001
3_9_137_0,2011,Rural,3,India,9,Uttar Pradesh,137,Jyotiba Phule Nagar,27.1,7.5,8.5,8
3_9_137_0,2011,Total,3,India,9,Uttar Pradesh,137,Jyotiba Phule Nagar,26.5,7.2,8.700000000000001,8
3_9_137_0,2011,Urban,3,India,9,Uttar Pradesh,137,Jyotiba Phule Nagar,24.5,6.100000000000001,9.5,7.800000000000001
3_9_138_0,2011,Rural,3,India,9,Uttar Pradesh,138,Meerut,26.1,6,7.300000000000001,6.7
3_9_138_0,2011,Total,3,India,9,Uttar Pradesh,138,Meerut,24.6,5.9,6.9,6.4
3_9_138_0,2011,Urban,3,India,9,Uttar Pradesh,138,Meerut,22.6,5.7,6.300000000000001,6
3_9_139_0,2011,Rural,3,India,9,Uttar Pradesh,139,Baghpat,23.1,8.700000000000001,11.3,10.1
3_9_139_0,2011,Total,3,India,9,Uttar Pradesh,139,Baghpat,22.8,8.200000000000001,10.5,9.4
3_9_139_0,2011,Urban,3,India,9,Uttar Pradesh,139,Baghpat,21.6,6.100000000000001,7.7,7
3_9_140_0,2011,Rural,3,India,9,Uttar Pradesh,140,Ghaziabad,22.7,8.4,10.1,9.300000000000001
3_9_140_0,2011,Total,3,India,9,Uttar Pradesh,140,Ghaziabad,21.6,6.600000000000001,7.800000000000001,7.2
3_9_140_0,2011,Urban,3,India,9,Uttar Pradesh,140,Ghaziabad,20.8,5.4,6.300000000000001,5.800000000000001
3_9_141_0,2011,Rural,3,India,9,Uttar Pradesh,141,Gautam Buddha Nagar,25.4,6.2,7.5,6.9
3_9_141_0,2011,Total,3,India,9,Uttar Pradesh,141,Gautam Buddha Nagar,24,5.7,6.5,6.2
3_9_141_0,2011,Urban,3,India,9,Uttar Pradesh,141,Gautam Buddha Nagar,20.7,4.600000000000001,4.4,4.5
3_9_142_0,2011,Rural,3,India,9,Uttar Pradesh,142,Bulandshahr,27.6,9.600000000000001,10.6,10.1
3_9_142_0,2011,Total,3,India,9,Uttar Pradesh,142,Bulandshahr,26.3,8.9,9.800000000000001,9.4
3_9_142_0,2011,Urban,3,India,9,Uttar Pradesh,142,Bulandshahr,23.6,7.600000000000001,8.200000000000001,7.9
3_9_143_0,2011,Rural,3,India,9,Uttar Pradesh,143,Aligarh,28.6,7.9,8.4,8.200000000000001
3_9_143_0,2011,Total,3,India,9,Uttar Pradesh,143,Aligarh,26.9,7.100000000000001,7.800000000000001,7.5
3_9_143_0,2011,Urban,3,India,9,Uttar Pradesh,143,Aligarh,23.1,5.5,6.4,6
3_9_144_0,2011,Rural,3,India,9,Uttar Pradesh,144,Mahamaya Nagar,25.1,8.800000000000001,9.4,9.1
3_9_144_0,2011,Total,3,India,9,Uttar Pradesh,144,Mahamaya Nagar,24.1,8.300000000000001,9.200000000000001,8.800000000000001
3_9_144_0,2011,Urban,3,India,9,Uttar Pradesh,144,Mahamaya Nagar,20.8,6.5,8.6,7.600000000000001
3_9_145_0,2011,Rural,3,India,9,Uttar Pradesh,145,Mathura,23.3,7.5,8.9,8.200000000000001
3_9_145_0,2011,Total,3,India,9,Uttar Pradesh,145,Mathura,22.7,7.2,8.300000000000001,7.800000000000001
3_9_145_0,2011,Urban,3,India,9,Uttar Pradesh,145,Mathura,21.5,6.600000000000001,7.100000000000001,6.9
3_9_146_0,2011,Rural,3,India,9,Uttar Pradesh,146,Agra,26,6.600000000000001,7.2,6.9
3_9_146_0,2011,Total,3,India,9,Uttar Pradesh,146,Agra,24.3,6.7,7.600000000000001,7.2
3_9_146_0,2011,Urban,3,India,9,Uttar Pradesh,146,Agra,22.7,6.800000000000001,7.9,7.4
3_9_147_0,2011,Rural,3,India,9,Uttar Pradesh,147,Firozabad,27.5,10.3,10.4,10.3
3_9_147_0,2011,Total,3,India,9,Uttar Pradesh,147,Firozabad,26.1,9.300000000000001,9.5,9.4
3_9_147_0,2011,Urban,3,India,9,Uttar Pradesh,147,Firozabad,22.1,6.7,7.100000000000001,6.9
3_9_148_0,2011,Rural,3,India,9,Uttar Pradesh,148,Mainpuri,24,9.700000000000001,11.6,10.7
3_9_148_0,2011,Total,3,India,9,Uttar Pradesh,148,Mainpuri,23.8,9.200000000000001,11.1,10.2
3_9_148_0,2011,Urban,3,India,9,Uttar Pradesh,148,Mainpuri,23.1,7,9,8.1
3_9_149_0,2011,Rural,3,India,9,Uttar Pradesh,149,Budaun,31.4,9.300000000000001,9.800000000000001,9.600000000000001
3_9_149_0,2011,Total,3,India,9,Uttar Pradesh,149,Budaun,30.9,9.1,9.5,9.300000000000001
3_9_149_0,2011,Urban,3,India,9,Uttar Pradesh,149,Budaun,29,8.200000000000001,8.200000000000001,8.200000000000001
3_9_150_0,2011,Rural,3,India,9,Uttar Pradesh,150,Bareilly,30.5,10.1,9.700000000000001,9.9
3_9_150_0,2011,Total,3,India,9,Uttar Pradesh,150,Bareilly,27,9,9.300000000000001,9.1
3_9_150_0,2011,Urban,3,India,9,Uttar Pradesh,150,Bareilly,20.5,6.800000000000001,8.5,7.7
3_9_151_0,2011,Rural,3,India,9,Uttar Pradesh,151,Pilibhit,27.2,7.800000000000001,9.600000000000001,8.800000000000001
3_9_151_0,2011,Total,3,India,9,Uttar Pradesh,151,Pilibhit,25.8,7.800000000000001,9.4,8.700000000000001
3_9_151_0,2011,Urban,3,India,9,Uttar Pradesh,151,Pilibhit,19.1,7.9,8.1,8
3_9_152_0,2011,Rural,3,India,9,Uttar Pradesh,152,Shahjahanpur,30.1,8.200000000000001,9.1,8.6
3_9_152_0,2011,Total,3,India,9,Uttar Pradesh,152,Shahjahanpur,28.5,7.600000000000001,8.4,8
3_9_152_0,2011,Urban,3,India,9,Uttar Pradesh,152,Shahjahanpur,20.2,4.5,4.800000000000001,4.7
3_9_153_0,2011,Rural,3,India,9,Uttar Pradesh,153,Kheri,28.4,8.6,8.800000000000001,8.700000000000001
3_9_153_0,2011,Total,3,India,9,Uttar Pradesh,153,Kheri,27.4,8.200000000000001,8.5,8.4
3_9_153_0,2011,Urban,3,India,9,Uttar Pradesh,153,Kheri,16.8,4.5,5.5,5
3_9_154_0,2011,Rural,3,India,9,Uttar Pradesh,154,Sitapur,28.9,9.300000000000001,9.4,9.300000000000001
3_9_154_0,2011,Total,3,India,9,Uttar Pradesh,154,Sitapur,28.4,9,9.1,9
3_9_154_0,2011,Urban,3,India,9,Uttar Pradesh,154,Sitapur,23.3,6.300000000000001,6.7,6.5
3_9_155_0,2011,Rural,3,India,9,Uttar Pradesh,155,Hardoi,28.3,9.200000000000001,9.700000000000001,9.4
3_9_155_0,2011,Total,3,India,9,Uttar Pradesh,155,Hardoi,27.9,8.9,9.5,9.200000000000001
3_9_155_0,2011,Urban,3,India,9,Uttar Pradesh,155,Hardoi,25.3,7.300000000000001,8.1,7.7
3_9_156_0,2011,Rural,3,India,9,Uttar Pradesh,156,Unnao,22.2,6.800000000000001,7.600000000000001,7.2
3_9_156_0,2011,Total,3,India,9,Uttar Pradesh,156,Unnao,21.8,6.600000000000001,7.5,7.100000000000001
3_9_156_0,2011,Urban,3,India,9,Uttar Pradesh,156,Unnao,19.7,5.600000000000001,7,6.300000000000001
3_9_157_0,2011,Rural,3,India,9,Uttar Pradesh,157,Lucknow,22.1,7.9,8.6,8.300000000000001
3_9_157_0,2011,Total,3,India,9,Uttar Pradesh,157,Lucknow,18.8,6.300000000000001,7.300000000000001,6.800000000000001
3_9_157_0,2011,Urban,3,India,9,Uttar Pradesh,157,Lucknow,16.4,5.2,6.4,5.800000000000001
3_9_158_0,2011,Rural,3,India,9,Uttar Pradesh,158,Rae Bareli,23,7.600000000000001,8.6,8.1
3_9_158_0,2011,Total,3,India,9,Uttar Pradesh,158,Rae Bareli,22.6,7.300000000000001,8.5,7.9
3_9_158_0,2011,Urban,3,India,9,Uttar Pradesh,158,Rae Bareli,18,4.800000000000001,8,6.5
3_9_159_0,2011,Rural,3,India,9,Uttar Pradesh,159,Farrukhabad,29.4,7.600000000000001,8.700000000000001,8.200000000000001
3_9_159_0,2011,Total,3,India,9,Uttar Pradesh,159,Farrukhabad,26.9,7.100000000000001,8.300000000000001,7.7
3_9_159_0,2011,Urban,3,India,9,Uttar Pradesh,159,Farrukhabad,19.8,5.600000000000001,7.2,6.4
3_9_160_0,2011,Rural,3,India,9,Uttar Pradesh,160,Kannauj,24.4,9.200000000000001,10.5,9.9
3_9_160_0,2011,Total,3,India,9,Uttar Pradesh,160,Kannauj,23.8,8.6,9.9,9.300000000000001
3_9_160_0,2011,Urban,3,India,9,Uttar Pradesh,160,Kannauj,21.3,6.2,7.300000000000001,6.800000000000001
3_9_161_0,2011,Rural,3,India,9,Uttar Pradesh,161,Etawah,23.8,8.1,9.200000000000001,8.700000000000001
3_9_161_0,2011,Total,3,India,9,Uttar Pradesh,161,Etawah,22.8,8,8.9,8.5
3_9_161_0,2011,Urban,3,India,9,Uttar Pradesh,161,Etawah,19,7.4,7.7,7.5
3_9_162_0,2011,Rural,3,India,9,Uttar Pradesh,162,Auraiya,25.5,8.700000000000001,9.700000000000001,9.200000000000001
3_9_162_0,2011,Total,3,India,9,Uttar Pradesh,162,Auraiya,24.7,8.4,9.5,8.9
3_9_162_0,2011,Urban,3,India,9,Uttar Pradesh,162,Auraiya,20.8,6.800000000000001,8.1,7.5
3_9_163_0,2011,Rural,3,India,9,Uttar Pradesh,163,Kanpur Dehat,20.5,9.1,9.1,9.1
3_9_163_0,2011,Total,3,India,9,Uttar Pradesh,163,Kanpur Dehat,20.2,8.9,9,8.9
3_9_163_0,2011,Urban,3,India,9,Uttar Pradesh,163,Kanpur Dehat,15.8,6.7,7.4,7.100000000000001
3_9_164_0,2011,Rural,3,India,9,Uttar Pradesh,164,Kanpur Nagar,21,7.300000000000001,7.5,7.4
3_9_164_0,2011,Total,3,India,9,Uttar Pradesh,164,Kanpur Nagar,18,5.7,6.4,6.100000000000001
3_9_164_0,2011,Urban,3,India,9,Uttar Pradesh,164,Kanpur Nagar,17.1,5.2,6.100000000000001,5.7
3_9_165_0,2011,Rural,3,India,9,Uttar Pradesh,165,Jalaun,23.3,8.300000000000001,8.9,8.6
3_9_165_0,2011,Total,3,India,9,Uttar Pradesh,165,Jalaun,22.7,8.1,8.700000000000001,8.4
3_9_165_0,2011,Urban,3,India,9,Uttar Pradesh,165,Jalaun,21,7.300000000000001,8.1,7.7
3_9_166_0,2011,Rural,3,India,9,Uttar Pradesh,166,Jhansi,22,7.4,7.9,7.7
3_9_166_0,2011,Total,3,India,9,Uttar Pradesh,166,Jhansi,19.6,6.4,7.300000000000001,6.9
3_9_166_0,2011,Urban,3,India,9,Uttar Pradesh,166,Jhansi,17.1,5.4,6.7,6.100000000000001
3_9_167_0,2011,Rural,3,India,9,Uttar Pradesh,167,Lalitpur,28.9,8.200000000000001,8.300000000000001,8.200000000000001
3_9_167_0,2011,Total,3,India,9,Uttar Pradesh,167,Lalitpur,27.3,7.9,8,7.9
3_9_167_0,2011,Urban,3,India,9,Uttar Pradesh,167,Lalitpur,17.9,5.800000000000001,6.4,6.100000000000001
3_9_168_0,2011,Rural,3,India,9,Uttar Pradesh,168,Hamirpur,24.4,7,7.7,7.300000000000001
3_9_168_0,2011,Total,3,India,9,Uttar Pradesh,168,Hamirpur,24,6.800000000000001,7.4,7.100000000000001
3_9_168_0,2011,Urban,3,India,9,Uttar Pradesh,168,Hamirpur,22.2,6,6,6
3_9_169_0,2011,Rural,3,India,9,Uttar Pradesh,169,Mahoba,25.7,7.100000000000001,8.1,7.7
3_9_169_0,2011,Total,3,India,9,Uttar Pradesh,169,Mahoba,25.6,6.9,7.800000000000001,7.4
3_9_169_0,2011,Urban,3,India,9,Uttar Pradesh,169,Mahoba,25.6,6.5,7.300000000000001,6.9
3_9_170_0,2011,Rural,3,India,9,Uttar Pradesh,170,Banda,28.8,9,10.2,9.600000000000001
3_9_170_0,2011,Total,3,India,9,Uttar Pradesh,170,Banda,27.7,9,10,9.5
3_9_170_0,2011,Urban,3,India,9,Uttar Pradesh,170,Banda,22.7,9,9.5,9.300000000000001
3_9_171_0,2011,Rural,3,India,9,Uttar Pradesh,171,Chitrakoot,26.1,9,9.200000000000001,9.1
3_9_171_0,2011,Total,3,India,9,Uttar Pradesh,171,Chitrakoot,25.1,8.800000000000001,9,8.9
3_9_171_0,2011,Urban,3,India,9,Uttar Pradesh,171,Chitrakoot,16,6.800000000000001,7.2,7
3_9_172_0,2011,Rural,3,India,9,Uttar Pradesh,172,Fatehpur,24.4,7,8.200000000000001,7.7
3_9_172_0,2011,Total,3,India,9,Uttar Pradesh,172,Fatehpur,23.9,6.7,7.9,7.300000000000001
3_9_172_0,2011,Urban,3,India,9,Uttar Pradesh,172,Fatehpur,20.5,4.600000000000001,4.9,4.800000000000001
3_9_173_0,2011,Rural,3,India,9,Uttar Pradesh,173,Pratapgarh,25.1,8.9,12,10.4
3_9_173_0,2011,Total,3,India,9,Uttar Pradesh,173,Pratapgarh,24.9,9,12.1,10.4
3_9_173_0,2011,Urban,3,India,9,Uttar Pradesh,173,Pratapgarh,20.8,9.200000000000001,13.7,11.4
3_9_174_0,2011,Rural,3,India,9,Uttar Pradesh,174,Kaushambi,30.3,11,12.1,11.5
3_9_174_0,2011,Total,3,India,9,Uttar Pradesh,174,Kaushambi,30,10.8,12,11.4
3_9_174_0,2011,Urban,3,India,9,Uttar Pradesh,174,Kaushambi,26.7,8.700000000000001,10.8,9.700000000000001
3_9_175_0,2011,Rural,3,India,9,Uttar Pradesh,175,Allahabad,28.6,9.600000000000001,11.3,10.5
3_9_175_0,2011,Total,3,India,9,Uttar Pradesh,175,Allahabad,26.6,9.1,10.7,9.9
3_9_175_0,2011,Urban,3,India,9,Uttar Pradesh,175,Allahabad,19.3,7.100000000000001,8.700000000000001,7.9
3_9_176_0,2011,Rural,3,India,9,Uttar Pradesh,176,Bara Banki,26.4,7.300000000000001,8.1,7.7
3_9_176_0,2011,Total,3,India,9,Uttar Pradesh,176,Bara Banki,26,7.300000000000001,7.800000000000001,7.600000000000001
3_9_176_0,2011,Urban,3,India,9,Uttar Pradesh,176,Bara Banki,21.1,7.2,5.100000000000001,6.100000000000001
3_9_177_0,2011,Rural,3,India,9,Uttar Pradesh,177,Faizabad,26.2,10.6,13,11.8
3_9_177_0,2011,Total,3,India,9,Uttar Pradesh,177,Faizabad,25.5,10.7,12.6,11.7
3_9_177_0,2011,Urban,3,India,9,Uttar Pradesh,177,Faizabad,20.8,12.1,10.1,11
3_9_178_0,2011,Rural,3,India,9,Uttar Pradesh,178,Ambedkar Nagar,25.2,8.300000000000001,11.7,9.9
3_9_178_0,2011,Total,3,India,9,Uttar Pradesh,178,Ambedkar Nagar,25.2,8.300000000000001,11.6,9.9
3_9_178_0,2011,Urban,3,India,9,Uttar Pradesh,178,Ambedkar Nagar,25.6,7.7,10.6,9.1
3_9_179_0,2011,Rural,3,India,9,Uttar Pradesh,179,Sultanpur,23.1,6.7,8.1,7.4
3_9_179_0,2011,Total,3,India,9,Uttar Pradesh,179,Sultanpur,22.8,6.600000000000001,8.200000000000001,7.4
3_9_179_0,2011,Urban,3,India,9,Uttar Pradesh,179,Sultanpur,18.8,5.9,9.800000000000001,7.9
3_9_180_0,2011,Rural,3,India,9,Uttar Pradesh,180,Bahraich,32.8,8,7.4,7.7
3_9_180_0,2011,Total,3,India,9,Uttar Pradesh,180,Bahraich,32.2,7.800000000000001,7.4,7.600000000000001
3_9_180_0,2011,Urban,3,India,9,Uttar Pradesh,180,Bahraich,22.1,4.9,7.4,6.2
3_9_181_0,2011,Rural,3,India,9,Uttar Pradesh,181,Shrawasti,41.2,12.4,13,12.7
3_9_181_0,2011,Total,3,India,9,Uttar Pradesh,181,Shrawasti,40.90000000000001,12.3,12.9,12.6
3_9_181_0,2011,Urban,3,India,9,Uttar Pradesh,181,Shrawasti,30.7,8.1,11.4,9.9
3_9_182_0,2011,Rural,3,India,9,Uttar Pradesh,182,Balrampur,36.9,10.9,11.5,11.2
3_9_182_0,2011,Total,3,India,9,Uttar Pradesh,182,Balrampur,36.3,11,11.4,11.2
3_9_182_0,2011,Urban,3,India,9,Uttar Pradesh,182,Balrampur,26.6,12.8,10.1,11.4
3_9_183_0,2011,Rural,3,India,9,Uttar Pradesh,183,Gonda,27.4,7.9,7.800000000000001,7.9
3_9_183_0,2011,Total,3,India,9,Uttar Pradesh,183,Gonda,27.1,7.9,7.7,7.800000000000001
3_9_183_0,2011,Urban,3,India,9,Uttar Pradesh,183,Gonda,22.6,7.800000000000001,5.7,6.7
3_9_184_0,2011,Rural,3,India,9,Uttar Pradesh,184,Siddharthnagar,38.40000000000001,10.2,13,11.5
3_9_184_0,2011,Total,3,India,9,Uttar Pradesh,184,Siddharthnagar,38,10.1,12.9,11.4
3_9_184_0,2011,Urban,3,India,9,Uttar Pradesh,184,Siddharthnagar,28.5,7,11.5,9.300000000000001
3_9_185_0,2011,Rural,3,India,9,Uttar Pradesh,185,Basti,28.2,11.2,11.7,11.4
3_9_185_0,2011,Total,3,India,9,Uttar Pradesh,185,Basti,27.6,11,11.6,11.3
3_9_185_0,2011,Urban,3,India,9,Uttar Pradesh,185,Basti,18.6,7.5,10.2,8.9
3_9_186_0,2011,Rural,3,India,9,Uttar Pradesh,186,Sant Kabir Nagar,31.5,10.2,11.1,10.6
3_9_186_0,2011,Total,3,India,9,Uttar Pradesh,186,Sant Kabir Nagar,31.1,10.4,11.1,10.7
3_9_186_0,2011,Urban,3,India,9,Uttar Pradesh,186,Sant Kabir Nagar,24.3,12.5,10.3,11.4
3_9_187_0,2011,Rural,3,India,9,Uttar Pradesh,187,Mahrajganj,29.7,10,11.5,10.7
3_9_187_0,2011,Total,3,India,9,Uttar Pradesh,187,Mahrajganj,29,9.700000000000001,11.3,10.5
3_9_187_0,2011,Urban,3,India,9,Uttar Pradesh,187,Mahrajganj,20.6,6.4,9.5,8
3_9_188_0,2011,Rural,3,India,9,Uttar Pradesh,188,Gorakhpur,27.3,8.700000000000001,10.1,9.4
3_9_188_0,2011,Total,3,India,9,Uttar Pradesh,188,Gorakhpur,25.1,8.1,9.300000000000001,8.700000000000001
3_9_188_0,2011,Urban,3,India,9,Uttar Pradesh,188,Gorakhpur,18.9,6.4,7.300000000000001,6.9
3_9_189_0,2011,Rural,3,India,9,Uttar Pradesh,189,Kushinagar,30.3,9.200000000000001,11.2,10.1
3_9_189_0,2011,Total,3,India,9,Uttar Pradesh,189,Kushinagar,30.2,9.200000000000001,11.2,10.1
3_9_189_0,2011,Urban,3,India,9,Uttar Pradesh,189,Kushinagar,22.5,7.5,10.1,8.800000000000001
3_9_190_0,2011,Rural,3,India,9,Uttar Pradesh,190,Deoria,27.1,9.600000000000001,12.5,11
3_9_190_0,2011,Total,3,India,9,Uttar Pradesh,190,Deoria,26.6,9.700000000000001,12.5,11
3_9_190_0,2011,Urban,3,India,9,Uttar Pradesh,190,Deoria,23.4,10.5,12.2,11.3
3_9_191_0,2011,Rural,3,India,9,Uttar Pradesh,191,Azamgarh,24.6,8.700000000000001,11.4,10
3_9_191_0,2011,Total,3,India,9,Uttar Pradesh,191,Azamgarh,24.4,8.6,11.2,9.9
3_9_191_0,2011,Urban,3,India,9,Uttar Pradesh,191,Azamgarh,22,8.1,8.4,8.300000000000001
3_9_192_0,2011,Rural,3,India,9,Uttar Pradesh,192,Mau,22.3,8.700000000000001,9.9,9.300000000000001
3_9_192_0,2011,Total,3,India,9,Uttar Pradesh,192,Mau,22.3,8.6,9.600000000000001,9
3_9_192_0,2011,Urban,3,India,9,Uttar Pradesh,192,Mau,22,8,8.300000000000001,8.1
3_9_193_0,2011,Rural,3,India,9,Uttar Pradesh,193,Ballia,25.2,8.6,9,8.800000000000001
3_9_193_0,2011,Total,3,India,9,Uttar Pradesh,193,Ballia,24.1,8,8.5,8.300000000000001
3_9_193_0,2011,Urban,3,India,9,Uttar Pradesh,193,Ballia,16.2,3.3,4.9,4.100000000000001
3_9_194_0,2011,Rural,3,India,9,Uttar Pradesh,194,Jaunpur,23,8.300000000000001,8.9,8.6
3_9_194_0,2011,Total,3,India,9,Uttar Pradesh,194,Jaunpur,22.7,8.300000000000001,8.700000000000001,8.5
3_9_194_0,2011,Urban,3,India,9,Uttar Pradesh,194,Jaunpur,20.1,8.1,6.600000000000001,7.300000000000001
3_9_195_0,2011,Rural,3,India,9,Uttar Pradesh,195,Ghazipur,24.1,8.6,10.1,9.300000000000001
3_9_195_0,2011,Total,3,India,9,Uttar Pradesh,195,Ghazipur,24.1,8.800000000000001,10,9.4
3_9_195_0,2011,Urban,3,India,9,Uttar Pradesh,195,Ghazipur,23.6,11.5,9.200000000000001,10.3
3_9_196_0,2011,Rural,3,India,9,Uttar Pradesh,196,Chandauli,26.8,9.700000000000001,10.3,10
3_9_196_0,2011,Total,3,India,9,Uttar Pradesh,196,Chandauli,26.4,9.800000000000001,10.3,10.1
3_9_196_0,2011,Urban,3,India,9,Uttar Pradesh,196,Chandauli,22.2,10.5,10.3,10.4
3_9_197_0,2011,Rural,3,India,9,Uttar Pradesh,197,Varanasi,21.7,8.200000000000001,8.9,8.5
3_9_197_0,2011,Total,3,India,9,Uttar Pradesh,197,Varanasi,19.9,8,8.1,8.1
3_9_197_0,2011,Urban,3,India,9,Uttar Pradesh,197,Varanasi,17.6,7.800000000000001,7.100000000000001,7.4
3_9_198_0,2011,Rural,3,India,9,Uttar Pradesh,198,Sant Ravidas Nagar (Bhadohi),26.6,7.100000000000001,8.700000000000001,7.9
3_9_198_0,2011,Total,3,India,9,Uttar Pradesh,198,Sant Ravidas Nagar (Bhadohi),25.3,6.800000000000001,8.200000000000001,7.5
3_9_198_0,2011,Urban,3,India,9,Uttar Pradesh,198,Sant Ravidas Nagar (Bhadohi),17.1,4.600000000000001,5.600000000000001,5.100000000000001
3_9_199_0,2011,Rural,3,India,9,Uttar Pradesh,199,Mirzapur,23,7.5,9.5,8.5
3_9_199_0,2011,Total,3,India,9,Uttar Pradesh,199,Mirzapur,22.2,7.5,10,8.700000000000001
3_9_199_0,2011,Urban,3,India,9,Uttar Pradesh,199,Mirzapur,16.6,7.100000000000001,13.4,10.4
3_9_200_0,2011,Rural,3,India,9,Uttar Pradesh,200,Sonbhadra,31.1,9.700000000000001,10.3,10
3_9_200_0,2011,Total,3,India,9,Uttar Pradesh,200,Sonbhadra,28.7,8.9,9.5,9.200000000000001
3_9_200_0,2011,Urban,3,India,9,Uttar Pradesh,200,Sonbhadra,15.5,4.4,5.100000000000001,4.800000000000001
3_9_201_0,2011,Rural,3,India,9,Uttar Pradesh,201,Etah,29.3,7,8.6,7.800000000000001
3_9_201_0,2011,Total,3,India,9,Uttar Pradesh,201,Etah,28.4,7.100000000000001,8.5,7.800000000000001
3_9_201_0,2011,Urban,3,India,9,Uttar Pradesh,201,Etah,22.7,7.9,7.800000000000001,7.800000000000001
3_9_202_0,2011,Rural,3,India,9,Uttar Pradesh,202,Kanshiram Nagar,29.3,7,8.6,7.800000000000001
3_9_202_0,2011,Total,3,India,9,Uttar Pradesh,202,Kanshiram Nagar,28.4,7.100000000000001,8.5,7.800000000000001
3_9_202_0,2011,Urban,3,India,9,Uttar Pradesh,202,Kanshiram Nagar,22.7,7.9,7.800000000000001,7.800000000000001
