id,spatial_data_yr,geography,L0_code,L0_name,L1_code,L1_name,L2_code,L2_name,lrn_read1,lrn_math1,lrn_read2,lrn_math2
3_10_203_0,2011,Rural,3,India,10,Bihar,203,Pashchim Champaran,64.5,64.90000000000001,58.5,53.8
3_10_204_0,2011,Rural,3,India,10,Bihar,204,Purba Champaran,47.2,46.1,39,33.8
3_10_205_0,2011,Rural,3,India,10,Bihar,205,Sheohar,50.8,47.3,41.2,37.3
3_10_206_0,2011,Rural,3,India,10,Bihar,206,Sitamarhi,60,58.6,57.3,62
3_10_207_0,2011,Rural,3,India,10,Bihar,207,Madhubani,49.5,53.3,45.6,42
3_10_208_0,2011,Rural,3,India,10,Bihar,208,Supaul,61.90000000000001,67.8,59.1,59.8
3_10_209_0,2011,Rural,3,India,10,Bihar,209,Araria,62.1,67.7,45,42.6
3_10_210_0,2011,Rural,3,India,10,Bihar,210,Kishanganj,60,63.90000000000001,47.7,43
3_10_211_0,2011,Rural,3,India,10,Bihar,211,Purnia,58,60.40000000000001,41.1,33.7
3_10_212_0,2011,Rural,3,India,10,Bihar,212,Katihar,69.2,73.3,44.3,50.90000000000001
3_10_213_0,2011,Rural,3,India,10,Bihar,213,Madhepura,55,54.40000000000001,50,42.6
3_10_214_0,2011,Rural,3,India,10,Bihar,214,Saharsa,44.3,43.1,48.2,47.7
3_10_215_0,2011,Rural,3,India,10,Bihar,215,Darbhanga,53.8,55.6,47,40.7
3_10_216_0,2011,Rural,3,India,10,Bihar,216,Muzaffarpur,68.90000000000001,62.8,53.8,35.9
3_10_217_0,2011,Rural,3,India,10,Bihar,217,Gopalganj,71.5,71.7,71.90000000000001,67.40000000000001
3_10_218_0,2011,Rural,3,India,10,Bihar,218,Siwan,72.7,73.10000000000001,55.40000000000001,54.2
3_10_219_0,2011,Rural,3,India,10,Bihar,219,Saran,50.6,52.40000000000001,54.90000000000001,46.8
3_10_220_0,2011,Rural,3,India,10,Bihar,220,Vaishali,60.40000000000001,59,50.1,46.5
3_10_221_0,2011,Rural,3,India,10,Bihar,221,Samastipur,64.10000000000001,65.7,48.7,37.2
3_10_222_0,2011,Rural,3,India,10,Bihar,222,Begusarai,73.90000000000001,82.80000000000001,63.1,72.2
3_10_223_0,2011,Rural,3,India,10,Bihar,223,Khagaria,53.1,61.90000000000001,48.3,47.6
3_10_224_0,2011,Rural,3,India,10,Bihar,224,Bhagalpur,55.6,58.1,54.40000000000001,49.3
3_10_225_0,2011,Rural,3,India,10,Bihar,225,Banka,55.1,55.40000000000001,50.7,45.8
3_10_226_0,2011,Rural,3,India,10,Bihar,226,Munger,64.10000000000001,71.10000000000001,49.8,50.40000000000001
3_10_227_0,2011,Rural,3,India,10,Bihar,227,Lakhisarai,60.1,72.8,67.40000000000001,63
3_10_228_0,2011,Rural,3,India,10,Bihar,228,Sheikhpura,52.1,68.60000000000001,44.6,50
3_10_229_0,2011,Rural,3,India,10,Bihar,229,Nalanda,49.8,65.3,52.40000000000001,49.1
3_10_230_0,2011,Rural,3,India,10,Bihar,230,Patna,61.3,69.90000000000001,47.6,44.8
3_10_231_0,2011,Rural,3,India,10,Bihar,231,Bhojpur,84.30000000000001,83,70.2,72.60000000000001
3_10_232_0,2011,Rural,3,India,10,Bihar,232,Buxar,63.5,69.90000000000001,62.90000000000001,54.1
3_10_233_0,2011,Rural,3,India,10,Bihar,233,Kaimur (Bhabua),61.40000000000001,60.6,55,52.8
3_10_234_0,2011,Rural,3,India,10,Bihar,234,Rohtas,71.5,70.7,62.3,59.8
3_10_235_0,2011,Rural,3,India,10,Bihar,235,Aurangabad,57.8,62.3,51.5,42
3_10_236_0,2011,Rural,3,India,10,Bihar,236,Gaya,44.8,53.7,41.8,41.7
3_10_237_0,2011,Rural,3,India,10,Bihar,237,Nawada,63.90000000000001,66.2,59.7,56
3_10_238_0,2011,Rural,3,India,10,Bihar,238,Jamui,46.90000000000001,55.6,56.40000000000001,52.7
3_10_239_0,2011,Rural,3,India,10,Bihar,239,Jehanabad,52.7,69.10000000000001,55.7,49.5
3_10_240_0,2011,Rural,3,India,10,Bihar,240,Arwal,57.7,72.10000000000001,56.3,54.7
3_11_241_0,2011,Rural,3,India,11,Sikkim,241,North  District,96.40000000000001,98.60000000000001,70.7,80.10000000000001
3_11_242_0,2011,Rural,3,India,11,Sikkim,242,West District,95.7,98.30000000000001,71.10000000000001,68.2
3_11_243_0,2011,Rural,3,India,11,Sikkim,243,South District,96.7,95,79.5,71.90000000000001
3_11_244_0,2011,Rural,3,India,11,Sikkim,244,East District,100,100,78.40000000000001,76.40000000000001
3_12_245_1,2011,Rural,3,India,12,India/China  1,245,Tawang,90.90000000000001,88.5,62.8,59.90000000000001
3_12_246_1,2011,Rural,3,India,12,India/China  1,246,West Kameng,99,99.5,56.6,61.6
3_12_247_1,2011,Rural,3,India,12,India/China  1,247,East Kameng,91,92,54.5,67.3
3_12_248_1,2011,Rural,3,India,12,India/China  1,248,Papum Pare,86.7,85.30000000000001,75.5,78.40000000000001
3_12_248_0,2011,Rural,3,India,12,Arunachal Pradesh,248,Papum Pare,86.7,85.30000000000001,75.5,78.40000000000001
3_12_249_1,2011,Rural,3,India,12,India/China  1,249,Upper Subansiri,70.5,74,36.3,43.1
3_12_250_0,2011,Rural,3,India,12,Arunachal Pradesh,250,West Siang,81.90000000000001,90.40000000000001,56.1,51.3
3_12_250_1,2011,Rural,3,India,12,India/China  1,250,West Siang,81.90000000000001,90.40000000000001,56.1,51.3
3_12_251_1,2011,Rural,3,India,12,India/China  1,251,East Siang,96,98.30000000000001,79.30000000000001,72.2
3_12_251_0,2011,Rural,3,India,12,Arunachal Pradesh,251,East Siang,96,98.30000000000001,79.30000000000001,72.2
3_12_252_1,2011,Rural,3,India,12,India/China  1,252,Upper Siang,83.7,78.40000000000001,73.10000000000001,65.7
3_12_253_0,2011,Rural,3,India,12,Arunachal Pradesh,253,Changlang,83,85.90000000000001,57.40000000000001,52.2
3_12_254_0,2011,Rural,3,India,12,Arunachal Pradesh,254,Tirap,95.80000000000001,96.10000000000001,68.10000000000001,77.10000000000001
3_12_255_1,2011,Rural,3,India,12,India/China  1,255,Lower Subansiri,70.90000000000001,72.2,66.40000000000001,63.90000000000001
3_12_256_1,2011,Rural,3,India,12,India/China  1,256,Kurung Kumey,70.90000000000001,72.2,66.40000000000001,63.90000000000001
3_12_257_1,2011,Rural,3,India,12,India/China  1,257,Dibang Valley,98,98.80000000000001,91.40000000000001,84.10000000000001
3_12_258_1,2011,Rural,3,India,12,India/China  1,258,Lower Dibang Valley,98,98.80000000000001,91.40000000000001,84.10000000000001
3_12_258_0,2011,Rural,3,India,12,Arunachal Pradesh,258,Lower Dibang Valley,98,98.80000000000001,91.40000000000001,84.10000000000001
3_12_259_1,2011,Rural,3,India,12,India/China  1,259,Lohit,92.80000000000001,96,65.3,69.90000000000001
3_12_259_0,2011,Rural,3,India,12,Arunachal Pradesh,259,Lohit,92.80000000000001,96,65.3,69.90000000000001
3_12_260_1,2011,Rural,3,India,12,India/China  1,260,Anjaw,92.80000000000001,96,65.3,69.90000000000001
3_12_260_0,2011,Rural,3,India,12,Arunachal Pradesh,260,Anjaw,92.80000000000001,96,65.3,69.90000000000001
3_13_261_0,2011,Rural,3,India,13,Nagaland,261,Mon,88.7,94.5,62.8,58.6
3_13_262_0,2011,Rural,3,India,13,Nagaland,262,Mokokchung,100,100,93.80000000000001,94.7
3_13_263_0,2011,Rural,3,India,13,Nagaland,263,Zunheboto,98.10000000000001,99.5,57,61.1
3_13_264_0,2011,Rural,3,India,13,Nagaland,264,Wokha,99.80000000000001,99.5,84.2,80.60000000000001
3_13_265_0,2011,Rural,3,India,13,Nagaland,265,Dimapur,98,95.90000000000001,84.60000000000001,74.40000000000001
3_13_266_0,2011,Rural,3,India,13,Nagaland,266,Phek,99.10000000000001,99.5,55.90000000000001,60.6
3_13_267_0,2011,Rural,3,India,13,Nagaland,267,Tuensang,97.10000000000001,98.2,53.2,61
3_13_268_0,2011,Rural,3,India,13,Nagaland,268,Longleng,88.80000000000001,91.80000000000001,48.6,61.8
3_13_269_0,2011,Rural,3,India,13,Nagaland,269,Kiphire,100,100,96.10000000000001,92.10000000000001
3_13_270_0,2011,Rural,3,India,13,Nagaland,270,Kohima,95.80000000000001,96.80000000000001,79.90000000000001,71.2
3_13_271_0,2011,Rural,3,India,13,Nagaland,271,Peren,100,99.60000000000001,78.2,84.5
3_14_272_0,2011,Rural,3,India,14,Manipur,272,Senapati,96.2,96.90000000000001,81.10000000000001,71.90000000000001
3_14_273_0,2011,Rural,3,India,14,Manipur,273,Tamenglong,94.10000000000001,94.40000000000001,67.5,58.40000000000001
3_14_274_0,2011,Rural,3,India,14,Manipur,274,Churachandpur,100,97.7,94.7,88.2
3_14_275_0,2011,Rural,3,India,14,Manipur,275,Bishnupur,95.90000000000001,93.7,64.2,66.10000000000001
3_14_276_0,2011,Rural,3,India,14,Manipur,276,Thoubal,95.2,95.80000000000001,58.2,65.90000000000001
3_14_277_0,2011,Rural,3,India,14,Manipur,277,Imphal West,98.2,97.5,78.7,69
3_14_278_0,2011,Rural,3,India,14,Manipur,278,Imphal East,93.80000000000001,94.60000000000001,73.10000000000001,74.3
3_14_279_0,2011,Rural,3,India,14,Manipur,279,Ukhrul,99.5,97.90000000000001,87.80000000000001,68.60000000000001
3_14_280_0,2011,Rural,3,India,14,Manipur,280,Chandel,99.40000000000001,99.40000000000001,89.30000000000001,83.30000000000001
3_15_281_0,2011,Rural,3,India,15,Mizoram,281,Mamit,100,99.80000000000001,96.60000000000001,88.60000000000001
3_15_282_0,2011,Rural,3,India,15,Mizoram,282,Kolasib,92.10000000000001,91.2,64.8,65.40000000000001
3_15_283_0,2011,Rural,3,India,15,Mizoram,283,Aizawl,95.90000000000001,96.80000000000001,73.2,83.30000000000001
3_15_284_0,2011,Rural,3,India,15,Mizoram,284,Champhai,96.90000000000001,97.40000000000001,90.80000000000001,83.5
3_15_285_0,2011,Rural,3,India,15,Mizoram,285,Serchhip,95.2,94.30000000000001,87.10000000000001,82.40000000000001
3_15_286_0,2011,Rural,3,India,15,Mizoram,286,Lunglei,85.90000000000001,91.60000000000001,83.5,81.80000000000001
3_15_287_0,2011,Rural,3,India,15,Mizoram,287,Lawngtlai,100,100,93.40000000000001,93.60000000000001
3_15_288_0,2011,Rural,3,India,15,Mizoram,288,Saiha,99.2,99.2,82.40000000000001,86
3_16_289_0,2011,Rural,3,India,16,Tripura,289,West Tripura,89,92.7,83.90000000000001,85.5
3_16_290_0,2011,Rural,3,India,16,Tripura,290,South Tripura,96.5,97.40000000000001,68.8,57.8
3_16_291_0,2011,Rural,3,India,16,Tripura,291,Dhalai,82.60000000000001,86.10000000000001,49.2,48.6
3_16_292_0,2011,Rural,3,India,16,Tripura,292,North Tripura,84.2,92.40000000000001,58.90000000000001,51.7
3_17_293_0,2011,Rural,3,India,17,Meghalaya,293,West Garo Hills,66.40000000000001,78.7,32.1,15.1
3_17_294_0,2011,Rural,3,India,17,Meghalaya,294,East Garo Hills,91.30000000000001,85.80000000000001,50.90000000000001,40.3
3_17_295_0,2011,Rural,3,India,17,Meghalaya,295,South Garo Hills,95.80000000000001,95.80000000000001,40.40000000000001,36.3
3_17_296_0,2011,Rural,3,India,17,Meghalaya,296,West Khasi Hills,87.10000000000001,90.10000000000001,53.2,31.6
3_17_297_0,2011,Rural,3,India,17,Meghalaya,297,Ribhoi,96.90000000000001,96.40000000000001,87.80000000000001,59.2
3_17_298_0,2011,Rural,3,India,17,Meghalaya,298,East Khasi Hills,95.40000000000001,95.2,75.5,57
3_17_299_0,2011,Rural,3,India,17,Meghalaya,299,Jaintia Hills,98.80000000000001,96.90000000000001,80.30000000000001,69.3
3_18_300_0,2011,Rural,3,India,18,Assam,300,Kokrajhar,73.10000000000001,76.3,65.8,44.3
3_18_301_0,2011,Rural,3,India,18,Assam,301,Dhubri,48.3,51.6,34.7,24
3_18_302_0,2011,Rural,3,India,18,Assam,302,Goalpara,64.60000000000001,67.7,61.3,31.9
3_18_303_0,2011,Rural,3,India,18,Assam,303,Barpeta,80.90000000000001,86.40000000000001,66.90000000000001,48.40000000000001
3_18_304_0,2011,Rural,3,India,18,Assam,304,Morigaon,68.90000000000001,75,43.3,33.5
3_18_305_0,2011,Rural,3,India,18,Assam,305,Nagaon,63.5,70,40.6,20.1
3_18_306_0,2011,Rural,3,India,18,Assam,306,Sonitpur,84.7,80.90000000000001,37.6,20.9
3_18_307_0,2011,Rural,3,India,18,Assam,307,Lakhimpur,60.2,65.5,52.3,30.5
3_18_308_0,2011,Rural,3,India,18,Assam,308,Dhemaji,75.40000000000001,76.80000000000001,46.8,20.9
3_18_309_0,2011,Rural,3,India,18,Assam,309,Tinsukia,84.80000000000001,84.80000000000001,61.1,49.2
3_18_310_0,2011,Rural,3,India,18,Assam,310,Dibrugarh,74.40000000000001,78.2,63.1,41.5
3_18_311_0,2011,Rural,3,India,18,Assam,311,Sivasagar,64.2,71.5,59,44.1
3_18_312_0,2011,Rural,3,India,18,Assam,312,Jorhat,90.30000000000001,93.10000000000001,83,54.6
3_18_313_0,2011,Rural,3,India,18,Assam,313,Golaghat,75.8,80,63.2,37.2
3_18_314_0,2011,Rural,3,India,18,Assam,314,Karbi Anglong,85.5,86.60000000000001,42,46.5
3_18_315_0,2011,Rural,3,India,18,Assam,315,Dima Hasao,,,,
3_18_316_0,2011,Rural,3,India,18,Assam,316,Cachar,63.1,70.2,26.9,30.3
3_18_317_0,2011,Rural,3,India,18,Assam,317,Karimganj,84.2,86.40000000000001,33,31.3
3_18_318_0,2011,Rural,3,India,18,Assam,318,Hailakandi,57.8,58.8,31.4,27.9
3_18_319_0,2011,Rural,3,India,18,Assam,319,Bongaigaon,72.90000000000001,70.90000000000001,42.40000000000001,25.8
3_18_320_0,2011,Rural,3,India,18,Assam,320,Chirang,75.60000000000001,77.90000000000001,58.40000000000001,39.5
3_18_321_0,2011,Rural,3,India,18,Assam,321,Kamrup,78.60000000000001,81.10000000000001,58.90000000000001,43.7
3_18_322_0,2011,Rural,3,India,18,Assam,322,Kamrup Metropolitan,78.60000000000001,81.10000000000001,58.90000000000001,43.7
3_18_323_0,2011,Rural,3,India,18,Assam,323,Nalbari,88.30000000000001,84.2,56.1,32.9
3_18_324_0,2011,Rural,3,India,18,Assam,324,Baksa,82.60000000000001,83.90000000000001,60.6,41.7
3_18_325_0,2011,Rural,3,India,18,Assam,325,Darrang,87.80000000000001,84.7,69.90000000000001,51.90000000000001
3_18_326_0,2011,Rural,3,India,18,Assam,326,Udalguri,86.30000000000001,82.80000000000001,53.8,36.4
3_19_327_0,2011,Rural,3,India,19,West Bengal,327,Darjiling,95.90000000000001,96.80000000000001,63.40000000000001,63.7
3_19_328_0,2011,Rural,3,India,19,West Bengal,328,Jalpaiguri,73.60000000000001,80.2,39.90000000000001,34.8
3_19_329_0,2011,Rural,3,India,19,West Bengal,329,Koch Bihar,78,85.7,63.90000000000001,45.40000000000001
3_19_330_0,2011,Rural,3,India,19,West Bengal,330,Uttar Dinajpur,46.2,61.5,29.4,25.3
3_19_331_0,2011,Rural,3,India,19,West Bengal,331,Dakshin Dinajpur,74.10000000000001,78,54.6,41.2
3_19_332_0,2011,Rural,3,India,19,West Bengal,332,Maldah,85.10000000000001,83.90000000000001,64.40000000000001,58.40000000000001
3_19_333_0,2011,Rural,3,India,19,West Bengal,333,Murshidabad,87.2,86.60000000000001,46.3,43.5
3_19_334_0,2011,Rural,3,India,19,West Bengal,334,Birbhum,82.90000000000001,85.2,50.3,45.1
3_19_335_0,2011,Rural,3,India,19,West Bengal,335,Barddhaman,89.2,90.80000000000001,67.3,58.5
3_19_336_0,2011,Rural,3,India,19,West Bengal,336,Nadia,72.90000000000001,83.10000000000001,50.90000000000001,37.3
3_19_337_0,2011,Rural,3,India,19,West Bengal,337,North Twenty Four Parganas,92.5,95.80000000000001,72.3,63.1
3_19_338_0,2011,Rural,3,India,19,West Bengal,338,Hugli,95.60000000000001,95.60000000000001,71.40000000000001,64.5
3_19_339_0,2011,Rural,3,India,19,West Bengal,339,Bankura,90.10000000000001,92.5,64.40000000000001,60
3_19_340_0,2011,Rural,3,India,19,West Bengal,340,Puruliya,66.10000000000001,76.3,58.1,53.5
3_19_341_0,2011,Rural,3,India,19,West Bengal,341,Haora,81.10000000000001,82.7,66.3,56.6
3_19_342_0,2011,Rural,3,India,19,West Bengal,342,Kolkata,,,,
3_19_343_0,2011,Rural,3,India,19,West Bengal,343,South Twenty Four Parganas,89.60000000000001,94.40000000000001,76.2,59.6
3_19_344_0,2011,Rural,3,India,19,West Bengal,344,Paschim Medinipur,96.2,98.5,68.40000000000001,67.7
3_19_345_0,2011,Rural,3,India,19,West Bengal,345,Purba Medinipur,96.2,98.5,68.40000000000001,67.7
3_1_1_0,2011,Rural,3,India,1,Jammu and Kashmir,1,Kupwara,91.40000000000001,91.7,61,56.7
3_1_10_0,2011,Rural,3,India,1,Jammu and Kashmir,10,Srinagar,87.10000000000001,91,59.7,43.6
3_1_11_0,2011,Rural,3,India,1,Jammu and Kashmir,11,Ganderbal,87.10000000000001,91,59.7,43.6
3_1_12_0,2011,Rural,3,India,1,Jammu and Kashmir,12,Pulwama,94.10000000000001,95.7,69.2,58.40000000000001
3_1_13_0,2011,Rural,3,India,1,Jammu and Kashmir,13,Shupiyan,94.10000000000001,95.7,69.2,58.40000000000001
3_1_14_0,2011,Rural,3,India,1,Jammu and Kashmir,14,Anantnag,93,91.30000000000001,56.90000000000001,47.8
3_1_15_0,2011,Rural,3,India,1,Jammu and Kashmir,15,Kulgam,93,91.30000000000001,56.90000000000001,47.8
3_1_16_0,2011,Rural,3,India,1,Jammu and Kashmir,16,Doda,85.30000000000001,87.60000000000001,59.3,49.1
3_1_17_0,2011,Rural,3,India,1,Jammu and Kashmir,17,Ramban,85.30000000000001,87.60000000000001,59.3,49.1
3_1_18_0,2011,Rural,3,India,1,Jammu and Kashmir,18,Kishtwar,85.30000000000001,87.60000000000001,59.3,49.1
3_1_19_0,2011,Rural,3,India,1,Jammu and Kashmir,19,Udhampur,,,,
3_1_2_0,2011,Rural,3,India,1,Jammu and Kashmir,2,Badgam,94.5,92.40000000000001,58.3,58
3_1_20_0,2011,Rural,3,India,1,Jammu and Kashmir,20,Reasi,,,,
3_1_21_0,2011,Rural,3,India,1,Jammu and Kashmir,21,Jammu,87.90000000000001,91.40000000000001,68.3,63.90000000000001
3_1_22_0,2011,Rural,3,India,1,Jammu and Kashmir,22,Samba,88.40000000000001,92.30000000000001,62.3,62.40000000000001
3_1_3_0,2011,Rural,3,India,1,Jammu and Kashmir,3,Leh(Ladakh),95.40000000000001,92.10000000000001,80.30000000000001,69.3
3_1_3_1,2011,Rural,3,India,1,India/China  2,3,Leh(Ladakh),95.40000000000001,92.10000000000001,80.30000000000001,69.3
3_1_4_0,2011,Rural,3,India,1,Jammu and Kashmir,4,Kargil,98.30000000000001,97.80000000000001,76.60000000000001,71.3
3_1_5_0,2011,Rural,3,India,1,Jammu and Kashmir,5,Punch,91,89.10000000000001,47.90000000000001,42.8
3_1_6_0,2011,Rural,3,India,1,Jammu and Kashmir,6,Rajouri,90.30000000000001,92,62.7,52.5
3_1_7_0,2011,Rural,3,India,1,Jammu and Kashmir,7,Kathua,88.80000000000001,93.10000000000001,56.3,60.90000000000001
3_1_8_0,2011,Rural,3,India,1,Jammu and Kashmir,8,Baramula,92.10000000000001,93.90000000000001,53.3,44.5
3_1_9_0,2011,Rural,3,India,1,Jammu and Kashmir,9,Bandipore,92.10000000000001,93.90000000000001,53.3,44.5
3_20_346_0,2011,Rural,3,India,20,Jharkhand,346,Garhwa,46.2,41.5,42,35.1
3_20_347_0,2011,Rural,3,India,20,Jharkhand,347,Chatra,63.8,55.2,40.90000000000001,31.8
3_20_348_0,2011,Rural,3,India,20,Jharkhand,348,Kodarma,62.8,62.5,70,64.10000000000001
3_20_349_0,2011,Rural,3,India,20,Jharkhand,349,Giridih,59.7,60.7,55.6,53.6
3_20_350_0,2011,Rural,3,India,20,Jharkhand,350,Deoghar,40.6,59.7,38.6,25.6
3_20_351_0,2011,Rural,3,India,20,Jharkhand,351,Godda,50.7,50.5,42.1,43.8
3_20_352_0,2011,Rural,3,India,20,Jharkhand,352,Sahibganj,65.40000000000001,58.5,47.90000000000001,43.40000000000001
3_20_353_0,2011,Rural,3,India,20,Jharkhand,353,Pakur,75.8,74.60000000000001,48,46.5
3_20_354_0,2011,Rural,3,India,20,Jharkhand,354,Dhanbad,79.80000000000001,84.40000000000001,58.1,37.5
3_20_355_0,2011,Rural,3,India,20,Jharkhand,355,Bokaro,79.90000000000001,80.2,67.2,52.5
3_20_356_0,2011,Rural,3,India,20,Jharkhand,356,Lohardaga,83.30000000000001,79.80000000000001,57.90000000000001,36.6
3_20_357_0,2011,Rural,3,India,20,Jharkhand,357,Purbi Singhbhum,47,49.7,26.2,29.7
3_20_358_0,2011,Rural,3,India,20,Jharkhand,358,Palamu,60.8,56.8,37.5,40.1
3_20_359_0,2011,Rural,3,India,20,Jharkhand,359,Latehar,56.6,57.3,45.6,29.8
3_20_360_0,2011,Rural,3,India,20,Jharkhand,360,Hazaribagh,79.30000000000001,78.2,62.6,57.8
3_20_361_0,2011,Rural,3,India,20,Jharkhand,361,Ramgarh,79.30000000000001,78.2,62.6,57.8
3_20_362_0,2011,Rural,3,India,20,Jharkhand,362,Dumka,68.5,66.90000000000001,47.2,45
3_20_363_0,2011,Rural,3,India,20,Jharkhand,363,Jamtara,63.40000000000001,69.10000000000001,41.8,38.2
3_20_364_0,2011,Rural,3,India,20,Jharkhand,364,Ranchi,65.90000000000001,70.40000000000001,39.8,23.9
3_20_365_0,2011,Rural,3,India,20,Jharkhand,365,Khunti,66.2,75,58.2,44.40000000000001
3_20_366_0,2011,Rural,3,India,20,Jharkhand,366,Gumla,57.6,61.1,45.2,36.2
3_20_367_0,2011,Rural,3,India,20,Jharkhand,367,Simdega,52.7,59,52.90000000000001,31.6
3_20_368_0,2011,Rural,3,India,20,Jharkhand,368,Pashchimi Singhbhum,67.3,76.10000000000001,40.3,30.1
3_20_369_0,2011,Rural,3,India,20,Jharkhand,369,Saraikela-Kharsawan,81.10000000000001,73.10000000000001,65.10000000000001,32.2
3_21_370_0,2011,Rural,3,India,21,Odisha,370,Bargarh,77.10000000000001,78.10000000000001,63.40000000000001,55.40000000000001
3_21_371_0,2011,Rural,3,India,21,Odisha,371,Jharsuguda,80,75.40000000000001,57.7,30.6
3_21_372_0,2011,Rural,3,India,21,Odisha,372,Sambalpur,70,73.3,54.1,38.40000000000001
3_21_373_0,2011,Rural,3,India,21,Odisha,373,Debagarh,72.60000000000001,63.1,47.3,25.8
3_21_374_0,2011,Rural,3,India,21,Odisha,374,Sundargarh,85.30000000000001,82.10000000000001,58.2,42.8
3_21_375_0,2011,Rural,3,India,21,Odisha,375,Kendujhar,65.8,64.60000000000001,60.6,37.8
3_21_376_0,2011,Rural,3,India,21,Odisha,376,Mayurbhanj,55.3,52.6,52.90000000000001,38.6
3_21_377_0,2011,Rural,3,India,21,Odisha,377,Baleshwar,96.5,89.10000000000001,88.60000000000001,74
3_21_378_0,2011,Rural,3,India,21,Odisha,378,Bhadrak,87.60000000000001,85,74.60000000000001,60.7
3_21_379_0,2011,Rural,3,India,21,Odisha,379,Kendrapara,72.90000000000001,72.90000000000001,68.2,54.6
3_21_380_0,2011,Rural,3,India,21,Odisha,380,Jagatsinghapur,82,79.60000000000001,60,45.1
3_21_381_0,2011,Rural,3,India,21,Odisha,381,Cuttack,73.60000000000001,74.40000000000001,62.1,55.7
3_21_382_0,2011,Rural,3,India,21,Odisha,382,Jajapur,80.40000000000001,79.80000000000001,63,56.1
3_21_383_0,2011,Rural,3,India,21,Odisha,383,Dhenkanal,79.7,68.2,52,38.6
3_21_384_0,2011,Rural,3,India,21,Odisha,384,Anugul,87.7,88.30000000000001,58.3,46.40000000000001
3_21_385_0,2011,Rural,3,India,21,Odisha,385,Nayagarh,70,71.8,64.8,51.6
3_21_386_0,2011,Rural,3,India,21,Odisha,386,Khordha,88.80000000000001,82.90000000000001,75.60000000000001,58.2
3_21_387_0,2011,Rural,3,India,21,Odisha,387,Puri,88.2,83,82.40000000000001,70
3_21_388_0,2011,Rural,3,India,21,Odisha,388,Ganjam,55.3,57.90000000000001,54.1,45.90000000000001
3_21_389_0,2011,Rural,3,India,21,Odisha,389,Gajapati,53.1,49.7,52.90000000000001,39.40000000000001
3_21_390_0,2011,Rural,3,India,21,Odisha,390,Kandhamal,75,74.3,55.5,40.90000000000001
3_21_391_0,2011,Rural,3,India,21,Odisha,391,Baudh,72.7,70.60000000000001,41.3,33.5
3_21_392_0,2011,Rural,3,India,21,Odisha,392,Subarnapur,66.7,60.2,45.90000000000001,35.3
3_21_393_0,2011,Rural,3,India,21,Odisha,393,Balangir,45.40000000000001,50.40000000000001,44.1,15
3_21_394_0,2011,Rural,3,India,21,Odisha,394,Nuapada,33.5,31.9,32.3,16.2
3_21_395_0,2011,Rural,3,India,21,Odisha,395,Kalahandi,75.40000000000001,69.8,47.6,28.1
3_21_396_0,2011,Rural,3,India,21,Odisha,396,Rayagada,36.2,34.5,18.4,15.8
3_21_397_0,2011,Rural,3,India,21,Odisha,397,Nabarangapur,54.6,59.1,42.1,27.5
3_21_398_0,2011,Rural,3,India,21,Odisha,398,Koraput,41.40000000000001,42.1,25.2,12.6
3_21_399_0,2011,Rural,3,India,21,Odisha,399,Malkangiri,83.10000000000001,78.40000000000001,55.1,54.2
3_22_400_0,2011,Rural,3,India,22,Chhattisgarh,400,Koriya,59,52.5,42,26.9
3_22_401_0,2011,Rural,3,India,22,Chhattisgarh,401,Surguja,76.2,75.7,55.6,43.1
3_22_402_0,2011,Rural,3,India,22,Chhattisgarh,402,Jashpur,76.7,76.10000000000001,61.7,51.40000000000001
3_22_403_0,2011,Rural,3,India,22,Chhattisgarh,403,Raigarh,84.60000000000001,84.30000000000001,60.2,41.40000000000001
3_22_404_0,2011,Rural,3,India,22,Chhattisgarh,404,Korba,78.2,75,27.4,39.7
3_22_405_0,2011,Rural,3,India,22,Chhattisgarh,405,Janjgir - Champa,79.60000000000001,81.10000000000001,33.6,20.7
3_22_406_0,2011,Rural,3,India,22,Chhattisgarh,406,Bilaspur,69.60000000000001,64.90000000000001,47.3,35.1
3_22_407_0,2011,Rural,3,India,22,Chhattisgarh,407,Kabeerdham,76.80000000000001,78.10000000000001,38.90000000000001,38.40000000000001
3_22_408_0,2011,Rural,3,India,22,Chhattisgarh,408,Rajnandgaon,78.80000000000001,76.2,60.90000000000001,49
3_22_409_0,2011,Rural,3,India,22,Chhattisgarh,409,Durg,77.90000000000001,77.30000000000001,60,40.2
3_22_410_0,2011,Rural,3,India,22,Chhattisgarh,410,Raipur,75.40000000000001,79.2,42.7,34.6
3_22_411_0,2011,Rural,3,India,22,Chhattisgarh,411,Mahasamund,75.7,79.30000000000001,57.2,32.7
3_22_412_0,2011,Rural,3,India,22,Chhattisgarh,412,Dhamtari,78.60000000000001,84.2,73.5,48.40000000000001
3_22_413_0,2011,Rural,3,India,22,Chhattisgarh,413,Uttar Bastar Kanker,83.7,77.80000000000001,66.90000000000001,52
3_22_414_0,2011,Rural,3,India,22,Chhattisgarh,414,Bastar,71.90000000000001,67.2,62.40000000000001,48.7
3_22_415_0,2011,Rural,3,India,22,Chhattisgarh,415,Narayanpur,71.90000000000001,67.2,62.40000000000001,48.7
3_22_416_0,2011,Rural,3,India,22,Chhattisgarh,416,Dakshin Bastar Dantewada,,,,
3_22_417_0,2011,Rural,3,India,22,Chhattisgarh,417,Bijapur,,,,
3_23_418_0,2011,Rural,3,India,23,Madhya Pradesh,418,Sheopur,43.90000000000001,46.7,25.4,20.9
3_23_419_0,2011,Rural,3,India,23,Madhya Pradesh,419,Morena,47.2,53.90000000000001,33.3,28.6
3_23_420_0,2011,Rural,3,India,23,Madhya Pradesh,420,Bhind,50.5,49.7,31.4,26.3
3_23_421_0,2011,Rural,3,India,23,Madhya Pradesh,421,Gwalior,43.3,45.1,23.1,22.7
3_23_422_0,2011,Rural,3,India,23,Madhya Pradesh,422,Datia,56,53.3,30.8,24.4
3_23_423_0,2011,Rural,3,India,23,Madhya Pradesh,423,Shivpuri,40.40000000000001,43.40000000000001,21.5,17.8
3_23_424_0,2011,Rural,3,India,23,Madhya Pradesh,424,Tikamgarh,54.90000000000001,57,35,28.5
3_23_425_0,2011,Rural,3,India,23,Madhya Pradesh,425,Chhatarpur,63.7,64.40000000000001,37.4,30.1
3_23_426_0,2011,Rural,3,India,23,Madhya Pradesh,426,Panna,64.2,64.7,50,35.4
3_23_427_0,2011,Rural,3,India,23,Madhya Pradesh,427,Sagar,53.6,52.2,31,16.3
3_23_428_0,2011,Rural,3,India,23,Madhya Pradesh,428,Damoh,68.3,69.8,32.3,14.5
3_23_429_0,2011,Rural,3,India,23,Madhya Pradesh,429,Satna,73.90000000000001,68.8,42.8,30.2
3_23_430_0,2011,Rural,3,India,23,Madhya Pradesh,430,Rewa,76.80000000000001,72.40000000000001,51.3,37.2
3_23_431_0,2011,Rural,3,India,23,Madhya Pradesh,431,Umaria,70.8,65.40000000000001,34.6,24.7
3_23_432_0,2011,Rural,3,India,23,Madhya Pradesh,432,Neemuch,93,92.5,89.80000000000001,76.7
3_23_433_0,2011,Rural,3,India,23,Madhya Pradesh,433,Mandsaur,86,87.90000000000001,81.60000000000001,75.5
3_23_434_0,2011,Rural,3,India,23,Madhya Pradesh,434,Ratlam,56.90000000000001,55.3,44.1,17.9
3_23_435_0,2011,Rural,3,India,23,Madhya Pradesh,435,Ujjain,63.8,63.8,53.40000000000001,32.2
3_23_436_0,2011,Rural,3,India,23,Madhya Pradesh,436,Shajapur,66.7,63.8,47.6,31.7
3_23_437_0,2011,Rural,3,India,23,Madhya Pradesh,437,Dewas,78.90000000000001,69.5,73.2,52.3
3_23_438_0,2011,Rural,3,India,23,Madhya Pradesh,438,Dhar,72.10000000000001,61.7,38.7,37.8
3_23_439_0,2011,Rural,3,India,23,Madhya Pradesh,439,Indore,72.40000000000001,72.2,52.90000000000001,42.2
3_23_440_0,2011,Rural,3,India,23,Madhya Pradesh,440,Khargone (West Nimar),67.5,64.90000000000001,57.6,32.9
3_23_441_0,2011,Rural,3,India,23,Madhya Pradesh,441,Barwani,44.8,39.2,32.1,13.6
3_23_442_0,2011,Rural,3,India,23,Madhya Pradesh,442,Rajgarh,51.90000000000001,53.5,27.9,19.6
3_23_443_0,2011,Rural,3,India,23,Madhya Pradesh,443,Vidisha,67.3,69.7,38.8,20.1
3_23_444_0,2011,Rural,3,India,23,Madhya Pradesh,444,Bhopal,68.90000000000001,76.10000000000001,45.5,22.6
3_23_445_0,2011,Rural,3,India,23,Madhya Pradesh,445,Sehore,69.90000000000001,70.8,46.1,33.7
3_23_446_0,2011,Rural,3,India,23,Madhya Pradesh,446,Raisen,54.1,57.3,31.6,20.2
3_23_447_0,2011,Rural,3,India,23,Madhya Pradesh,447,Betul,61.90000000000001,61.2,47.90000000000001,33.2
3_23_448_0,2011,Rural,3,India,23,Madhya Pradesh,448,Harda,73.3,76.7,50,27.2
3_23_449_0,2011,Rural,3,India,23,Madhya Pradesh,449,Hoshangabad,67.10000000000001,72.7,29.5,15.5
3_23_450_0,2011,Rural,3,India,23,Madhya Pradesh,450,Katni,80.40000000000001,81.90000000000001,53.6,37.5
3_23_451_0,2011,Rural,3,India,23,Madhya Pradesh,451,Jabalpur,64.90000000000001,63.8,39,21.8
3_23_452_0,2011,Rural,3,India,23,Madhya Pradesh,452,Narsimhapur,78.2,63.6,54,29.9
3_23_453_0,2011,Rural,3,India,23,Madhya Pradesh,453,Dindori,65.60000000000001,59.6,30.5,12.1
3_23_454_0,2011,Rural,3,India,23,Madhya Pradesh,454,Mandla,45.7,39.6,28.4,16.4
3_23_455_0,2011,Rural,3,India,23,Madhya Pradesh,455,Chhindwara,63.3,67,30.5,27
3_23_456_0,2011,Rural,3,India,23,Madhya Pradesh,456,Seoni,71.2,71.8,61.8,35.8
3_23_457_0,2011,Rural,3,India,23,Madhya Pradesh,457,Balaghat,76.3,72.10000000000001,51.6,32.7
3_23_458_0,2011,Rural,3,India,23,Madhya Pradesh,458,Guna,73.3,75.5,50.8,33
3_23_459_0,2011,Rural,3,India,23,Madhya Pradesh,459,Ashoknagar,73.3,75.5,50.8,33
3_23_460_0,2011,Rural,3,India,23,Madhya Pradesh,460,Shahdol,68.5,59.40000000000001,39.3,24.3
3_23_461_0,2011,Rural,3,India,23,Madhya Pradesh,461,Anuppur,68.5,59.40000000000001,39.3,24.3
3_23_462_0,2011,Rural,3,India,23,Madhya Pradesh,462,Sidhi,75.2,67.2,57.3,24.6
3_23_463_0,2011,Rural,3,India,23,Madhya Pradesh,463,Singrauli,75.2,67.2,57.3,24.6
3_23_464_0,2011,Rural,3,India,23,Madhya Pradesh,464,Jhabua,59.1,62,33.4,25.1
3_23_465_0,2011,Rural,3,India,23,Madhya Pradesh,465,Alirajpur,59.1,62,33.4,25.1
3_23_466_0,2011,Rural,3,India,23,Madhya Pradesh,466,Khandwa (East Nimar),62.5,56.3,42.40000000000001,33.6
3_23_467_0,2011,Rural,3,India,23,Madhya Pradesh,467,Burhanpur,62.5,56.3,42.40000000000001,33.6
3_24_468_0,2011,Rural,3,India,24,Gujarat,468,Kachchh,81.2,82.30000000000001,72.2,60.2
3_24_469_0,2011,Rural,3,India,24,Gujarat,469,Banas Kantha,72.60000000000001,69.7,56.8,46.2
3_24_470_0,2011,Rural,3,India,24,Gujarat,470,Patan,69.8,70.40000000000001,63.5,32.5
3_24_471_0,2011,Rural,3,India,24,Gujarat,471,Mahesana,82.2,79,84.5,49.3
3_24_472_0,2011,Rural,3,India,24,Gujarat,472,Sabar Kantha,74.7,76.80000000000001,61.90000000000001,42.3
3_24_473_0,2011,Rural,3,India,24,Gujarat,473,Gandhinagar,91,80.60000000000001,61.3,46.90000000000001
3_24_474_0,2011,Rural,3,India,24,Gujarat,474,Ahmadabad,74.40000000000001,79.7,64.5,37.6
3_24_475_0,2011,Rural,3,India,24,Gujarat,475,Surendranagar,89.2,86.7,75.90000000000001,64.90000000000001
3_24_476_0,2011,Rural,3,India,24,Gujarat,476,Rajkot,86.10000000000001,84.30000000000001,49.5,29.6
3_24_477_0,2011,Rural,3,India,24,Gujarat,477,Jamnagar,93.80000000000001,93.2,67.3,63.1
3_24_478_0,2011,Rural,3,India,24,Gujarat,478,Porbandar,100,100,92.60000000000001,91.7
3_24_479_0,2011,Rural,3,India,24,Gujarat,479,Junagadh,76.90000000000001,74,67.40000000000001,41.90000000000001
3_24_480_0,2011,Rural,3,India,24,Gujarat,480,Amreli,81.5,83.90000000000001,72.5,54.90000000000001
3_24_481_0,2011,Rural,3,India,24,Gujarat,481,Bhavnagar,87.90000000000001,90.2,68.7,47.8
3_24_482_0,2011,Rural,3,India,24,Gujarat,482,Anand,75.2,73.8,57.90000000000001,36.4
3_24_483_0,2011,Rural,3,India,24,Gujarat,483,Kheda,86.30000000000001,83.90000000000001,57.40000000000001,33
3_24_484_0,2011,Rural,3,India,24,Gujarat,484,Panch Mahals,83.40000000000001,80.80000000000001,62.3,38.3
3_24_485_0,2011,Rural,3,India,24,Gujarat,485,Dohad,68.40000000000001,67.2,30.6,15.4
3_24_486_0,2011,Rural,3,India,24,Gujarat,486,Vadodara,86.80000000000001,81.30000000000001,74.90000000000001,45.1
3_24_487_0,2011,Rural,3,India,24,Gujarat,487,Narmada,97.60000000000001,96.80000000000001,67.5,36.3
3_24_488_0,2011,Rural,3,India,24,Gujarat,488,Bharuch,60,63.7,51.1,25.9
3_24_489_0,2011,Rural,3,India,24,Gujarat,489,The Dangs,79.7,82.90000000000001,49.1,32.1
3_24_490_0,2011,Rural,3,India,24,Gujarat,490,Navsari,88.10000000000001,87.60000000000001,71.7,58
3_24_491_0,2011,Rural,3,India,24,Gujarat,491,Valsad,87.30000000000001,85.2,71.40000000000001,51.5
3_24_492_0,2011,Rural,3,India,24,Gujarat,492,Surat,70.7,75.7,68.7,29.6
3_24_493_0,2011,Rural,3,India,24,Gujarat,493,Tapi,34.6,55.6,36.2,14.4
3_25_494_0,2011,Rural,3,India,25,Daman & Diu,494,Diu,66.8,69.7,65,44.8
3_25_495_0,2011,Rural,3,India,25,Daman & Diu,495,Daman,98,94.5,57.5,40.8
3_26_496_0,2011,Rural,3,India,26,Dadra & Nagar Haveli,496,Dadra & Nagar Haveli,67.5,66.3,55.8,15.8
3_27_497_0,2011,Rural,3,India,27,Maharashtra,497,Nandurbar,91.5,94.40000000000001,83.10000000000001,72.40000000000001
3_27_498_0,2011,Rural,3,India,27,Maharashtra,498,Dhule,94.2,93.10000000000001,79.10000000000001,36
3_27_499_0,2011,Rural,3,India,27,Maharashtra,499,Jalgaon,88.7,91.7,63.8,27.6
3_27_500_0,2011,Rural,3,India,27,Maharashtra,500,Buldana,90.80000000000001,92.60000000000001,74.90000000000001,59
3_27_501_0,2011,Rural,3,India,27,Maharashtra,501,Akola,89.40000000000001,88.60000000000001,67.8,32.7
3_27_502_0,2011,Rural,3,India,27,Maharashtra,502,Washim,81.80000000000001,81.80000000000001,60.2,28
3_27_503_0,2011,Rural,3,India,27,Maharashtra,503,Amravati,91,92.30000000000001,70,40.8
3_27_504_0,2011,Rural,3,India,27,Maharashtra,504,Wardha,83.80000000000001,81,72,43.1
3_27_505_0,2011,Rural,3,India,27,Maharashtra,505,Nagpur,96.30000000000001,97.10000000000001,74.2,45.5
3_27_506_0,2011,Rural,3,India,27,Maharashtra,506,Bhandara,90.90000000000001,87.60000000000001,81.30000000000001,54.7
3_27_507_0,2011,Rural,3,India,27,Maharashtra,507,Gondiya,87.30000000000001,85.2,67.2,21.2
3_27_508_0,2011,Rural,3,India,27,Maharashtra,508,Gadchiroli,76.80000000000001,79.80000000000001,62.6,38.8
3_27_509_0,2011,Rural,3,India,27,Maharashtra,509,Chandrapur,93.60000000000001,91.5,80.2,59.8
3_27_510_0,2011,Rural,3,India,27,Maharashtra,510,Yavatmal,78.2,79.2,56.8,34.4
3_27_511_0,2011,Rural,3,India,27,Maharashtra,511,Nanded,77.7,85.90000000000001,67.10000000000001,32.6
3_27_512_0,2011,Rural,3,India,27,Maharashtra,512,Hingoli,77.10000000000001,81.7,68.90000000000001,26
3_27_513_0,2011,Rural,3,India,27,Maharashtra,513,Parbhani,91.80000000000001,89.5,82.10000000000001,61.3
3_27_514_0,2011,Rural,3,India,27,Maharashtra,514,Jalna,87.2,92.5,63,49.40000000000001
3_27_515_0,2011,Rural,3,India,27,Maharashtra,515,Aurangabad,97.60000000000001,97.5,81,69.10000000000001
3_27_516_0,2011,Rural,3,India,27,Maharashtra,516,Nashik,97.2,97.80000000000001,89.30000000000001,59.2
3_27_517_0,2011,Rural,3,India,27,Maharashtra,517,Thane,88.10000000000001,87.30000000000001,70,50.2
3_27_518_0,2011,Rural,3,India,27,Maharashtra,518,Mumbai Suburban,,,,
3_27_519_0,2011,Rural,3,India,27,Maharashtra,519,Mumbai,,,,
3_27_520_0,2011,Rural,3,India,27,Maharashtra,520,Raigarh,89.30000000000001,88,78.80000000000001,61.5
3_27_521_0,2011,Rural,3,India,27,Maharashtra,521,Pune,94.80000000000001,97.10000000000001,87.5,77.2
3_27_522_0,2011,Rural,3,India,27,Maharashtra,522,Ahmadnagar,98.7,93.30000000000001,91.2,71.3
3_27_523_0,2011,Rural,3,India,27,Maharashtra,523,Bid,97.10000000000001,98.2,92.2,85.80000000000001
3_27_524_0,2011,Rural,3,India,27,Maharashtra,524,Latur,92.2,90.90000000000001,77.90000000000001,50.3
3_27_525_0,2011,Rural,3,India,27,Maharashtra,525,Osmanabad,93.60000000000001,90.7,67.90000000000001,41.90000000000001
3_27_526_0,2011,Rural,3,India,27,Maharashtra,526,Solapur,80.7,81.40000000000001,73.10000000000001,60.5
3_27_527_0,2011,Rural,3,India,27,Maharashtra,527,Satara,95.7,96.30000000000001,80.5,59.40000000000001
3_27_528_0,2011,Rural,3,India,27,Maharashtra,528,Ratnagiri,96.90000000000001,95.30000000000001,95.5,89.2
3_27_529_0,2011,Rural,3,India,27,Maharashtra,529,Sindhudurg,94.5,91.10000000000001,90.80000000000001,75.8
3_27_530_0,2011,Rural,3,India,27,Maharashtra,530,Kolhapur,98.7,96.7,86.90000000000001,72.10000000000001
3_27_531_0,2011,Rural,3,India,27,Maharashtra,531,Sangli,79,85.5,81.2,41.2
3_28_532_0,2011,Rural,3,India,28,Andhra Pradesh,532,Adilabad,84.2,86.2,54,43.90000000000001
3_28_533_0,2011,Rural,3,India,28,Andhra Pradesh,533,Nizamabad,84.40000000000001,87.80000000000001,68.10000000000001,56.40000000000001
3_28_534_0,2011,Rural,3,India,28,Andhra Pradesh,534,Karimnagar,88.10000000000001,88.10000000000001,68.90000000000001,47
3_28_535_0,2011,Rural,3,India,28,Andhra Pradesh,535,Medak,65.7,74.2,55.40000000000001,45
3_28_536_0,2011,Rural,3,India,28,Andhra Pradesh,536,Hyderabad,,,,
3_28_537_0,2011,Rural,3,India,28,Andhra Pradesh,537,Rangareddy,81.7,86.5,55.3,56.3
3_28_538_0,2011,Rural,3,India,28,Andhra Pradesh,538,Mahbubnagar,87.5,88.60000000000001,69.10000000000001,63.3
3_28_539_0,2011,Rural,3,India,28,Andhra Pradesh,539,Nalgonda,82.80000000000001,84.2,56.5,48.7
3_28_540_0,2011,Rural,3,India,28,Andhra Pradesh,540,Warangal,91.80000000000001,93.90000000000001,62.2,64.3
3_28_541_0,2011,Rural,3,India,28,Andhra Pradesh,541,Khammam,84.80000000000001,84.60000000000001,75.8,63
3_28_542_0,2011,Rural,3,India,28,Andhra Pradesh,542,Srikakulam,90.2,87.30000000000001,82.90000000000001,74.2
3_28_543_0,2011,Rural,3,India,28,Andhra Pradesh,543,Vizianagaram,85.7,88.60000000000001,79.5,81.40000000000001
3_28_544_0,2011,Rural,3,India,28,Andhra Pradesh,544,Visakhapatnam,87.7,92.40000000000001,74.3,69.10000000000001
3_28_545_0,2011,Rural,3,India,28,Andhra Pradesh,545,East Godavari,91.60000000000001,95.2,79.10000000000001,71.60000000000001
3_28_546_0,2011,Rural,3,India,28,Andhra Pradesh,546,West Godavari,82.40000000000001,86.7,79.60000000000001,69.2
3_28_547_0,2011,Rural,3,India,28,Andhra Pradesh,547,Krishna,93.80000000000001,92.5,75,61.5
3_28_548_0,2011,Rural,3,India,28,Andhra Pradesh,548,Guntur,92.80000000000001,92.7,84.40000000000001,71.40000000000001
3_28_549_0,2011,Rural,3,India,28,Andhra Pradesh,549,Prakasam,82.60000000000001,85.60000000000001,71.60000000000001,71.2
3_28_550_0,2011,Rural,3,India,28,Andhra Pradesh,550,Sri Potti Sriramulu Nellore,94.10000000000001,95.90000000000001,76.90000000000001,72.8
3_28_551_0,2011,Rural,3,India,28,Andhra Pradesh,551,Y.S.R.,92.40000000000001,93.60000000000001,77.30000000000001,80.80000000000001
3_28_552_0,2011,Rural,3,India,28,Andhra Pradesh,552,Kurnool,84.7,87.40000000000001,66.90000000000001,64.7
3_28_553_0,2011,Rural,3,India,28,Andhra Pradesh,553,Anantapur,87.30000000000001,87.90000000000001,66.5,62.8
3_28_554_0,2011,Rural,3,India,28,Andhra Pradesh,554,Chittoor,85,93.90000000000001,63.2,60.8
3_29_555_0,2011,Rural,3,India,29,Karnataka,555,Belgaum,85.2,85.7,46.8,35.5
3_29_556_0,2011,Rural,3,India,29,Karnataka,556,Bagalkot,81.40000000000001,85.80000000000001,59.1,50.90000000000001
3_29_557_0,2011,Rural,3,India,29,Karnataka,557,Bijapur,83.2,81.60000000000001,53.5,38.2
3_29_558_0,2011,Rural,3,India,29,Karnataka,558,Bidar,84.30000000000001,86.10000000000001,45.8,38.6
3_29_559_0,2011,Rural,3,India,29,Karnataka,559,Raichur,75.3,76.60000000000001,51.7,41.8
3_29_560_0,2011,Rural,3,India,29,Karnataka,560,Koppal,90.30000000000001,85.80000000000001,53.40000000000001,38.3
3_29_561_0,2011,Rural,3,India,29,Karnataka,561,Gadag,80.30000000000001,84.90000000000001,51.8,40.7
3_29_562_0,2011,Rural,3,India,29,Karnataka,562,Dharwad,76.10000000000001,84.30000000000001,54.1,24.7
3_29_563_0,2011,Rural,3,India,29,Karnataka,563,Uttara Kannada,96.60000000000001,95.5,89.80000000000001,88.40000000000001
3_29_564_0,2011,Rural,3,India,29,Karnataka,564,Haveri,82.40000000000001,80.5,48.8,34.7
3_29_565_0,2011,Rural,3,India,29,Karnataka,565,Bellary,75.5,79.90000000000001,38.1,35.4
3_29_566_0,2011,Rural,3,India,29,Karnataka,566,Chitradurga,88,87.90000000000001,65.2,42.1
3_29_567_0,2011,Rural,3,India,29,Karnataka,567,Davanagere,73,75,54.1,45.90000000000001
3_29_568_0,2011,Rural,3,India,29,Karnataka,568,Shimoga,95,95,74.40000000000001,42.2
3_29_569_0,2011,Rural,3,India,29,Karnataka,569,Udupi,97,97,91.40000000000001,71
3_29_570_0,2011,Rural,3,India,29,Karnataka,570,Chikmagalur,95,93.30000000000001,76.3,62.6
3_29_571_0,2011,Rural,3,India,29,Karnataka,571,Tumkur,90.40000000000001,90.40000000000001,53.40000000000001,46.6
3_29_572_0,2011,Rural,3,India,29,Karnataka,572,Bangalore,92.60000000000001,94.60000000000001,75.60000000000001,55.8
3_29_573_0,2011,Rural,3,India,29,Karnataka,573,Mandya,91.7,87.30000000000001,64.2,50.6
3_29_574_0,2011,Rural,3,India,29,Karnataka,574,Hassan,94.80000000000001,94.80000000000001,80.30000000000001,73
3_29_575_0,2011,Rural,3,India,29,Karnataka,575,Dakshina Kannada,95,93.30000000000001,80.5,61.5
3_29_576_0,2011,Rural,3,India,29,Karnataka,576,Kodagu,92.10000000000001,89.30000000000001,74.8,64
3_29_577_0,2011,Rural,3,India,29,Karnataka,577,Mysore,73.90000000000001,83.10000000000001,37.1,26.7
3_29_578_0,2011,Rural,3,India,29,Karnataka,578,Chamarajanagar,84.7,84.7,65.90000000000001,42.2
3_29_579_0,2011,Rural,3,India,29,Karnataka,579,Gulbarga,64.90000000000001,64.90000000000001,41.3,21
3_29_580_0,2011,Rural,3,India,29,Karnataka,580,Yadgir,64.90000000000001,64.90000000000001,41.3,21
3_29_581_0,2011,Rural,3,India,29,Karnataka,581,Kolar,97.7,97,77.60000000000001,76.80000000000001
3_29_582_0,2011,Rural,3,India,29,Karnataka,582,Chikkaballapura,97.7,97,77.60000000000001,76.80000000000001
3_29_583_0,2011,Rural,3,India,29,Karnataka,583,Bangalore Rural,92.90000000000001,93.80000000000001,62.6,62
3_29_584_0,2011,Rural,3,India,29,Karnataka,584,Ramanagara,92.90000000000001,93.80000000000001,62.6,62
3_2_23_0,2011,Rural,3,India,2,Himachal Pradesh,23,Chamba,88.80000000000001,90.30000000000001,77.7,71.7
3_2_24_0,2011,Rural,3,India,2,Himachal Pradesh,24,Kangra,91.80000000000001,97.5,82.80000000000001,80.80000000000001
3_2_25_0,2011,Rural,3,India,2,Himachal Pradesh,25,Lahul & Spiti,97.90000000000001,95.90000000000001,90,81.7
3_2_26_0,2011,Rural,3,India,2,Himachal Pradesh,26,Kullu,91.30000000000001,94.7,79.60000000000001,65.3
3_2_27_0,2011,Rural,3,India,2,Himachal Pradesh,27,Mandi,93.80000000000001,96.10000000000001,78.60000000000001,66.7
3_2_28_0,2011,Rural,3,India,2,Himachal Pradesh,28,Hamirpur,95.40000000000001,96.7,88.2,88.2
3_2_29_0,2011,Rural,3,India,2,Himachal Pradesh,29,Una,94.80000000000001,96.10000000000001,77.10000000000001,70.2
3_2_30_0,2011,Rural,3,India,2,Himachal Pradesh,30,Bilaspur,97,98,84.5,76.7
3_2_31_0,2011,Rural,3,India,2,Himachal Pradesh,31,Solan,92.7,94.30000000000001,90.10000000000001,80.10000000000001
3_2_32_0,2011,Rural,3,India,2,Himachal Pradesh,32,Sirmaur,83.10000000000001,89.80000000000001,78.5,65.5
3_2_33_0,2011,Rural,3,India,2,Himachal Pradesh,33,Shimla,96.30000000000001,98.10000000000001,86.60000000000001,86.10000000000001
3_2_34_0,2011,Rural,3,India,2,Himachal Pradesh,34,Kinnaur,95.40000000000001,97.10000000000001,86.30000000000001,71.60000000000001
3_30_585_0,2011,Rural,3,India,30,Goa,585,North Goa,95.80000000000001,99.2,77.7,69.7
3_30_586_0,2011,Rural,3,India,30,Goa,586,South Goa,97.7,99.2,75.10000000000001,68.3
3_31_587_0,2011,Rural,3,India,31,Lakshadweep,587,Lakshadweep,,,,
3_32_588_0,2011,Rural,3,India,32,Kerala,588,Kasaragod,96.40000000000001,97.80000000000001,89.60000000000001,64.40000000000001
3_32_589_0,2011,Rural,3,India,32,Kerala,589,Kannur,96.60000000000001,96.60000000000001,87.90000000000001,73
3_32_590_0,2011,Rural,3,India,32,Kerala,590,Wayanad,95.90000000000001,95.80000000000001,78.30000000000001,58.7
3_32_591_0,2011,Rural,3,India,32,Kerala,591,Kozhikode,98.80000000000001,94.10000000000001,90,61.5
3_32_592_0,2011,Rural,3,India,32,Kerala,592,Malappuram,98.5,97,79.80000000000001,60.40000000000001
3_32_593_0,2011,Rural,3,India,32,Kerala,593,Palakkad,89,89.80000000000001,77.30000000000001,58
3_32_594_0,2011,Rural,3,India,32,Kerala,594,Thrissur,91.30000000000001,95.5,89.90000000000001,70.10000000000001
3_32_595_0,2011,Rural,3,India,32,Kerala,595,Ernakulam,98.2,99.10000000000001,87.80000000000001,78.10000000000001
3_32_596_0,2011,Rural,3,India,32,Kerala,596,Idukki,100,98,74.60000000000001,63.40000000000001
3_32_597_0,2011,Rural,3,India,32,Kerala,597,Kottayam,98.2,96.2,80.60000000000001,61
3_32_598_0,2011,Rural,3,India,32,Kerala,598,Alappuzha,98.60000000000001,97.10000000000001,81.60000000000001,73.8
3_32_599_0,2011,Rural,3,India,32,Kerala,599,Pathanamthitta,100,100,78.60000000000001,80.60000000000001
3_32_600_0,2011,Rural,3,India,32,Kerala,600,Kollam,98.30000000000001,99.2,79.5,67.2
3_32_601_0,2011,Rural,3,India,32,Kerala,601,Thiruvananthapuram,99.10000000000001,100,80.5,74.3
3_33_602_0,2011,Rural,3,India,33,Tamil Nadu,602,Thiruvallur,68.40000000000001,80.5,34.9,32.8
3_33_603_0,2011,Rural,3,India,33,Tamil Nadu,603,Chennai,,,,
3_33_604_0,2011,Rural,3,India,33,Tamil Nadu,604,Kancheepuram,64.8,79.10000000000001,53.90000000000001,39.7
3_33_605_0,2011,Rural,3,India,33,Tamil Nadu,605,Vellore,61.90000000000001,65.90000000000001,49.1,47.8
3_33_606_0,2011,Rural,3,India,33,Tamil Nadu,606,Tiruvannamalai,50,58.5,26.6,21.5
3_33_607_0,2011,Rural,3,India,33,Tamil Nadu,607,Viluppuram,61,75.8,46.7,32.6
3_33_608_0,2011,Rural,3,India,33,Tamil Nadu,608,Salem,49.6,46.6,22.8,23.5
3_33_609_0,2011,Rural,3,India,33,Tamil Nadu,609,Namakkal,68.40000000000001,77.30000000000001,54.3,47.2
3_33_610_0,2011,Rural,3,India,33,Tamil Nadu,610,Erode,68.5,82.2,50.8,47.6
3_33_611_0,2011,Rural,3,India,33,Tamil Nadu,611,The Nilgiris,43.40000000000001,53.5,40,48
3_33_612_0,2011,Rural,3,India,33,Tamil Nadu,612,Dindigul,66.3,75,54.1,45
3_33_613_0,2011,Rural,3,India,33,Tamil Nadu,613,Karur,57.3,68.5,48.1,30.4
3_33_614_0,2011,Rural,3,India,33,Tamil Nadu,614,Tiruchirappalli,66.90000000000001,76.7,42.3,30.9
3_33_615_0,2011,Rural,3,India,33,Tamil Nadu,615,Perambalur,76.10000000000001,79.60000000000001,45.7,44.1
3_33_616_0,2011,Rural,3,India,33,Tamil Nadu,616,Ariyalur,74,73.5,49.7,41.3
3_33_617_0,2011,Rural,3,India,33,Tamil Nadu,617,Cuddalore,58.1,67.40000000000001,34.7,25.6
3_33_618_0,2011,Rural,3,India,33,Tamil Nadu,618,Nagapattinam,42.2,52.90000000000001,53.7,22
3_33_619_0,2011,Rural,3,India,33,Tamil Nadu,619,Thiruvarur,61.5,75.90000000000001,47,22.9
3_33_620_0,2011,Rural,3,India,33,Tamil Nadu,620,Thanjavur,65.7,62.6,60,52
3_33_621_0,2011,Rural,3,India,33,Tamil Nadu,621,Pudukkottai,41.2,40.8,45.8,32.6
3_33_622_0,2011,Rural,3,India,33,Tamil Nadu,622,Sivaganga,67.2,73,48.40000000000001,37.1
3_33_623_0,2011,Rural,3,India,33,Tamil Nadu,623,Madurai,64.5,64.8,44.2,40.5
3_33_624_0,2011,Rural,3,India,33,Tamil Nadu,624,Theni,75.2,77.7,48,51
3_33_625_0,2011,Rural,3,India,33,Tamil Nadu,625,Virudhunagar,75.90000000000001,83.10000000000001,77.7,69.10000000000001
3_33_626_0,2011,Rural,3,India,33,Tamil Nadu,626,Ramanathapuram,76.90000000000001,82.40000000000001,79.40000000000001,69.3
3_33_627_0,2011,Rural,3,India,33,Tamil Nadu,627,Thoothukkudi,56.2,66.3,55.1,53.7
3_33_628_0,2011,Rural,3,India,33,Tamil Nadu,628,Tirunelveli,65.90000000000001,65.10000000000001,66.8,54.2
3_33_629_0,2011,Rural,3,India,33,Tamil Nadu,629,Kanniyakumari,88.40000000000001,86.40000000000001,66.2,66.2
3_33_630_0,2011,Rural,3,India,33,Tamil Nadu,630,Dharmapuri,70.10000000000001,73.7,51.7,48.5
3_33_631_0,2011,Rural,3,India,33,Tamil Nadu,631,Krishnagiri,70.10000000000001,73.7,51.7,48.5
3_33_632_0,2011,Rural,3,India,33,Tamil Nadu,632,Coimbatore,65.7,74.3,57.8,43.5
3_33_633_0,2011,Rural,3,India,33,Tamil Nadu,633,Tiruppur,67.10000000000001,78.30000000000001,54.3,45.5
3_34_634_0,2011,Rural,3,India,34,Puducherry,634,Yanam,,,,
3_34_635_0,2011,Rural,3,India,34,Puducherry,635,Puducherry,76.10000000000001,87,54.6,51.40000000000001
3_34_636_0,2011,Rural,3,India,34,Puducherry,636,Mahe,,,,
3_34_637_0,2011,Rural,3,India,34,Puducherry,637,Karaikal,62.7,71.2,40.6,39.40000000000001
3_35_638_0,2011,Rural,3,India,35,Andaman & Nicobar Islands,638,Nicobars,,,,
3_35_639_0,2011,Rural,3,India,35,Andaman & Nicobar Islands,639,North  & Middle Andaman,,,,
3_35_640_0,2011,Rural,3,India,35,Andaman & Nicobar Islands,640,South Andaman,,,,
3_3_35_0,2011,Rural,3,India,3,Punjab,35,Gurdaspur,89.60000000000001,95.5,78.5,83.90000000000001
3_3_36_0,2011,Rural,3,India,3,Punjab,36,Kapurthala,91.2,93.10000000000001,71.60000000000001,56.90000000000001
3_3_37_0,2011,Rural,3,India,3,Punjab,37,Jalandhar,93.10000000000001,96.2,83,81.5
3_3_38_0,2011,Rural,3,India,3,Punjab,38,Hoshiarpur,80.60000000000001,83.90000000000001,77.90000000000001,84.10000000000001
3_3_39_0,2011,Rural,3,India,3,Punjab,39,Shahid Bhagat Singh Nagar,88.30000000000001,90.10000000000001,86.2,85.90000000000001
3_3_40_0,2011,Rural,3,India,3,Punjab,40,Fatehgarh Sahib,86,92,72.90000000000001,58.2
3_3_41_0,2011,Rural,3,India,3,Punjab,41,Ludhiana,84.7,95.80000000000001,74.40000000000001,73.3
3_3_42_0,2011,Rural,3,India,3,Punjab,42,Moga,98,98,77,74
3_3_43_0,2011,Rural,3,India,3,Punjab,43,Firozpur,85.40000000000001,89.60000000000001,63.5,56.5
3_3_44_0,2011,Rural,3,India,3,Punjab,44,Muktsar,90.30000000000001,91.7,80.2,77
3_3_45_0,2011,Rural,3,India,3,Punjab,45,Faridkot,89.7,91.90000000000001,78.40000000000001,72.2
3_3_46_0,2011,Rural,3,India,3,Punjab,46,Bathinda,91.60000000000001,94.7,79.7,76.3
3_3_47_0,2011,Rural,3,India,3,Punjab,47,Mansa,90.5,87.80000000000001,77.90000000000001,81
3_3_48_0,2011,Rural,3,India,3,Punjab,48,Patiala,84.40000000000001,85.7,73,70.40000000000001
3_3_49_0,2011,Rural,3,India,3,Punjab,49,Amritsar,80.60000000000001,82.5,64.10000000000001,55.7
3_3_50_0,2011,Rural,3,India,3,Punjab,50,Tarn Taran,91.7,91,69.5,70.10000000000001
3_3_51_0,2011,Rural,3,India,3,Punjab,51,Rupnagar,83.10000000000001,86.40000000000001,75.90000000000001,78.7
3_3_52_0,2011,Rural,3,India,3,Punjab,52,Sahibzada Ajit Singh Nagar,85.90000000000001,93,75.3,78.5
3_3_53_0,2011,Rural,3,India,3,Punjab,53,Sangrur,87,90.5,74.10000000000001,73.2
3_3_54_0,2011,Rural,3,India,3,Punjab,54,Barnala,87,90.5,74.10000000000001,73.2
3_4_55_0,2011,Rural,3,India,4,Chandigarh,55,Chandigarh,,,,
3_5_56_0,2011,Rural,3,India,5,Uttarakhand,56,Uttarkashi,88.60000000000001,88.10000000000001,66.3,53.90000000000001
3_5_57_0,2011,Rural,3,India,5,Uttarakhand,57,Chamoli,87.60000000000001,81,79.90000000000001,62.7
3_5_58_0,2011,Rural,3,India,5,Uttarakhand,58,Rudraprayag,78,78.90000000000001,68.8,59.2
3_5_59_0,2011,Rural,3,India,5,Uttarakhand,59,Tehri Garhwal,75.90000000000001,78,64.90000000000001,52.8
3_5_60_0,2011,Rural,3,India,5,Uttarakhand,60,Dehradun,93,91.5,74.90000000000001,63.90000000000001
3_5_61_0,2011,Rural,3,India,5,Uttarakhand,61,Garhwal,74.40000000000001,71.60000000000001,68.3,45.1
3_5_62_0,2011,Rural,3,India,5,Uttarakhand,62,Pithoragarh,90.60000000000001,87.40000000000001,82,58.6
3_5_63_0,2011,Rural,3,India,5,Uttarakhand,63,Bageshwar,86.2,81,73.60000000000001,62.3
3_5_64_0,2011,Rural,3,India,5,Uttarakhand,64,Almora,75.90000000000001,78.7,72.60000000000001,54.3
3_5_65_0,2011,Rural,3,India,5,Uttarakhand,65,Champawat,86.10000000000001,83.10000000000001,73.40000000000001,70.2
3_5_66_0,2011,Rural,3,India,5,Uttarakhand,66,Nainital,80.60000000000001,75.5,68.8,57.1
3_5_67_0,2011,Rural,3,India,5,Uttarakhand,67,Udham Singh Nagar,77.80000000000001,80.5,61.90000000000001,47.5
3_5_68_0,2011,Rural,3,India,5,Uttarakhand,68,Hardwar,63.6,60.90000000000001,40.2,35.7
3_6_69_0,2011,Rural,3,India,6,Haryana,69,Panchkula,81.30000000000001,86.60000000000001,71.60000000000001,44.1
3_6_70_0,2011,Rural,3,India,6,Haryana,70,Ambala,74.8,80,72.7,60.5
3_6_71_0,2011,Rural,3,India,6,Haryana,71,Yamunanagar,75.2,84,49.1,42
3_6_72_0,2011,Rural,3,India,6,Haryana,72,Kurukshetra,77,82.40000000000001,65.2,53.40000000000001
3_6_73_0,2011,Rural,3,India,6,Haryana,73,Kaithal,81.5,84.5,61.6,57.8
3_6_74_0,2011,Rural,3,India,6,Haryana,74,Karnal,80.5,81.90000000000001,66.5,67.7
3_6_75_0,2011,Rural,3,India,6,Haryana,75,Panipat,81.40000000000001,85.5,78.5,72.7
3_6_76_0,2011,Rural,3,India,6,Haryana,76,Sonipat,91.10000000000001,91.80000000000001,76.3,68.2
3_6_77_0,2011,Rural,3,India,6,Haryana,77,Jind,91,91,67.2,69.3
3_6_78_0,2011,Rural,3,India,6,Haryana,78,Fatehabad,81,77.10000000000001,71.40000000000001,62.1
3_6_79_0,2011,Rural,3,India,6,Haryana,79,Sirsa,84.7,86.5,57,54.3
3_6_80_0,2011,Rural,3,India,6,Haryana,80,Hisar,80.90000000000001,84.5,69.90000000000001,70
3_6_81_0,2011,Rural,3,India,6,Haryana,81,Bhiwani,83.60000000000001,85.5,70.60000000000001,67.8
3_6_82_0,2011,Rural,3,India,6,Haryana,82,Rohtak,87.10000000000001,89.90000000000001,76.80000000000001,74.7
3_6_83_0,2011,Rural,3,India,6,Haryana,83,Jhajjar,91.7,89.10000000000001,83.80000000000001,80.80000000000001
3_6_84_0,2011,Rural,3,India,6,Haryana,84,Mahendragarh,81,80.5,71.2,74
3_6_85_0,2011,Rural,3,India,6,Haryana,85,Rewari,90,89.90000000000001,76.5,76.5
3_6_86_0,2011,Rural,3,India,6,Haryana,86,Gurgaon,85.60000000000001,93.80000000000001,77.40000000000001,67.2
3_6_87_0,2011,Rural,3,India,6,Haryana,87,Mewat,78.2,80.7,73.7,68.90000000000001
3_6_88_0,2011,Rural,3,India,6,Haryana,88,Faridabad,75.40000000000001,77.30000000000001,62.3,50.6
3_6_89_0,2011,Rural,3,India,6,Haryana,89,Palwal,76.80000000000001,79,68,59.8
3_7_90_0,2011,Rural,3,India,7,NCT Of Delhi,90,North West,,,,
3_7_91_0,2011,Rural,3,India,7,NCT Of Delhi,91,North,,,,
3_7_92_0,2011,Rural,3,India,7,NCT Of Delhi,92,North East,,,,
3_7_93_0,2011,Rural,3,India,7,NCT Of Delhi,93,East,,,,
3_7_94_0,2011,Rural,3,India,7,NCT Of Delhi,94,New Delhi,,,,
3_7_95_0,2011,Rural,3,India,7,NCT Of Delhi,95,Central,,,,
3_7_96_0,2011,Rural,3,India,7,NCT Of Delhi,96,West,,,,
3_7_97_0,2011,Rural,3,India,7,NCT Of Delhi,97,South West,,,,
3_7_98_0,2011,Rural,3,India,7,NCT Of Delhi,98,South,,,,
3_8_100_0,2011,Rural,3,India,8,Rajasthan,100,Hanumangarh,63.7,65.90000000000001,64.8,55.2
3_8_101_0,2011,Rural,3,India,8,Rajasthan,101,Bikaner,74.40000000000001,77.10000000000001,53.6,39.5
3_8_102_0,2011,Rural,3,India,8,Rajasthan,102,Churu,69.5,69.2,68.3,64.2
3_8_103_0,2011,Rural,3,India,8,Rajasthan,103,Jhunjhunun,68.60000000000001,67.2,69.7,55.8
3_8_104_0,2011,Rural,3,India,8,Rajasthan,104,Alwar,66.10000000000001,66,53.40000000000001,42.2
3_8_105_0,2011,Rural,3,India,8,Rajasthan,105,Bharatpur,58.7,63.7,49.8,42
3_8_106_0,2011,Rural,3,India,8,Rajasthan,106,Dhaulpur,57.6,64.60000000000001,50.8,42.6
3_8_107_0,2011,Rural,3,India,8,Rajasthan,107,Karauli,78.7,79,60.2,56.90000000000001
3_8_108_0,2011,Rural,3,India,8,Rajasthan,108,Sawai Madhopur,69.8,70.90000000000001,55.3,43.2
3_8_109_0,2011,Rural,3,India,8,Rajasthan,109,Dausa,82.60000000000001,81.80000000000001,62.90000000000001,54.8
3_8_110_0,2011,Rural,3,India,8,Rajasthan,110,Jaipur,72.7,78,58.90000000000001,45.5
3_8_111_0,2011,Rural,3,India,8,Rajasthan,111,Sikar,82.10000000000001,82,62.40000000000001,54.2
3_8_112_0,2011,Rural,3,India,8,Rajasthan,112,Nagaur,71.7,73,48.7,44.90000000000001
3_8_113_0,2011,Rural,3,India,8,Rajasthan,113,Jodhpur,50.7,46.6,35.2,20.9
3_8_114_0,2011,Rural,3,India,8,Rajasthan,114,Jaisalmer,49.5,49.6,39.5,26.2
3_8_115_0,2011,Rural,3,India,8,Rajasthan,115,Barmer,49.90000000000001,54.8,38.90000000000001,23.7
3_8_116_0,2011,Rural,3,India,8,Rajasthan,116,Jalor,68.2,64,57.1,41.3
3_8_117_0,2011,Rural,3,India,8,Rajasthan,117,Sirohi,49,52.8,49,38.1
3_8_118_0,2011,Rural,3,India,8,Rajasthan,118,Pali,61.5,62.90000000000001,42.2,35.4
3_8_119_0,2011,Rural,3,India,8,Rajasthan,119,Ajmer,57.40000000000001,57.3,51.90000000000001,32.3
3_8_120_0,2011,Rural,3,India,8,Rajasthan,120,Tonk,65.10000000000001,65.8,55.40000000000001,37.2
3_8_121_0,2011,Rural,3,India,8,Rajasthan,121,Bundi,65.5,64.3,41.7,38.5
3_8_122_0,2011,Rural,3,India,8,Rajasthan,122,Bhilwara,47.8,53.7,42.7,24.2
3_8_123_0,2011,Rural,3,India,8,Rajasthan,123,Rajsamand,74.60000000000001,73.60000000000001,57.40000000000001,48.8
3_8_124_0,2011,Rural,3,India,8,Rajasthan,124,Dungarpur,64.10000000000001,61.90000000000001,46.90000000000001,29
3_8_125_0,2011,Rural,3,India,8,Rajasthan,125,Banswara,69.90000000000001,70.40000000000001,46.1,27.8
3_8_126_0,2011,Rural,3,India,8,Rajasthan,126,Chittaurgarh,70.90000000000001,73,49,28.4
3_8_127_0,2011,Rural,3,India,8,Rajasthan,127,Kota,85.90000000000001,83.80000000000001,64.5,50.2
3_8_128_0,2011,Rural,3,India,8,Rajasthan,128,Baran,58.2,68.7,41.2,28.7
3_8_129_0,2011,Rural,3,India,8,Rajasthan,129,Jhalawar,70.10000000000001,69.10000000000001,49.8,31.9
3_8_130_0,2011,Rural,3,India,8,Rajasthan,130,Udaipur,63.2,63.6,49.1,30.3
3_8_131_0,2011,Rural,3,India,8,Rajasthan,131,Pratapgarh,68,69,48.1,28.8
3_8_99_0,2011,Rural,3,India,8,Rajasthan,99,Ganganagar,82.10000000000001,81.30000000000001,66.3,64.10000000000001
3_9_132_0,2011,Rural,3,India,9,Uttar Pradesh,132,Saharanpur,69.2,72.2,51.2,36.9
3_9_133_0,2011,Rural,3,India,9,Uttar Pradesh,133,Muzaffarnagar,69.90000000000001,69.5,66.3,42.2
3_9_134_0,2011,Rural,3,India,9,Uttar Pradesh,134,Bijnor,66.40000000000001,68.8,45.2,30.4
3_9_135_0,2011,Rural,3,India,9,Uttar Pradesh,135,Moradabad,58.8,64,37.4,26.1
3_9_136_0,2011,Rural,3,India,9,Uttar Pradesh,136,Rampur,54.90000000000001,62.2,36.6,24.8
3_9_137_0,2011,Rural,3,India,9,Uttar Pradesh,137,Jyotiba Phule Nagar,76.60000000000001,78.30000000000001,71.10000000000001,45.6
3_9_138_0,2011,Rural,3,India,9,Uttar Pradesh,138,Meerut,64.10000000000001,70.10000000000001,74.90000000000001,61.90000000000001
3_9_139_0,2011,Rural,3,India,9,Uttar Pradesh,139,Baghpat,93.40000000000001,95.60000000000001,80.40000000000001,72.5
3_9_140_0,2011,Rural,3,India,9,Uttar Pradesh,140,Ghaziabad,77.10000000000001,85,74.90000000000001,44.90000000000001
3_9_141_0,2011,Rural,3,India,9,Uttar Pradesh,141,Gautam Buddha Nagar,64.8,73.5,66,43.1
3_9_142_0,2011,Rural,3,India,9,Uttar Pradesh,142,Bulandshahr,66.8,69.3,52.6,33.7
3_9_143_0,2011,Rural,3,India,9,Uttar Pradesh,143,Aligarh,57.1,58.7,49.6,35
3_9_144_0,2011,Rural,3,India,9,Uttar Pradesh,144,Mahamaya Nagar,60.6,65.60000000000001,46.2,38.90000000000001
3_9_145_0,2011,Rural,3,India,9,Uttar Pradesh,145,Mathura,75.8,74.2,59.1,48.6
3_9_146_0,2011,Rural,3,India,9,Uttar Pradesh,146,Agra,60.2,64.90000000000001,46.8,38.1
3_9_147_0,2011,Rural,3,India,9,Uttar Pradesh,147,Firozabad,60,63,44.6,39.5
3_9_148_0,2011,Rural,3,India,9,Uttar Pradesh,148,Mainpuri,63.6,66.7,34.3,27.7
3_9_149_0,2011,Rural,3,India,9,Uttar Pradesh,149,Budaun,65.5,66.2,41.7,31.9
3_9_150_0,2011,Rural,3,India,9,Uttar Pradesh,150,Bareilly,46.8,58.7,33.3,23.8
3_9_151_0,2011,Rural,3,India,9,Uttar Pradesh,151,Pilibhit,56,52.5,31,22
3_9_152_0,2011,Rural,3,India,9,Uttar Pradesh,152,Shahjahanpur,54.5,55.8,34.2,19.8
3_9_153_0,2011,Rural,3,India,9,Uttar Pradesh,153,Kheri,52.40000000000001,53.5,32,22.7
3_9_154_0,2011,Rural,3,India,9,Uttar Pradesh,154,Sitapur,40.5,55.7,33.6,18.6
3_9_155_0,2011,Rural,3,India,9,Uttar Pradesh,155,Hardoi,35.9,45.8,24.4,18.1
3_9_156_0,2011,Rural,3,India,9,Uttar Pradesh,156,Unnao,68.2,68.60000000000001,51.90000000000001,39
3_9_157_0,2011,Rural,3,India,9,Uttar Pradesh,157,Lucknow,68.5,73.2,57.3,41.8
3_9_158_0,2011,Rural,3,India,9,Uttar Pradesh,158,Rae Bareli,65.40000000000001,64.5,47.6,32.2
3_9_159_0,2011,Rural,3,India,9,Uttar Pradesh,159,Farrukhabad,68.3,72.2,36.7,25.3
3_9_160_0,2011,Rural,3,India,9,Uttar Pradesh,160,Kannauj,62.90000000000001,60.8,38.3,29.3
3_9_161_0,2011,Rural,3,India,9,Uttar Pradesh,161,Etawah,70,72.90000000000001,40.7,33.6
3_9_162_0,2011,Rural,3,India,9,Uttar Pradesh,162,Auraiya,82.30000000000001,82.60000000000001,70.3,68.90000000000001
3_9_163_0,2011,Rural,3,India,9,Uttar Pradesh,163,Kanpur Dehat,53.1,52.2,44.40000000000001,34.8
3_9_164_0,2011,Rural,3,India,9,Uttar Pradesh,164,Kanpur Nagar,,,,
3_9_165_0,2011,Rural,3,India,9,Uttar Pradesh,165,Jalaun,68,67.60000000000001,48.3,45.90000000000001
3_9_166_0,2011,Rural,3,India,9,Uttar Pradesh,166,Jhansi,73.3,67.5,53.40000000000001,44.3
3_9_167_0,2011,Rural,3,India,9,Uttar Pradesh,167,Lalitpur,63.90000000000001,57.1,40.90000000000001,31.3
3_9_168_0,2011,Rural,3,India,9,Uttar Pradesh,168,Hamirpur,66.8,69.8,53.40000000000001,42.8
3_9_169_0,2011,Rural,3,India,9,Uttar Pradesh,169,Mahoba,61.90000000000001,65.5,38,29.9
3_9_170_0,2011,Rural,3,India,9,Uttar Pradesh,170,Banda,64.2,61.1,33.3,24.5
3_9_171_0,2011,Rural,3,India,9,Uttar Pradesh,171,Chitrakoot,63.3,63.5,39.8,29.2
3_9_172_0,2011,Rural,3,India,9,Uttar Pradesh,172,Fatehpur,65.40000000000001,61.7,43.6,28.1
3_9_173_0,2011,Rural,3,India,9,Uttar Pradesh,173,Pratapgarh,66.3,66.90000000000001,46.6,30.1
3_9_174_0,2011,Rural,3,India,9,Uttar Pradesh,174,Kaushambi,63.5,64.5,38.40000000000001,29.2
3_9_175_0,2011,Rural,3,India,9,Uttar Pradesh,175,Allahabad,69.7,71.7,45.8,41.1
3_9_176_0,2011,Rural,3,India,9,Uttar Pradesh,176,Bara Banki,52.2,54.90000000000001,31.3,16.9
3_9_177_0,2011,Rural,3,India,9,Uttar Pradesh,177,Faizabad,61.90000000000001,66.8,49.8,33.9
3_9_178_0,2011,Rural,3,India,9,Uttar Pradesh,178,Ambedkar Nagar,74.40000000000001,75.10000000000001,53.7,37.8
3_9_179_0,2011,Rural,3,India,9,Uttar Pradesh,179,Sultanpur,60.7,63.8,46,32.8
3_9_180_0,2011,Rural,3,India,9,Uttar Pradesh,180,Bahraich,29.9,42.1,27.5,13.8
3_9_181_0,2011,Rural,3,India,9,Uttar Pradesh,181,Shrawasti,63.6,71.3,37.9,30.2
3_9_182_0,2011,Rural,3,India,9,Uttar Pradesh,182,Balrampur,43.8,57.1,47.40000000000001,26.3
3_9_183_0,2011,Rural,3,India,9,Uttar Pradesh,183,Gonda,50.40000000000001,60.1,40.7,29.3
3_9_184_0,2011,Rural,3,India,9,Uttar Pradesh,184,Siddharthnagar,56.90000000000001,59.2,42.5,25.2
3_9_185_0,2011,Rural,3,India,9,Uttar Pradesh,185,Basti,55.8,62.6,39.6,20.8
3_9_186_0,2011,Rural,3,India,9,Uttar Pradesh,186,Sant Kabir Nagar,62.40000000000001,67,53.8,36.9
3_9_187_0,2011,Rural,3,India,9,Uttar Pradesh,187,Mahrajganj,82.80000000000001,80.7,69.8,50.7
3_9_188_0,2011,Rural,3,India,9,Uttar Pradesh,188,Gorakhpur,64,65.60000000000001,47.8,28.9
3_9_189_0,2011,Rural,3,India,9,Uttar Pradesh,189,Kushinagar,64.3,66.10000000000001,59.7,35.4
3_9_190_0,2011,Rural,3,India,9,Uttar Pradesh,190,Deoria,77.90000000000001,77.10000000000001,61.2,34.2
3_9_191_0,2011,Rural,3,India,9,Uttar Pradesh,191,Azamgarh,68.7,73.90000000000001,59.2,45.6
3_9_192_0,2011,Rural,3,India,9,Uttar Pradesh,192,Mau,75.40000000000001,73.3,68.3,57.40000000000001
3_9_193_0,2011,Rural,3,India,9,Uttar Pradesh,193,Ballia,74.90000000000001,66.90000000000001,54.2,49.3
3_9_194_0,2011,Rural,3,India,9,Uttar Pradesh,194,Jaunpur,69.7,74.10000000000001,55.1,42.1
3_9_195_0,2011,Rural,3,India,9,Uttar Pradesh,195,Ghazipur,67,66,57.2,43.90000000000001
3_9_196_0,2011,Rural,3,India,9,Uttar Pradesh,196,Chandauli,64.7,67.60000000000001,50,35.3
3_9_197_0,2011,Rural,3,India,9,Uttar Pradesh,197,Varanasi,78.30000000000001,77.2,59.90000000000001,39.90000000000001
3_9_198_0,2011,Rural,3,India,9,Uttar Pradesh,198,Sant Ravidas Nagar (Bhadohi),73.10000000000001,73.10000000000001,55.3,39.7
3_9_199_0,2011,Rural,3,India,9,Uttar Pradesh,199,Mirzapur,78.7,79.7,60.1,39
3_9_200_0,2011,Rural,3,India,9,Uttar Pradesh,200,Sonbhadra,73.60000000000001,71.2,49.1,35.1
3_9_201_0,2011,Rural,3,India,9,Uttar Pradesh,201,Etah,50.1,51.90000000000001,36.5,28.5
3_9_202_0,2011,Rural,3,India,9,Uttar Pradesh,202,Kanshiram Nagar,50.1,51.90000000000001,36.5,28.5
