id,spatial_data_yr,geography,L0_code,L0_name,L1_code,L1_name,L2_code,L2_name,cr_s,fo_s,n_oper_t,n_oper_gov,n_oper_pri,n_oper_fo,c_oper_t,s_pr_t,s_pr_nat,s_pr_int
3_10_203_0,2011,Total,3,India,10,Bihar,203,Pashchim Champaran,74.8,.3,0,0,0,0,0,7.2,7.2,0
3_10_204_0,2011,Total,3,India,10,Bihar,204,Purba Champaran,98.60000000000001,0,0,0,0,0,0,0,0,0
3_10_205_0,2011,Total,3,India,10,Bihar,205,Sheohar,99.7,0,0,0,0,0,0,0,0,0
3_10_206_0,2011,Total,3,India,10,Bihar,206,Sitamarhi,98.2,0,0,0,0,0,0,0,0,0
3_10_207_0,2011,Total,3,India,10,Bihar,207,Madhubani,94.7,0,0,0,0,0,0,0,0,0
3_10_208_0,2011,Total,3,India,10,Bihar,208,Supaul,86.60000000000001,0,0,0,0,0,0,0,0,0
3_10_209_0,2011,Total,3,India,10,Bihar,209,Araria,91,0,0,0,0,0,0,0,0,0
3_10_210_0,2011,Total,3,India,10,Bihar,210,Kishanganj,72.10000000000001,0,0,0,0,0,0,0,0,0
3_10_211_0,2011,Total,3,India,10,Bihar,211,Purnia,88.5,0,0,0,0,0,0,0,0,0
3_10_212_0,2011,Total,3,India,10,Bihar,212,Katihar,91.2,0,0,0,0,0,0,1.8,1.8,0
3_10_213_0,2011,Total,3,India,10,Bihar,213,Madhepura,70.90000000000001,0,0,0,0,0,0,0,0,0
3_10_214_0,2011,Total,3,India,10,Bihar,214,Saharsa,80.60000000000001,0,0,0,0,0,0,0,0,0
3_10_215_0,2011,Total,3,India,10,Bihar,215,Darbhanga,93.2,0,0,0,0,0,0,0,0,0
3_10_216_0,2011,Total,3,India,10,Bihar,216,Muzaffarpur,98,0,0,0,0,0,0,0,0,0
3_10_217_0,2011,Total,3,India,10,Bihar,217,Gopalganj,97.5,0,0,0,0,0,0,0,0,0
3_10_218_0,2011,Total,3,India,10,Bihar,218,Siwan,97.90000000000001,0,0,0,0,0,0,0,0,0
3_10_219_0,2011,Total,3,India,10,Bihar,219,Saran,93.40000000000001,0,0,0,0,0,0,0,0,0
3_10_220_0,2011,Total,3,India,10,Bihar,220,Vaishali,94.2,0,0,0,0,0,0,0,0,0
3_10_221_0,2011,Total,3,India,10,Bihar,221,Samastipur,96.90000000000001,0,3,3,0,0,47,0,0,0
3_10_222_0,2011,Total,3,India,10,Bihar,222,Begusarai,88.40000000000001,0,1,1,0,0,3830,0,0,0
3_10_223_0,2011,Total,3,India,10,Bihar,223,Khagaria,96.2,0,0,0,0,0,0,2,2,0
3_10_224_0,2011,Total,3,India,10,Bihar,224,Bhagalpur,85.40000000000001,0,0,0,0,0,0,5.2,5.2,0
3_10_225_0,2011,Total,3,India,10,Bihar,225,Banka,83.10000000000001,.1,0,0,0,0,0,6.4,6.4,0
3_10_226_0,2011,Total,3,India,10,Bihar,226,Munger,67.3,2.7,0,0,0,0,0,14.6,14.6,0
3_10_227_0,2011,Total,3,India,10,Bihar,227,Lakhisarai,86.90000000000001,.6000000000000001,0,0,0,0,0,11.8,11.8,0
3_10_228_0,2011,Total,3,India,10,Bihar,228,Sheikhpura,97.40000000000001,0,0,0,0,0,0,0,0,0
3_10_229_0,2011,Total,3,India,10,Bihar,229,Nalanda,97.2,0,0,0,0,0,0,3.9,3.9,0
3_10_230_0,2011,Total,3,India,10,Bihar,230,Patna,86.7,0,0,0,0,0,0,0,0,0
3_10_231_0,2011,Total,3,India,10,Bihar,231,Bhojpur,94.40000000000001,0,0,0,0,0,0,0,0,0
3_10_232_0,2011,Total,3,India,10,Bihar,232,Buxar,96.10000000000001,0,0,0,0,0,0,0,0,0
3_10_233_0,2011,Total,3,India,10,Bihar,233,Kaimur (Bhabua),67.5,.7000000000000001,0,0,0,0,0,40.3,40.3,0
3_10_234_0,2011,Total,3,India,10,Bihar,234,Rohtas,82.2,.5,0,0,0,0,0,24.6,24.6,0
3_10_235_0,2011,Total,3,India,10,Bihar,235,Aurangabad,92.2,.6000000000000001,0,0,0,0,0,0,0,0
3_10_236_0,2011,Total,3,India,10,Bihar,236,Gaya,87.60000000000001,.9,0,0,0,0,0,8.9,8.9,0
3_10_237_0,2011,Total,3,India,10,Bihar,237,Nawada,73.40000000000001,3.5,0,0,0,0,0,.7000000000000001,.7000000000000001,0
3_10_238_0,2011,Total,3,India,10,Bihar,238,Jamui,65.5,2.4,0,0,0,0,0,17.7,17.7,0
3_10_239_0,2011,Total,3,India,10,Bihar,239,Jehanabad,98.5,0,0,0,0,0,0,0,0,0
3_10_240_0,2011,Total,3,India,10,Bihar,240,Arwal,92.40000000000001,0,0,0,0,0,0,0,0,0
3_11_241_0,2011,Total,3,India,11,Sikkim,241,North  District,0,8,0,0,0,0,0,34.1,34.1,0
3_11_242_0,2011,Total,3,India,11,Sikkim,242,West District,.5,8.9,0,0,0,0,0,40.1,40.1,0
3_11_243_0,2011,Total,3,India,11,Sikkim,243,South District,1.6,5.9,0,0,0,0,0,13.2,13.2,0
3_11_244_0,2011,Total,3,India,11,Sikkim,244,East District,.6000000000000001,10.3,0,0,0,0,0,11.3,11.3,0
3_12_245_1,2011,Total,3,India,12,India/China  1,245,Tawang,.1,20.8,0,0,0,0,0,0,0,0
3_12_246_1,2011,Total,3,India,12,India/China  1,246,West Kameng,.3,34.5,0,0,0,0,0,16.2,16.2,0
3_12_247_1,2011,Total,3,India,12,India/China  1,247,East Kameng,.1,51,0,0,0,0,0,29.2,29.2,0
3_12_248_1,2011,Total,3,India,12,India/China  1,248,Papum Pare,.7000000000000001,64.5,0,0,0,0,0,5.5,5.5,0
3_12_248_0,2011,Total,3,India,12,Arunachal Pradesh,248,Papum Pare,.7000000000000001,64.5,0,0,0,0,0,5.5,5.5,0
3_12_249_1,2011,Total,3,India,12,India/China  1,249,Upper Subansiri,.1,41.5,0,0,0,0,0,0,0,0
3_12_250_1,2011,Total,3,India,12,India/China  1,250,West Siang,.2,50.3,0,0,0,0,0,14.8,14.8,0
3_12_250_0,2011,Total,3,India,12,Arunachal Pradesh,250,West Siang,.2,50.3,0,0,0,0,0,14.8,14.8,0
3_12_251_1,2011,Total,3,India,12,India/China  1,251,East Siang,3.4,50.2,0,0,0,0,0,16.1,16.1,0
3_12_251_0,2011,Total,3,India,12,Arunachal Pradesh,251,East Siang,3.4,50.2,0,0,0,0,0,16.1,16.1,0
3_12_252_1,2011,Total,3,India,12,India/China  1,252,Upper Siang,0,22.1,0,0,0,0,0,11.9,11.9,0
3_12_253_0,2011,Total,3,India,12,Arunachal Pradesh,253,Changlang,.9,65.2,0,0,0,0,0,56.3,56.3,0
3_12_254_0,2011,Total,3,India,12,Arunachal Pradesh,254,Tirap,0,85.10000000000001,0,0,0,0,0,0,0,0
3_12_255_1,2011,Total,3,India,12,India/China  1,255,Lower Subansiri,.3,49.7,0,0,0,0,0,0,0,0
3_12_256_1,2011,Total,3,India,12,India/China  1,256,Kurung Kumey,0,31,0,0,0,0,0,0,0,0
3_12_257_1,2011,Total,3,India,12,India/China  1,257,Dibang Valley,0,10.7,0,0,0,0,0,27.8,27.8,0
3_12_258_1,2011,Total,3,India,12,India/China  1,258,Lower Dibang Valley,2.9,25.9,0,0,0,0,0,13.8,13.8,0
3_12_258_0,2011,Total,3,India,12,Arunachal Pradesh,258,Lower Dibang Valley,2.9,25.9,0,0,0,0,0,13.8,13.8,0
3_12_259_1,2011,Total,3,India,12,India/China  1,259,Lohit,3.3,41.1,0,0,0,0,0,13.3,13.3,0
3_12_259_0,2011,Total,3,India,12,Arunachal Pradesh,259,Lohit,3.3,41.1,0,0,0,0,0,13.3,13.3,0
3_12_260_0,2011,Total,3,India,12,Arunachal Pradesh,260,Anjaw,.1,13.9,0,0,0,0,0,32.9,32.9,0
3_12_260_1,2011,Total,3,India,12,India/China  1,260,Anjaw,.1,13.9,0,0,0,0,0,32.9,32.9,0
3_13_261_0,2011,Total,3,India,13,Nagaland,261,Mon,.2,72.7,0,0,0,0,0,0,0,0
3_13_262_0,2011,Total,3,India,13,Nagaland,262,Mokokchung,.1,88.90000000000001,0,0,0,0,0,0,0,0
3_13_263_0,2011,Total,3,India,13,Nagaland,263,Zunheboto,.1,57.2,0,0,0,0,0,0,0,0
3_13_264_0,2011,Total,3,India,13,Nagaland,264,Wokha,.5,81.30000000000001,0,0,0,0,0,0,0,0
3_13_265_0,2011,Total,3,India,13,Nagaland,265,Dimapur,7.100000000000001,25.3,0,0,0,0,0,1,1,0
3_13_266_0,2011,Total,3,India,13,Nagaland,266,Phek,.1,26.6,0,0,0,0,0,0,0,0
3_13_267_0,2011,Total,3,India,13,Nagaland,267,Tuensang,.1,51.3,0,0,0,0,0,0,0,0
3_13_268_0,2011,Total,3,India,13,Nagaland,268,Longleng,.2,81.5,0,0,0,0,0,0,0,0
3_13_269_0,2011,Total,3,India,13,Nagaland,269,Kiphire,.3,32.4,0,0,0,0,0,.4,.4,0
3_13_270_0,2011,Total,3,India,13,Nagaland,270,Kohima,.5,43.1,0,0,0,0,0,8.9,8.9,0
3_13_271_0,2011,Total,3,India,13,Nagaland,271,Peren,.2,77.5,0,0,0,0,0,16.2,16.2,0
3_14_272_0,2011,Total,3,India,14,Manipur,272,Senapati,1.2,35.6,0,0,0,0,0,0,0,0
3_14_273_0,2011,Total,3,India,14,Manipur,273,Tamenglong,.1,90.5,0,0,0,0,0,0,0,0
3_14_274_0,2011,Total,3,India,14,Manipur,274,Churachandpur,.7000000000000001,88.30000000000001,0,0,0,0,0,3.3,3.3,0
3_14_275_0,2011,Total,3,India,14,Manipur,275,Bishnupur,38.3,2.8,0,0,0,0,0,41.90000000000001,15.4,34.4
3_14_276_0,2011,Total,3,India,14,Manipur,276,Thoubal,48,2.7,0,0,0,0,0,7,.7000000000000001,6.800000000000001
3_14_277_0,2011,Total,3,India,14,Manipur,277,Imphal West,42,6.7,0,0,0,0,0,16.9,.7000000000000001,16.9
3_14_278_0,2011,Total,3,India,14,Manipur,278,Imphal East,21.7,32.2,0,0,0,0,0,0,0,0
3_14_279_0,2011,Total,3,India,14,Manipur,279,Ukhrul,.2,62.6,0,0,0,0,0,0,0,0
3_14_280_0,2011,Total,3,India,14,Manipur,280,Chandel,.5,80.40000000000001,0,0,0,0,0,0,0,0
3_15_281_0,2011,Total,3,India,15,Mizoram,281,Mamit,0,81.90000000000001,0,0,0,0,0,18.8,18.8,0
3_15_282_0,2011,Total,3,India,15,Mizoram,282,Kolasib,.1,94.2,0,0,0,0,0,0,0,0
3_15_283_0,2011,Total,3,India,15,Mizoram,283,Aizawl,.2,94.40000000000001,0,0,0,0,0,0,0,0
3_15_284_0,2011,Total,3,India,15,Mizoram,284,Champhai,.2,93.5,0,0,0,0,0,5.7,5.7,0
3_15_285_0,2011,Total,3,India,15,Mizoram,285,Serchhip,0,90.5,0,0,0,0,0,3.1,3.1,0
3_15_286_0,2011,Total,3,India,15,Mizoram,286,Lunglei,0,86.2,0,0,0,0,0,.1,.1,0
3_15_287_0,2011,Total,3,India,15,Mizoram,287,Lawngtlai,.1,60.90000000000001,0,0,0,0,0,8.5,8.5,0
3_15_288_0,2011,Total,3,India,15,Mizoram,288,Saiha,0,87.7,0,0,0,0,0,0,0,0
3_16_289_0,2011,Total,3,India,16,Tripura,289,West Tripura,8.9,5.2,0,0,0,0,0,6.5,6.5,0
3_16_290_0,2011,Total,3,India,16,Tripura,290,South Tripura,5.300000000000001,5.100000000000001,0,0,0,0,0,9.800000000000001,9.800000000000001,0
3_16_291_0,2011,Total,3,India,16,Tripura,291,Dhalai,1.5,24.1,0,0,0,0,0,8.9,8.9,0
3_16_292_0,2011,Total,3,India,16,Tripura,292,North Tripura,4.2,21.5,0,0,0,0,0,.6000000000000001,.6000000000000001,0
3_17_293_0,2011,Total,3,India,17,Meghalaya,293,West Garo Hills,5.7,3.3,0,0,0,0,0,.3,.3,0
3_17_294_0,2011,Total,3,India,17,Meghalaya,294,East Garo Hills,.2,11.6,0,0,0,0,0,0,0,0
3_17_295_0,2011,Total,3,India,17,Meghalaya,295,South Garo Hills,1,43.40000000000001,0,0,0,0,0,1.4,1.4,0
3_17_296_0,2011,Total,3,India,17,Meghalaya,296,West Khasi Hills,1.4,37.2,0,0,0,0,0,0,0,0
3_17_297_0,2011,Total,3,India,17,Meghalaya,297,Ribhoi,1.6,22.2,0,0,0,0,0,.5,.5,0
3_17_298_0,2011,Total,3,India,17,Meghalaya,298,East Khasi Hills,3,36.6,0,0,0,0,0,0,0,0
3_17_299_0,2011,Total,3,India,17,Meghalaya,299,Jaintia Hills,3.4,49.2,0,0,0,0,0,0,0,0
3_18_300_0,2011,Total,3,India,18,Assam,300,Kokrajhar,14,15.7,0,0,0,0,0,0,0,0
3_18_301_0,2011,Total,3,India,18,Assam,301,Dhubri,68.60000000000001,.1,0,0,0,0,0,0,0,0
3_18_302_0,2011,Total,3,India,18,Assam,302,Goalpara,37.4,.1,0,0,0,0,0,0,0,0
3_18_303_0,2011,Total,3,India,18,Assam,303,Barpeta,72.40000000000001,.1,0,0,0,0,0,0,0,0
3_18_304_0,2011,Total,3,India,18,Assam,304,Morigaon,63.3,2.1,0,0,0,0,0,3.9,3.9,0
3_18_305_0,2011,Total,3,India,18,Assam,305,Nagaon,61.3,7,1,1,0,0,640,4.9,4.600000000000001,2.5
3_18_306_0,2011,Total,3,India,18,Assam,306,Sonitpur,18.8,7.4,0,0,0,0,0,8.300000000000001,8.300000000000001,0
3_18_307_0,2011,Total,3,India,18,Assam,307,Lakhimpur,31.3,4.800000000000001,0,0,0,0,0,7,7,0
3_18_308_0,2011,Total,3,India,18,Assam,308,Dhemaji,45.5,5.100000000000001,0,0,0,0,0,1.7,1.7,0
3_18_309_0,2011,Total,3,India,18,Assam,309,Tinsukia,8.6,20.7,1,1,0,0,696,2,2,0
3_18_310_0,2011,Total,3,India,18,Assam,310,Dibrugarh,23.7,5,0,0,0,0,0,11.4,11.4,0
3_18_311_0,2011,Total,3,India,18,Assam,311,Sivasagar,55.8,4.800000000000001,0,0,0,0,0,0,0,0
3_18_312_0,2011,Total,3,India,18,Assam,312,Jorhat,36.7,5.9,0,0,0,0,0,0,0,0
3_18_313_0,2011,Total,3,India,18,Assam,313,Golaghat,24.7,4.3,0,0,0,0,0,10.2,6.300000000000001,10.1
3_18_314_0,2011,Total,3,India,18,Assam,314,Karbi Anglong,5.600000000000001,50.2,0,0,0,0,0,.8,.8,0
3_18_315_0,2011,Total,3,India,18,Assam,315,Dima Hasao,.4,65.10000000000001,0,0,0,0,0,3,3,0
3_18_316_0,2011,Total,3,India,18,Assam,316,Cachar,27.8,44.5,0,0,0,0,0,6,6,0
3_18_317_0,2011,Total,3,India,18,Assam,317,Karimganj,32.9,11.1,0,0,0,0,0,0,0,0
3_18_318_0,2011,Total,3,India,18,Assam,318,Hailakandi,27.7,28.7,0,0,0,0,0,0,0,0
3_18_319_0,2011,Total,3,India,18,Assam,319,Bongaigaon,49,.6000000000000001,0,0,0,0,0,0,0,0
3_18_320_0,2011,Total,3,India,18,Assam,320,Chirang,15.7,16.4,1,1,0,0,1567,7.7,7.600000000000001,6.7
3_18_321_0,2011,Total,3,India,18,Assam,321,Kamrup,38,7.300000000000001,0,0,0,0,0,0,0,0
3_18_322_0,2011,Total,3,India,18,Assam,322,Kamrup Metropolitan,41.1,7.300000000000001,1,1,0,0,1161,1.7,1.7,0
3_18_323_0,2011,Total,3,India,18,Assam,323,Nalbari,72.60000000000001,.1,0,0,0,0,0,0,0,0
3_18_324_0,2011,Total,3,India,18,Assam,324,Baksa,48,5.4,0,0,0,0,0,18.8,18.5,12.7
3_18_325_0,2011,Total,3,India,18,Assam,325,Darrang,67.2,.3,0,0,0,0,0,.2,.2,0
3_18_326_0,2011,Total,3,India,18,Assam,326,Udalguri,37.9,1.6,0,0,0,0,0,1.9,1.9,0
3_19_327_0,2011,Total,3,India,19,West Bengal,327,Darjiling,15.7,8.700000000000001,0,0,0,0,0,11.7,11.7,0
3_19_328_0,2011,Total,3,India,19,West Bengal,328,Jalpaiguri,39.6,10.6,0,0,0,0,0,2.6,2.6,0
3_19_329_0,2011,Total,3,India,19,West Bengal,329,Koch Bihar,89.7,.1,0,0,0,0,0,.4,.4,0
3_19_330_0,2011,Total,3,India,19,West Bengal,330,Uttar Dinajpur,73.8,0,0,0,0,0,0,1.3,1.3,0
3_19_331_0,2011,Total,3,India,19,West Bengal,331,Dakshin Dinajpur,98.80000000000001,0,0,0,0,0,0,0,0,0
3_19_332_0,2011,Total,3,India,19,West Bengal,332,Maldah,94,0,0,0,0,0,0,0,0,0
3_19_333_0,2011,Total,3,India,19,West Bengal,333,Murshidabad,93.5,0,0,0,0,0,0,0,0,0
3_19_334_0,2011,Total,3,India,19,West Bengal,334,Birbhum,88.40000000000001,0,0,0,0,0,0,.8,.8,0
3_19_335_0,2011,Total,3,India,19,West Bengal,335,Barddhaman,83.40000000000001,0,2,2,0,0,3.1,0,0,0
3_19_336_0,2011,Total,3,India,19,West Bengal,336,Nadia,96.90000000000001,0,0,0,0,0,0,1.2,1.2,0
3_19_337_0,2011,Total,3,India,19,West Bengal,337,North Twenty Four Parganas,75.8,.1,0,0,0,0,0,1.6,1.6,0
3_19_338_0,2011,Total,3,India,19,West Bengal,338,Hugli,92.5,0,0,0,0,0,0,0,0,0
3_19_339_0,2011,Total,3,India,19,West Bengal,339,Bankura,53.90000000000001,.1,0,0,0,0,0,2.2,2.2,0
3_19_340_0,2011,Total,3,India,19,West Bengal,340,Puruliya,74.7,.7000000000000001,0,0,0,0,0,0,0,0
3_19_341_0,2011,Total,3,India,19,West Bengal,341,Haora,83.5,.1,0,0,0,0,0,0,0,0
3_19_342_0,2011,Total,3,India,19,West Bengal,342,Kolkata,13.6,0,0,0,0,0,0,0,0,0
3_19_343_0,2011,Total,3,India,19,West Bengal,343,South Twenty Four Parganas,56.90000000000001,0,0,0,0,0,0,24,23.7,12.2
3_19_344_0,2011,Total,3,India,19,West Bengal,344,Paschim Medinipur,69.8,.2,0,0,0,0,0,0,0,0
3_19_345_0,2011,Total,3,India,19,West Bengal,345,Purba Medinipur,95.2,0,3,1,2,1,3543,0,0,0
3_1_1_0,2011,Total,3,India,1,Jammu and Kashmir,1,Kupwara,15.1,28.7,0,0,0,0,0,.4,.4,0
3_1_10_0,2011,Total,3,India,1,Jammu and Kashmir,10,Srinagar,28.9,7.100000000000001,0,0,0,0,0,24.9,24.9,0
3_1_11_0,2011,Total,3,India,1,Jammu and Kashmir,11,Ganderbal,13.6,12.1,0,0,0,0,0,6.2,6.2,0
3_1_12_0,2011,Total,3,India,1,Jammu and Kashmir,12,Pulwama,66.90000000000001,3.3,0,0,0,0,0,.4,.4,0
3_1_13_0,2011,Total,3,India,1,Jammu and Kashmir,13,Shupiyan,20.3,8.700000000000001,0,0,0,0,0,0,0,0
3_1_14_0,2011,Total,3,India,1,Jammu and Kashmir,14,Anantnag,24,18.8,0,0,0,0,0,19.3,19.3,0
3_1_15_0,2011,Total,3,India,1,Jammu and Kashmir,15,Kulgam,17.2,8.6,0,0,0,0,0,10.1,10.1,0
3_1_16_0,2011,Total,3,India,1,Jammu and Kashmir,16,Doda,10.2,30.5,0,0,0,0,0,0,0,0
3_1_17_0,2011,Total,3,India,1,Jammu and Kashmir,17,Ramban,22,17.9,0,0,0,0,0,0,0,0
3_1_18_0,2011,Total,3,India,1,Jammu and Kashmir,18,Kishtwar,2.3,11.6,0,0,0,0,0,14.3,14.3,0
3_1_19_0,2011,Total,3,India,1,Jammu and Kashmir,19,Udhampur,40.5,6.800000000000001,0,0,0,0,0,0,0,0
3_1_2_0,2011,Total,3,India,1,Jammu and Kashmir,2,Badgam,44.3,9.4,0,0,0,0,0,0,0,0
3_1_20_0,2011,Total,3,India,1,Jammu and Kashmir,20,Reasi,23.9,5,0,0,0,0,0,0,0,0
3_1_21_0,2011,Total,3,India,1,Jammu and Kashmir,21,Jammu,71.60000000000001,0,0,0,0,0,0,0,0,0
3_1_22_0,2011,Total,3,India,1,Jammu and Kashmir,22,Samba,85.80000000000001,0,0,0,0,0,0,0,0,0
3_1_3_0,2011,Total,3,India,1,Jammu and Kashmir,3,Leh(Ladakh),.2,0,0,0,0,0,0,26.7,26.7,0
3_1_3_1,2011,Total,3,India,1,India/China  2,3,Leh(Ladakh),.2,0,0,0,0,0,0,26.7,26.7,0
3_1_4_0,2011,Total,3,India,1,Jammu and Kashmir,4,Kargil,.2,0,0,0,0,0,0,16.6,16.6,0
3_1_5_0,2011,Total,3,India,1,Jammu and Kashmir,5,Punch,27.5,6.7,0,0,0,0,0,1,1,0
3_1_6_0,2011,Total,3,India,1,Jammu and Kashmir,6,Rajouri,48.5,1.4,0,0,0,0,0,0,0,0
3_1_7_0,2011,Total,3,India,1,Jammu and Kashmir,7,Kathua,46.3,.9,0,0,0,0,0,0,0,0
3_1_8_0,2011,Total,3,India,1,Jammu and Kashmir,8,Baramula,33.1,18.3,0,0,0,0,0,17.6,17.5,.1
3_1_9_0,2011,Total,3,India,1,Jammu and Kashmir,9,Bandipore,8.6,13.2,0,0,0,0,0,1.8,0,1.8
3_20_346_0,2011,Total,3,India,20,Jharkhand,346,Garhwa,47.1,5.600000000000001,0,0,0,0,0,1.1,1.1,0
3_20_347_0,2011,Total,3,India,20,Jharkhand,347,Chatra,36.3,3.2,2,2,0,0,20,6.9,6.9,0
3_20_348_0,2011,Total,3,India,20,Jharkhand,348,Kodarma,39.3,12.6,0,0,0,0,0,2.7,2.7,0
3_20_349_0,2011,Total,3,India,20,Jharkhand,349,Giridih,72,1,0,0,0,0,0,0,0,0
3_20_350_0,2011,Total,3,India,20,Jharkhand,350,Deoghar,89.2,0,0,0,0,0,0,0,0,0
3_20_351_0,2011,Total,3,India,20,Jharkhand,351,Godda,72.7,2.3,0,0,0,0,0,0,0,0
3_20_352_0,2011,Total,3,India,20,Jharkhand,352,Sahibganj,59.40000000000001,1.5,0,0,0,0,0,0,0,0
3_20_353_0,2011,Total,3,India,20,Jharkhand,353,Pakur,68.60000000000001,.9,0,0,0,0,0,0,0,0
3_20_354_0,2011,Total,3,India,20,Jharkhand,354,Dhanbad,22.9,1,1,0,1,1,0,1.9,1.9,0
3_20_355_0,2011,Total,3,India,20,Jharkhand,355,Bokaro,58.2,1.6,1,1,0,0,4.600000000000001,0,0,0
3_20_356_0,2011,Total,3,India,20,Jharkhand,356,Lohardaga,60.8,5.300000000000001,2,0,2,2,.9,2.1,2.1,0
3_20_357_0,2011,Total,3,India,20,Jharkhand,357,Purbi Singhbhum,36.9,3.5,3,2,1,1,4.100000000000001,17.5,17.5,0
3_20_358_0,2011,Total,3,India,20,Jharkhand,358,Palamu,65.7,2.5,0,0,0,0,0,5.5,5.5,0
3_20_359_0,2011,Total,3,India,20,Jharkhand,359,Latehar,32.7,12.3,1,1,0,0,.2,27.5,27.5,0
3_20_360_0,2011,Total,3,India,20,Jharkhand,360,Hazaribagh,49,2.9,0,0,0,0,0,13,13,0
3_20_361_0,2011,Total,3,India,20,Jharkhand,361,Ramgarh,78.60000000000001,1.7,0,0,0,0,0,0,0,0
3_20_362_0,2011,Total,3,India,20,Jharkhand,362,Dumka,75.8,.5,0,0,0,0,0,0,0,0
3_20_363_0,2011,Total,3,India,20,Jharkhand,363,Jamtara,51.1,0,0,0,0,0,0,0,0,0
3_20_364_0,2011,Total,3,India,20,Jharkhand,364,Ranchi,59,1.7,1,0,1,1,.1,0,0,0
3_20_365_0,2011,Total,3,India,20,Jharkhand,365,Khunti,49.3,1.9,0,0,0,0,0,0,0,0
3_20_366_0,2011,Total,3,India,20,Jharkhand,366,Gumla,70.3,3.1,0,0,0,0,0,1.7,1.7,0
3_20_367_0,2011,Total,3,India,20,Jharkhand,367,Simdega,53.1,.7000000000000001,0,0,0,0,0,0,0,0
3_20_368_0,2011,Total,3,India,20,Jharkhand,368,Pashchimi Singhbhum,9.4,6.300000000000001,0,0,0,0,0,0,0,0
3_20_369_0,2011,Total,3,India,20,Jharkhand,369,Saraikela-Kharsawan,46.90000000000001,3.5,5,4,1,1,9.5,.4,.4,0
3_21_370_0,2011,Total,3,India,21,Odisha,370,Bargarh,72.7,2.1,0,0,0,0,0,4.3,4.3,0
3_21_371_0,2011,Total,3,India,21,Odisha,371,Jharsuguda,53.2,1,0,0,0,0,0,4.4,4.4,0
3_21_372_0,2011,Total,3,India,21,Odisha,372,Sambalpur,25,12.6,1,0,1,1,.1,0,0,0
3_21_373_0,2011,Total,3,India,21,Odisha,373,Debagarh,6.800000000000001,8.5,0,0,0,0,0,0,0,0
3_21_374_0,2011,Total,3,India,21,Odisha,374,Sundargarh,30.8,7.7,2,1,1,1,2,0,0,0
3_21_375_0,2011,Total,3,India,21,Odisha,375,Kendujhar,30.9,1.6,2,1,1,1,5,1.7,1.7,0
3_21_376_0,2011,Total,3,India,21,Odisha,376,Mayurbhanj,19.5,8.200000000000001,0,0,0,0,0,28.4,28.4,0
3_21_377_0,2011,Total,3,India,21,Odisha,377,Baleshwar,77.90000000000001,.8,0,0,0,0,0,0,0,0
3_21_378_0,2011,Total,3,India,21,Odisha,378,Bhadrak,93.2,.1,0,0,0,0,0,.1,.1,0
3_21_379_0,2011,Total,3,India,21,Odisha,379,Kendrapara,86.7,.2,0,0,0,0,0,1.6,1.6,0
3_21_380_0,2011,Total,3,India,21,Odisha,380,Jagatsinghapur,86.80000000000001,0,0,0,0,0,0,0,0,0
3_21_381_0,2011,Total,3,India,21,Odisha,381,Cuttack,36,1.2,4,0,4,1,2.4,8,8,0
3_21_382_0,2011,Total,3,India,21,Odisha,382,Jajapur,55.7,.1,1,0,1,1,3,0,0,0
3_21_383_0,2011,Total,3,India,21,Odisha,383,Dhenkanal,16.2,1.5,2,0,2,0,.3,0,0,0
3_21_384_0,2011,Total,3,India,21,Odisha,384,Anugul,8,6.5,1,1,0,0,.3,5.100000000000001,5.100000000000001,0
3_21_385_0,2011,Total,3,India,21,Odisha,385,Nayagarh,6.800000000000001,4.600000000000001,0,0,0,0,0,6.600000000000001,6.600000000000001,0
3_21_386_0,2011,Total,3,India,21,Odisha,386,Khordha,33.7,1.6,0,0,0,0,0,3,1.6,2.2
3_21_387_0,2011,Total,3,India,21,Odisha,387,Puri,62.90000000000001,.3,0,0,0,0,0,34.4,27.6,32.3
3_21_388_0,2011,Total,3,India,21,Odisha,388,Ganjam,24.7,.7000000000000001,1,1,0,0,.2,1.1,.9,.6000000000000001
3_21_389_0,2011,Total,3,India,21,Odisha,389,Gajapati,2.7,1.3,0,0,0,0,0,3.5,3.5,0
3_21_390_0,2011,Total,3,India,21,Odisha,390,Kandhamal,.6000000000000001,9.9,0,0,0,0,0,4.9,4.9,0
3_21_391_0,2011,Total,3,India,21,Odisha,391,Baudh,27.4,14.8,0,0,0,0,0,3.2,3.2,0
3_21_392_0,2011,Total,3,India,21,Odisha,392,Subarnapur,57.90000000000001,2.5,1,1,0,0,7,0,0,0
3_21_393_0,2011,Total,3,India,21,Odisha,393,Balangir,63.1,.8,0,0,0,0,0,0,0,0
3_21_394_0,2011,Total,3,India,21,Odisha,394,Nuapada,49.1,.5,0,0,0,0,0,14.6,14.6,0
3_21_395_0,2011,Total,3,India,21,Odisha,395,Kalahandi,21,5.100000000000001,0,0,0,0,0,1.9,1.9,0
3_21_396_0,2011,Total,3,India,21,Odisha,396,Rayagada,1.9,1.3,0,0,0,0,0,.1,.1,0
3_21_397_0,2011,Total,3,India,21,Odisha,397,Nabarangapur,46.6,.5,0,0,0,0,0,1.4,1.4,0
3_21_398_0,2011,Total,3,India,21,Odisha,398,Koraput,22.7,.5,0,0,0,0,0,.1,.1,0
3_21_399_0,2011,Total,3,India,21,Odisha,399,Malkangiri,4.800000000000001,1.9,0,0,0,0,0,0,0,0
3_22_400_0,2011,Total,3,India,22,Chhattisgarh,400,Koriya,19.2,6.9,0,0,0,0,0,19.4,19.4,0
3_22_401_0,2011,Total,3,India,22,Chhattisgarh,401,Surguja,38.5,6.600000000000001,0,0,0,0,0,6.800000000000001,6.800000000000001,0
3_22_402_0,2011,Total,3,India,22,Chhattisgarh,402,Jashpur,32.2,2.4,0,0,0,0,0,2.1,2.1,0
3_22_403_0,2011,Total,3,India,22,Chhattisgarh,403,Raigarh,31.7,4,0,0,0,0,0,4,4,0
3_22_404_0,2011,Total,3,India,22,Chhattisgarh,404,Korba,33.3,10.1,2,0,2,2,.6000000000000001,0,0,0
3_22_405_0,2011,Total,3,India,22,Chhattisgarh,405,Janjgir - Champa,47.8,.2,0,0,0,0,0,0,0,0
3_22_406_0,2011,Total,3,India,22,Chhattisgarh,406,Bilaspur,33.3,7.9,1,1,0,0,.2,6.5,6.5,0
3_22_407_0,2011,Total,3,India,22,Chhattisgarh,407,Kabeerdham,18.8,2,0,0,0,0,0,.9,.9,0
3_22_408_0,2011,Total,3,India,22,Chhattisgarh,408,Rajnandgaon,18.7,2.7,0,0,0,0,0,0,0,0
3_22_409_0,2011,Total,3,India,22,Chhattisgarh,409,Durg,49.1,.3,2,2,0,0,11.9,0,0,0
3_22_410_0,2011,Total,3,India,22,Chhattisgarh,410,Raipur,37.5,1.9,1,0,1,1,1.4,4.9,4.9,0
3_22_411_0,2011,Total,3,India,22,Chhattisgarh,411,Mahasamund,46.90000000000001,.1,0,0,0,0,0,.2,.2,0
3_22_412_0,2011,Total,3,India,22,Chhattisgarh,412,Dhamtari,42.2,9.200000000000001,0,0,0,0,0,12.3,12.3,0
3_22_413_0,2011,Total,3,India,22,Chhattisgarh,413,Uttar Bastar Kanker,15,11.3,0,0,0,0,0,.2,.2,0
3_22_414_0,2011,Total,3,India,22,Chhattisgarh,414,Bastar,10.3,1.7,2,0,2,2,4,2.6,2.6,0
3_22_415_0,2011,Total,3,India,22,Chhattisgarh,415,Narayanpur,.3,31.9,0,0,0,0,0,0,0,0
3_22_416_0,2011,Total,3,India,22,Chhattisgarh,416,Dakshin Bastar Dantewada,.4,2.1,1,1,0,0,9,2.2,2.2,0
3_22_417_0,2011,Total,3,India,22,Chhattisgarh,417,Bijapur,1.3,19.9,0,0,0,0,0,20.6,20.6,0
3_23_418_0,2011,Total,3,India,23,Madhya Pradesh,418,Sheopur,30.2,2.4,0,0,0,0,0,5.4,5.4,0
3_23_419_0,2011,Total,3,India,23,Madhya Pradesh,419,Morena,79.10000000000001,0,0,0,0,0,0,1.8,1.8,0
3_23_420_0,2011,Total,3,India,23,Madhya Pradesh,420,Bhind,98.90000000000001,0,0,0,0,0,0,.7000000000000001,.7000000000000001,0
3_23_421_0,2011,Total,3,India,23,Madhya Pradesh,421,Gwalior,65.60000000000001,.9,0,0,0,0,0,11.2,11.2,0
3_23_422_0,2011,Total,3,India,23,Madhya Pradesh,422,Datia,98.2,.1,0,0,0,0,0,0,0,0
3_23_423_0,2011,Total,3,India,23,Madhya Pradesh,423,Shivpuri,61.8,.4,0,0,0,0,0,5.5,5.5,0
3_23_424_0,2011,Total,3,India,23,Madhya Pradesh,424,Tikamgarh,97.40000000000001,0,0,0,0,0,0,0,0,0
3_23_425_0,2011,Total,3,India,23,Madhya Pradesh,425,Chhatarpur,79.60000000000001,.5,0,0,0,0,0,3.9,3.9,0
3_23_426_0,2011,Total,3,India,23,Madhya Pradesh,426,Panna,49.5,1.7,1,1,0,0,0,8,8,0
3_23_427_0,2011,Total,3,India,23,Madhya Pradesh,427,Sagar,65,.4,0,0,0,0,0,8,8,0
3_23_428_0,2011,Total,3,India,23,Madhya Pradesh,428,Damoh,50.90000000000001,.1,0,0,0,0,0,4.5,4.5,0
3_23_429_0,2011,Total,3,India,23,Madhya Pradesh,429,Satna,73.8,1.4,1,0,1,0,1.8,0,0,0
3_23_430_0,2011,Total,3,India,23,Madhya Pradesh,430,Rewa,89.2,1.2,1,0,1,0,1.1,2.9,2.9,0
3_23_431_0,2011,Total,3,India,23,Madhya Pradesh,431,Umaria,26.9,3.2,0,0,0,0,0,13.1,13.1,0
3_23_432_0,2011,Total,3,India,23,Madhya Pradesh,432,Neemuch,66.60000000000001,.1,1,0,1,0,1,3.7,3.7,0
3_23_433_0,2011,Total,3,India,23,Madhya Pradesh,433,Mandsaur,87.30000000000001,0,0,0,0,0,0,11.8,11.8,0
3_23_434_0,2011,Total,3,India,23,Madhya Pradesh,434,Ratlam,95.5,0,0,0,0,0,0,0,0,0
3_23_435_0,2011,Total,3,India,23,Madhya Pradesh,435,Ujjain,98,0,0,0,0,0,0,0,0,0
3_23_436_0,2011,Total,3,India,23,Madhya Pradesh,436,Shajapur,97.90000000000001,0,0,0,0,0,0,0,0,0
3_23_437_0,2011,Total,3,India,23,Madhya Pradesh,437,Dewas,68.10000000000001,.5,0,0,0,0,0,1.1,1.1,0
3_23_438_0,2011,Total,3,India,23,Madhya Pradesh,438,Dhar,92,0,0,0,0,0,0,0,0,0
3_23_439_0,2011,Total,3,India,23,Madhya Pradesh,439,Indore,80,.2,0,0,0,0,0,0,0,0
3_23_440_0,2011,Total,3,India,23,Madhya Pradesh,440,Khargone (West Nimar),72.7,.2,0,0,0,0,0,.5,.5,0
3_23_441_0,2011,Total,3,India,23,Madhya Pradesh,441,Barwani,57.6,.1,0,0,0,0,0,0,0,0
3_23_442_0,2011,Total,3,India,23,Madhya Pradesh,442,Rajgarh,95,.1,0,0,0,0,0,0,0,0
3_23_443_0,2011,Total,3,India,23,Madhya Pradesh,443,Vidisha,93.60000000000001,.3,0,0,0,0,0,.3,.3,0
3_23_444_0,2011,Total,3,India,23,Madhya Pradesh,444,Bhopal,80.30000000000001,.1,0,0,0,0,0,1.1,1.1,0
3_23_445_0,2011,Total,3,India,23,Madhya Pradesh,445,Sehore,77.80000000000001,.2,0,0,0,0,0,0,0,0
3_23_446_0,2011,Total,3,India,23,Madhya Pradesh,446,Raisen,56.6,.4,3,3,0,0,57,7.800000000000001,7.800000000000001,0
3_23_447_0,2011,Total,3,India,23,Madhya Pradesh,447,Betul,38.3,.5,0,0,0,0,0,1.2,1.2,0
3_23_448_0,2011,Total,3,India,23,Madhya Pradesh,448,Harda,62.7,.5,0,0,0,0,0,0,0,0
3_23_449_0,2011,Total,3,India,23,Madhya Pradesh,449,Hoshangabad,57.1,4.7,0,0,0,0,0,18.9,18.9,0
3_23_450_0,2011,Total,3,India,23,Madhya Pradesh,450,Katni,67.7,2.9,0,0,0,0,0,.9,.9,0
3_23_451_0,2011,Total,3,India,23,Madhya Pradesh,451,Jabalpur,66.7,.5,1,0,1,0,1.5,0,0,0
3_23_452_0,2011,Total,3,India,23,Madhya Pradesh,452,Narsimhapur,68.7,.7000000000000001,0,0,0,0,0,4.2,4.2,0
3_23_453_0,2011,Total,3,India,23,Madhya Pradesh,453,Dindori,27.9,8.300000000000001,0,0,0,0,0,0,0,0
3_23_454_0,2011,Total,3,India,23,Madhya Pradesh,454,Mandla,11.2,7.100000000000001,0,0,0,0,0,5.800000000000001,5.800000000000001,0
3_23_455_0,2011,Total,3,India,23,Madhya Pradesh,455,Chhindwara,37.3,.5,1,1,0,0,1.3,.9,.9,0
3_23_456_0,2011,Total,3,India,23,Madhya Pradesh,456,Seoni,45.3,2.4,0,0,0,0,0,6.300000000000001,6.300000000000001,0
3_23_457_0,2011,Total,3,India,23,Madhya Pradesh,457,Balaghat,27.6,16.4,1,1,0,0,0,5.600000000000001,5.600000000000001,0
3_23_458_0,2011,Total,3,India,23,Madhya Pradesh,458,Guna,78,.4,0,0,0,0,0,0,0,0
3_23_459_0,2011,Total,3,India,23,Madhya Pradesh,459,Ashoknagar,81.30000000000001,.2,0,0,0,0,0,0,0,0
3_23_460_0,2011,Total,3,India,23,Madhya Pradesh,460,Shahdol,47.3,.7000000000000001,0,0,0,0,0,.3,.3,0
3_23_461_0,2011,Total,3,India,23,Madhya Pradesh,461,Anuppur,47.2,1.8,0,0,0,0,0,0,0,0
3_23_462_0,2011,Total,3,India,23,Madhya Pradesh,462,Sidhi,65.40000000000001,3.2,0,0,0,0,0,16.4,16.4,0
3_23_463_0,2011,Total,3,India,23,Madhya Pradesh,463,Singrauli,68,2,0,0,0,0,0,7.800000000000001,7.800000000000001,0
3_23_464_0,2011,Total,3,India,23,Madhya Pradesh,464,Jhabua,78.7,0,0,0,0,0,0,.5,.5,0
3_23_465_0,2011,Total,3,India,23,Madhya Pradesh,465,Alirajpur,76.3,.2,0,0,0,0,0,3.5,3.5,0
3_23_466_0,2011,Total,3,India,23,Madhya Pradesh,466,Khandwa (East Nimar),40.2,.7000000000000001,0,0,0,0,0,0,0,0
3_23_467_0,2011,Total,3,India,23,Madhya Pradesh,467,Burhanpur,31.5,.2,0,0,0,0,0,0,0,0
3_24_468_0,2011,Total,3,India,24,Gujarat,468,Kachchh,19.3,.2,0,0,0,0,0,46.3,46.3,0
3_24_469_0,2011,Total,3,India,24,Gujarat,469,Banas Kantha,92.80000000000001,0,0,0,0,0,0,9,9,0
3_24_470_0,2011,Total,3,India,24,Gujarat,470,Patan,82.7,0,0,0,0,0,0,9.600000000000001,9.600000000000001,0
3_24_471_0,2011,Total,3,India,24,Gujarat,471,Mahesana,98,0,0,0,0,0,0,0,0,0
3_24_472_0,2011,Total,3,India,24,Gujarat,472,Sabar Kantha,92.60000000000001,.1,0,0,0,0,0,.8,.8,0
3_24_473_0,2011,Total,3,India,24,Gujarat,473,Gandhinagar,94.90000000000001,0,0,0,0,0,0,0,0,0
3_24_474_0,2011,Total,3,India,24,Gujarat,474,Ahmadabad,76.2,0,0,0,0,0,0,.1,.1,0
3_24_475_0,2011,Total,3,India,24,Gujarat,475,Surendranagar,79.90000000000001,0,0,0,0,0,0,6.9,6.9,0
3_24_476_0,2011,Total,3,India,24,Gujarat,476,Rajkot,78.40000000000001,0,1,1,0,0,.3,2,2,0
3_24_477_0,2011,Total,3,India,24,Gujarat,477,Jamnagar,77.90000000000001,.1,1,0,1,1,13928,2.1,2.1,0
3_24_478_0,2011,Total,3,India,24,Gujarat,478,Porbandar,78.2,0,0,0,0,0,0,3.5,3.5,0
3_24_479_0,2011,Total,3,India,24,Gujarat,479,Junagadh,40.3,.2,1,1,0,0,.3,16.8,16.8,0
3_24_480_0,2011,Total,3,India,24,Gujarat,480,Amreli,85.7,0,1,0,1,0,1,3.2,3.2,0
3_24_481_0,2011,Total,3,India,24,Gujarat,481,Bhavnagar,69.8,0,0,0,0,0,0,.5,.5,0
3_24_482_0,2011,Total,3,India,24,Gujarat,482,Anand,77,0,0,0,0,0,0,0,0,0
3_24_483_0,2011,Total,3,India,24,Gujarat,483,Kheda,98.2,0,0,0,0,0,0,0,0,0
3_24_484_0,2011,Total,3,India,24,Gujarat,484,Panch Mahals,82.7,0,0,0,0,0,0,3.2,3.2,0
3_24_485_0,2011,Total,3,India,24,Gujarat,485,Dohad,82.10000000000001,0,0,0,0,0,0,8.200000000000001,8.200000000000001,0
3_24_486_0,2011,Total,3,India,24,Gujarat,486,Vadodara,80.90000000000001,0,1,1,0,0,10736,0,0,0
3_24_487_0,2011,Total,3,India,24,Gujarat,487,Narmada,51.5,.7000000000000001,0,0,0,0,0,10.9,10.9,0
3_24_488_0,2011,Total,3,India,24,Gujarat,488,Bharuch,55.2,.1,1,0,1,1,.1,0,0,0
3_24_489_0,2011,Total,3,India,24,Gujarat,489,The Dangs,6.4,2.4,0,0,0,0,0,8.4,8.4,0
3_24_490_0,2011,Total,3,India,24,Gujarat,490,Navsari,61.7,.2,0,0,0,0,0,0,0,0
3_24_491_0,2011,Total,3,India,24,Gujarat,491,Valsad,45.5,.3,0,0,0,0,0,0,0,0
3_24_492_0,2011,Total,3,India,24,Gujarat,492,Surat,72.10000000000001,.2,1,0,1,1,3,0,0,0
3_24_493_0,2011,Total,3,India,24,Gujarat,493,Tapi,39.5,.4,0,0,0,0,0,.6000000000000001,.6000000000000001,0
3_25_494_0,2011,Total,3,India,25,Daman & Diu,494,Diu,42.2,1.4,0,0,0,0,0,0,0,0
3_25_495_0,2011,Total,3,India,25,Daman & Diu,495,Daman,47.40000000000001,.6000000000000001,0,0,0,0,0,0,0,0
3_26_496_0,2011,Total,3,India,26,Dadra & Nagar Haveli,496,Dadra & Nagar Haveli,16.1,.2,1,0,1,1,.3,0,0,0
3_27_497_0,2011,Total,3,India,27,Maharashtra,497,Nandurbar,46.1,.1,0,0,0,0,0,1.1,1.1,0
3_27_498_0,2011,Total,3,India,27,Maharashtra,498,Dhule,75.5,0,0,0,0,0,0,0,0,0
3_27_499_0,2011,Total,3,India,27,Maharashtra,499,Jalgaon,81.80000000000001,.2,0,0,0,0,0,.5,.5,0
3_27_500_0,2011,Total,3,India,27,Maharashtra,500,Buldana,87.90000000000001,0,0,0,0,0,0,0,0,0
3_27_501_0,2011,Total,3,India,27,Maharashtra,501,Akola,90.10000000000001,0,0,0,0,0,0,3.1,3.1,0
3_27_502_0,2011,Total,3,India,27,Maharashtra,502,Washim,98.7,0,0,0,0,0,0,0,0,0
3_27_503_0,2011,Total,3,India,27,Maharashtra,503,Amravati,63.5,.4,0,0,0,0,0,17.5,17.5,0
3_27_504_0,2011,Total,3,India,27,Maharashtra,504,Wardha,84,.1,1,0,1,0,.5,1.2,1.2,0
3_27_505_0,2011,Total,3,India,27,Maharashtra,505,Nagpur,54.7,.7000000000000001,0,0,0,0,0,5.100000000000001,5.100000000000001,0
3_27_506_0,2011,Total,3,India,27,Maharashtra,506,Bhandara,70,1,2,0,2,0,0,0,0,0
3_27_507_0,2011,Total,3,India,27,Maharashtra,507,Gondiya,40,3.7,0,0,0,0,0,6.2,6.2,0
3_27_508_0,2011,Total,3,India,27,Maharashtra,508,Gadchiroli,9.9,14.9,0,0,0,0,0,1.3,1.3,0
3_27_509_0,2011,Total,3,India,27,Maharashtra,509,Chandrapur,37.7,.6000000000000001,2,0,2,1,3.3,5.2,5.2,0
3_27_510_0,2011,Total,3,India,27,Maharashtra,510,Yavatmal,86.7,0,0,0,0,0,0,1.9,1.9,0
3_27_511_0,2011,Total,3,India,27,Maharashtra,511,Nanded,87.2,0,0,0,0,0,0,.3,.3,0
3_27_512_0,2011,Total,3,India,27,Maharashtra,512,Hingoli,97,0,0,0,0,0,0,0,0,0
3_27_513_0,2011,Total,3,India,27,Maharashtra,513,Parbhani,92.30000000000001,0,0,0,0,0,0,0,0,0
3_27_514_0,2011,Total,3,India,27,Maharashtra,514,Jalna,98.90000000000001,0,0,0,0,0,0,0,0,0
3_27_515_0,2011,Total,3,India,27,Maharashtra,515,Aurangabad,93.30000000000001,0,0,0,0,0,0,4.800000000000001,4.800000000000001,0
3_27_516_0,2011,Total,3,India,27,Maharashtra,516,Nashik,75.60000000000001,.1,0,0,0,0,0,.5,.5,0
3_27_517_0,2011,Total,3,India,27,Maharashtra,517,Thane,18.8,.6000000000000001,2,0,2,0,0,2.8,2.8,0
3_27_518_0,2011,Total,3,India,27,Maharashtra,518,Mumbai Suburban,10.8,.5,2,2,0,0,14219,2.3,2.3,0
3_27_519_0,2011,Total,3,India,27,Maharashtra,519,Mumbai,2,0,2,0,2,1,3.1,0,0,0
3_27_520_0,2011,Total,3,India,27,Maharashtra,520,Raigarh,16.7,1.2,1,0,1,1,3,.9,.9,0
3_27_521_0,2011,Total,3,India,27,Maharashtra,521,Pune,71.8,.2,1,0,1,0,0,1.4,1.4,0
3_27_522_0,2011,Total,3,India,27,Maharashtra,522,Ahmadnagar,92.7,0,1,1,0,0,9,8.1,8.1,0
3_27_523_0,2011,Total,3,India,27,Maharashtra,523,Bid,97.10000000000001,0,0,0,0,0,0,1.6,1.6,0
3_27_524_0,2011,Total,3,India,27,Maharashtra,524,Latur,97.90000000000001,0,0,0,0,0,0,0,0,0
3_27_525_0,2011,Total,3,India,27,Maharashtra,525,Osmanabad,96.5,0,0,0,0,0,0,0,0,0
3_27_526_0,2011,Total,3,India,27,Maharashtra,526,Solapur,93.40000000000001,0,0,0,0,0,0,7.600000000000001,7.600000000000001,0
3_27_527_0,2011,Total,3,India,27,Maharashtra,527,Satara,60.8,.9,0,0,0,0,0,5,2.3,4.800000000000001
3_27_528_0,2011,Total,3,India,27,Maharashtra,528,Ratnagiri,7.800000000000001,.8,0,0,0,0,0,.7000000000000001,.4,.3
3_27_529_0,2011,Total,3,India,27,Maharashtra,529,Sindhudurg,12.8,3.8,0,0,0,0,0,.3,.2,.1
3_27_530_0,2011,Total,3,India,27,Maharashtra,530,Kolhapur,34.8,2.7,1,0,1,1,.6000000000000001,8.700000000000001,5.4,6.800000000000001
3_27_531_0,2011,Total,3,India,27,Maharashtra,531,Sangli,83.30000000000001,.2,0,0,0,0,0,2.3,1.4,1.5
3_28_532_0,2011,Total,3,India,28,Andhra Pradesh,532,Adilabad,50,.3,0,0,0,0,0,7.2,7.2,0
3_28_533_0,2011,Total,3,India,28,Andhra Pradesh,533,Nizamabad,75.2,.1,0,0,0,0,0,1.4,1.4,0
3_28_534_0,2011,Total,3,India,28,Andhra Pradesh,534,Karimnagar,58.8,.3,0,0,0,0,0,.5,.5,0
3_28_535_0,2011,Total,3,India,28,Andhra Pradesh,535,Medak,84,0,0,0,0,0,0,.4,.4,0
3_28_536_0,2011,Total,3,India,28,Andhra Pradesh,536,Hyderabad,.8,0,0,0,0,0,0,0,0,0
3_28_537_0,2011,Total,3,India,28,Andhra Pradesh,537,Rangareddy,63.8,0,0,0,0,0,0,0,0,0
3_28_538_0,2011,Total,3,India,28,Andhra Pradesh,538,Mahbubnagar,81.5,.1,0,0,0,0,0,12.6,12.6,0
3_28_539_0,2011,Total,3,India,28,Andhra Pradesh,539,Nalgonda,82,0,1,1,0,0,1,5.300000000000001,5.300000000000001,0
3_28_540_0,2011,Total,3,India,28,Andhra Pradesh,540,Warangal,53.90000000000001,.9,0,0,0,0,0,17.1,17.1,0
3_28_541_0,2011,Total,3,India,28,Andhra Pradesh,541,Khammam,15.9,1.3,0,0,0,0,0,3.4,3.4,0
3_28_542_0,2011,Total,3,India,28,Andhra Pradesh,542,Srikakulam,44.3,.4,0,0,0,0,0,0,0,0
3_28_543_0,2011,Total,3,India,28,Andhra Pradesh,543,Vizianagaram,32.7,.1,0,0,0,0,0,0,0,0
3_28_544_0,2011,Total,3,India,28,Andhra Pradesh,544,Visakhapatnam,3.2,1,4,2,2,2,5231,0,0,0
3_28_545_0,2011,Total,3,India,28,Andhra Pradesh,545,East Godavari,27.4,1.8,0,0,0,0,0,1.7,1.7,0
3_28_546_0,2011,Total,3,India,28,Andhra Pradesh,546,West Godavari,60.6,.2,0,0,0,0,0,11.7,11.7,0
3_28_547_0,2011,Total,3,India,28,Andhra Pradesh,547,Krishna,64.5,.4,0,0,0,0,0,.1,.1,0
3_28_548_0,2011,Total,3,India,28,Andhra Pradesh,548,Guntur,64.10000000000001,.1,1,0,1,1,.1,.1,.1,0
3_28_549_0,2011,Total,3,India,28,Andhra Pradesh,549,Prakasam,29.8,.9,1,1,0,0,18,3.4,3.4,0
3_28_550_0,2011,Total,3,India,28,Andhra Pradesh,550,Sri Potti Sriramulu Nellore,24.7,.5,2,0,2,0,4.7,4.9,4.9,0
3_28_551_0,2011,Total,3,India,28,Andhra Pradesh,551,Y.S.R.,24.5,3.6,6,1,5,0,1.6,0,0,0
3_28_552_0,2011,Total,3,India,28,Andhra Pradesh,552,Kurnool,68.10000000000001,.9,0,0,0,0,0,10.5,10.5,0
3_28_553_0,2011,Total,3,India,28,Andhra Pradesh,553,Anantapur,86.5,0,0,0,0,0,0,0,0,0
3_28_554_0,2011,Total,3,India,28,Andhra Pradesh,554,Chittoor,27.4,1.1,0,0,0,0,0,3.3,3.3,0
3_29_555_0,2011,Total,3,India,29,Karnataka,555,Belgaum,63.40000000000001,1.1,2,0,2,2,.3,.8,.8,0
3_29_556_0,2011,Total,3,India,29,Karnataka,556,Bagalkot,80.7,0,0,0,0,0,0,0,0,0
3_29_557_0,2011,Total,3,India,29,Karnataka,557,Bijapur,94.60000000000001,0,0,0,0,0,0,0,0,0
3_29_558_0,2011,Total,3,India,29,Karnataka,558,Bidar,96.5,0,0,0,0,0,0,0,0,0
3_29_559_0,2011,Total,3,India,29,Karnataka,559,Raichur,92.2,0,1,1,0,0,0,0,0,0
3_29_560_0,2011,Total,3,India,29,Karnataka,560,Koppal,89.2,0,0,0,0,0,0,0,0,0
3_29_561_0,2011,Total,3,India,29,Karnataka,561,Gadag,85.7,0,0,0,0,0,0,0,0,0
3_29_562_0,2011,Total,3,India,29,Karnataka,562,Dharwad,74.5,.2,0,0,0,0,0,0,0,0
3_29_563_0,2011,Total,3,India,29,Karnataka,563,Uttara Kannada,3.5,29.3,0,0,0,0,0,14.1,14.1,0
3_29_564_0,2011,Total,3,India,29,Karnataka,564,Haveri,80.90000000000001,0,0,0,0,0,0,1.3,1.3,0
3_29_565_0,2011,Total,3,India,29,Karnataka,565,Bellary,85.80000000000001,0,1,1,0,0,9,0,0,0
3_29_566_0,2011,Total,3,India,29,Karnataka,566,Chitradurga,78.80000000000001,0,0,0,0,0,0,0,0,0
3_29_567_0,2011,Total,3,India,29,Karnataka,567,Davanagere,82.90000000000001,0,0,0,0,0,0,0,0,0
3_29_568_0,2011,Total,3,India,29,Karnataka,568,Shimoga,13.6,6.600000000000001,1,1,0,0,.2,15.2,14.3,.9
3_29_569_0,2011,Total,3,India,29,Karnataka,569,Udupi,4.600000000000001,19.4,0,0,0,0,0,22,16.1,9.5
3_29_570_0,2011,Total,3,India,29,Karnataka,570,Chikmagalur,20.4,20.1,1,1,0,0,10.3,13.4,12.5,5.600000000000001
3_29_571_0,2011,Total,3,India,29,Karnataka,571,Tumkur,67,0,0,0,0,0,0,0,0,0
3_29_572_0,2011,Total,3,India,29,Karnataka,572,Bangalore,33.7,0,0,0,0,0,0,2.9,2.9,0
3_29_573_0,2011,Total,3,India,29,Karnataka,573,Mandya,40.8,0,0,0,0,0,0,1.5,1.5,0
3_29_574_0,2011,Total,3,India,29,Karnataka,574,Hassan,58.2,7.5,2,0,2,0,.2,0,0,0
3_29_575_0,2011,Total,3,India,29,Karnataka,575,Dakshina Kannada,1,33.7,0,0,0,0,0,6.4,5.4,4
3_29_576_0,2011,Total,3,India,29,Karnataka,576,Kodagu,.8,60.8,0,0,0,0,0,26.1,16.7,16.2
3_29_577_0,2011,Total,3,India,29,Karnataka,577,Mysore,52.2,.2,1,0,1,1,7,10.4,10.4,0
3_29_578_0,2011,Total,3,India,29,Karnataka,578,Chamarajanagar,20.7,2.3,0,0,0,0,0,30.2,30.2,0
3_29_579_0,2011,Total,3,India,29,Karnataka,579,Gulbarga,96.90000000000001,0,3,0,3,0,4.2,0,0,0
3_29_580_0,2011,Total,3,India,29,Karnataka,580,Yadgir,94.7,0,0,0,0,0,0,0,0,0
3_29_581_0,2011,Total,3,India,29,Karnataka,581,Kolar,49.5,0,0,0,0,0,0,0,0,0
3_29_582_0,2011,Total,3,India,29,Karnataka,582,Chikkaballapura,65.3,0,0,0,0,0,0,0,0,0
3_29_583_0,2011,Total,3,India,29,Karnataka,583,Bangalore Rural,51.1,0,0,0,0,0,0,0,0,0
3_29_584_0,2011,Total,3,India,29,Karnataka,584,Ramanagara,28.9,.1,0,0,0,0,0,2.3,2.3,0
3_2_23_0,2011,Total,3,India,2,Himachal Pradesh,23,Chamba,8.1,6.100000000000001,0,0,0,0,0,9.200000000000001,9.200000000000001,0
3_2_24_0,2011,Total,3,India,2,Himachal Pradesh,24,Kangra,21.3,.6000000000000001,0,0,0,0,0,5.300000000000001,5.300000000000001,0
3_2_25_0,2011,Total,3,India,2,Himachal Pradesh,25,Lahul & Spiti,.1,.9,0,0,0,0,0,12.3,12.3,0
3_2_26_0,2011,Total,3,India,2,Himachal Pradesh,26,Kullu,3.7,2.6,0,0,0,0,0,18.1,18.1,0
3_2_27_0,2011,Total,3,India,2,Himachal Pradesh,27,Mandi,15.6,2.9,0,0,0,0,0,9.5,9.5,0
3_2_28_0,2011,Total,3,India,2,Himachal Pradesh,28,Hamirpur,28.7,0,0,0,0,0,0,0,0,0
3_2_29_0,2011,Total,3,India,2,Himachal Pradesh,29,Una,34.4,.1,0,0,0,0,0,0,0,0
3_2_30_0,2011,Total,3,India,2,Himachal Pradesh,30,Bilaspur,22.2,.7000000000000001,1,0,1,0,1.8,17.9,17.9,0
3_2_31_0,2011,Total,3,India,2,Himachal Pradesh,31,Solan,23.3,0,0,0,0,0,0,12.2,12.2,0
3_2_32_0,2011,Total,3,India,2,Himachal Pradesh,32,Sirmaur,21.9,.7000000000000001,0,0,0,0,0,9.200000000000001,9.200000000000001,0
3_2_33_0,2011,Total,3,India,2,Himachal Pradesh,33,Shimla,10.4,5.7,1,0,1,1,2,5.300000000000001,5.300000000000001,0
3_2_34_0,2011,Total,3,India,2,Himachal Pradesh,34,Kinnaur,.7000000000000001,2.6,0,0,0,0,0,23,23,0
3_30_585_0,2011,Total,3,India,30,Goa,585,North Goa,6.800000000000001,10.7,3,0,3,0,7.5,4.7,4.7,0
3_30_586_0,2011,Total,3,India,30,Goa,586,South Goa,7.800000000000001,25.9,0,0,0,0,0,11.9,11.9,0
3_31_587_0,2011,Total,3,India,31,Lakshadweep,587,Lakshadweep,0,1.1,0,0,0,0,0,0,0,0
3_32_588_0,2011,Total,3,India,32,Kerala,588,Kasaragod,5.300000000000001,16.4,0,0,0,0,0,.3,.3,0
3_32_589_0,2011,Total,3,India,32,Kerala,589,Kannur,5,32.9,0,0,0,0,0,5.300000000000001,3.9,2.5
3_32_590_0,2011,Total,3,India,32,Kerala,590,Wayanad,2.8,41.2,0,0,0,0,0,21.5,21.4,.2
3_32_591_0,2011,Total,3,India,32,Kerala,591,Kozhikode,4.800000000000001,75.60000000000001,0,0,0,0,0,0,0,0
3_32_592_0,2011,Total,3,India,32,Kerala,592,Malappuram,10.6,26,0,0,0,0,0,10.2,5.9,9.800000000000001
3_32_593_0,2011,Total,3,India,32,Kerala,593,Palakkad,20.8,22.6,0,0,0,0,0,9.1,8,3.8
3_32_594_0,2011,Total,3,India,32,Kerala,594,Thrissur,14.1,22.1,0,0,0,0,0,5.7,5.7,0
3_32_595_0,2011,Total,3,India,32,Kerala,595,Ernakulam,15.5,28.3,3,1,2,1,93.10000000000001,1.9,1.9,0
3_32_596_0,2011,Total,3,India,32,Kerala,596,Idukki,1.1,59,0,0,0,0,0,25.1,18.8,21.6
3_32_597_0,2011,Total,3,India,32,Kerala,597,Kottayam,12.5,24.8,0,0,0,0,0,.2,.2,.2
3_32_598_0,2011,Total,3,India,32,Kerala,598,Alappuzha,17.5,24.2,0,0,0,0,0,0,0,0
3_32_599_0,2011,Total,3,India,32,Kerala,599,Pathanamthitta,2.5,53.1,0,0,0,0,0,45.6,6,45.2
3_32_600_0,2011,Total,3,India,32,Kerala,600,Kollam,8,32.8,2,2,0,0,.3,16.8,6.300000000000001,16.1
3_32_601_0,2011,Total,3,India,32,Kerala,601,Thiruvananthapuram,9.800000000000001,41.3,0,0,0,0,0,20.1,10.9,18.5
3_33_602_0,2011,Total,3,India,33,Tamil Nadu,602,Thiruvallur,45.1,.2,1,1,0,0,7603,3.4,3.4,0
3_33_603_0,2011,Total,3,India,33,Tamil Nadu,603,Chennai,3.3,0,0,0,0,0,0,0,0,0
3_33_604_0,2011,Total,3,India,33,Tamil Nadu,604,Kancheepuram,29.2,0,0,0,0,0,0,0,0,0
3_33_605_0,2011,Total,3,India,33,Tamil Nadu,605,Vellore,21,2.5,0,0,0,0,0,0,0,0
3_33_606_0,2011,Total,3,India,33,Tamil Nadu,606,Tiruvannamalai,28.9,2.5,0,0,0,0,0,1,1,0
3_33_607_0,2011,Total,3,India,33,Tamil Nadu,607,Viluppuram,45.5,.6000000000000001,0,0,0,0,0,.1,.1,0
3_33_608_0,2011,Total,3,India,33,Tamil Nadu,608,Salem,17.1,3.1,5,2,3,2,.6000000000000001,0,0,0
3_33_609_0,2011,Total,3,India,33,Tamil Nadu,609,Namakkal,35.9,1.7,0,0,0,0,0,0,0,0
3_33_610_0,2011,Total,3,India,33,Tamil Nadu,610,Erode,34.5,3.9,0,0,0,0,0,1.3,1.3,0
3_33_611_0,2011,Total,3,India,33,Tamil Nadu,611,The Nilgiris,1.1,27.4,0,0,0,0,0,28.5,27,3.7
3_33_612_0,2011,Total,3,India,33,Tamil Nadu,612,Dindigul,26.6,13.8,0,0,0,0,0,0,0,0
3_33_613_0,2011,Total,3,India,33,Tamil Nadu,613,Karur,18,.1,0,0,0,0,0,0,0,0
3_33_614_0,2011,Total,3,India,33,Tamil Nadu,614,Tiruchirappalli,38.8,1.4,1,1,0,0,17,0,0,0
3_33_615_0,2011,Total,3,India,33,Tamil Nadu,615,Perambalur,49,.5,0,0,0,0,0,0,0,0
3_33_616_0,2011,Total,3,India,33,Tamil Nadu,616,Ariyalur,75.3,0,0,0,0,0,0,0,0,0
3_33_617_0,2011,Total,3,India,33,Tamil Nadu,617,Cuddalore,83.7,0,0,0,0,0,0,.4,.4,0
3_33_618_0,2011,Total,3,India,33,Tamil Nadu,618,Nagapattinam,84,.3,0,0,0,0,0,1.9,1.9,0
3_33_619_0,2011,Total,3,India,33,Tamil Nadu,619,Thiruvarur,91.7,0,0,0,0,0,0,5.5,5.5,0
3_33_620_0,2011,Total,3,India,33,Tamil Nadu,620,Thanjavur,79.5,0,0,0,0,0,0,1.2,1.2,0
3_33_621_0,2011,Total,3,India,33,Tamil Nadu,621,Pudukkottai,34.1,0,0,0,0,0,0,0,0,0
3_33_622_0,2011,Total,3,India,33,Tamil Nadu,622,Sivaganga,52.6,0,0,0,0,0,0,1.1,1.1,0
3_33_623_0,2011,Total,3,India,33,Tamil Nadu,623,Madurai,38,1.4,0,0,0,0,0,5.4,.3,5.4
3_33_624_0,2011,Total,3,India,33,Tamil Nadu,624,Theni,17.5,11.8,0,0,0,0,0,10.7,10.7,.5
3_33_625_0,2011,Total,3,India,33,Tamil Nadu,625,Virudhunagar,51.40000000000001,1.8,0,0,0,0,0,8.700000000000001,5.800000000000001,6.5
3_33_626_0,2011,Total,3,India,33,Tamil Nadu,626,Ramanathapuram,72.10000000000001,0,0,0,0,0,0,.1,.1,0
3_33_627_0,2011,Total,3,India,33,Tamil Nadu,627,Thoothukkudi,37.2,.1,1,0,1,1,.4,0,0,0
3_33_628_0,2011,Total,3,India,33,Tamil Nadu,628,Tirunelveli,32.6,11.5,1,0,1,0,1,16.5,7.2,16.2
3_33_629_0,2011,Total,3,India,33,Tamil Nadu,629,Kanniyakumari,13.2,24.9,2,1,1,0,.2,19.7,19.7,.1
3_33_630_0,2011,Total,3,India,33,Tamil Nadu,630,Dharmapuri,20.2,2.5,0,0,0,0,0,.6000000000000001,.6000000000000001,0
3_33_631_0,2011,Total,3,India,33,Tamil Nadu,631,Krishnagiri,29.4,.6000000000000001,0,0,0,0,0,.5,.5,0
3_33_632_0,2011,Total,3,India,33,Tamil Nadu,632,Coimbatore,42.40000000000001,11,0,0,0,0,0,20.3,20.3,.8
3_33_633_0,2011,Total,3,India,33,Tamil Nadu,633,Tiruppur,65.3,2.5,0,0,0,0,0,5.5,5.5,.1
3_34_634_0,2011,Total,3,India,34,Puducherry,634,Yanam,41.3,.1,0,0,0,0,0,0,0,0
3_34_635_0,2011,Total,3,India,34,Puducherry,635,Puducherry,67.3,0,0,0,0,0,0,0,0,0
3_34_636_0,2011,Total,3,India,34,Puducherry,636,Mahe,9.9,19.9,0,0,0,0,0,0,0,0
3_34_637_0,2011,Total,3,India,34,Puducherry,637,Karaikal,74.40000000000001,0,0,0,0,0,0,0,0,0
3_35_638_0,2011,Total,3,India,35,Andaman & Nicobar Islands,638,Nicobars,.3,71.5,0,0,0,0,0,31.3,31.3,0
3_35_639_0,2011,Total,3,India,35,Andaman & Nicobar Islands,639,North  & Middle Andaman,.3,82.7,0,0,0,0,0,2.6,2.6,0
3_35_640_0,2011,Total,3,India,35,Andaman & Nicobar Islands,640,South Andaman,.5,81.40000000000001,0,0,0,0,0,4.5,4.5,0
3_3_35_0,2011,Total,3,India,3,Punjab,35,Gurdaspur,91.40000000000001,0,0,0,0,0,0,0,0,0
3_3_36_0,2011,Total,3,India,3,Punjab,36,Kapurthala,97.80000000000001,0,0,0,0,0,0,0,0,0
3_3_37_0,2011,Total,3,India,3,Punjab,37,Jalandhar,95.30000000000001,0,0,0,0,0,0,0,0,0
3_3_38_0,2011,Total,3,India,3,Punjab,38,Hoshiarpur,80.60000000000001,0,0,0,0,0,0,0,0,0
3_3_39_0,2011,Total,3,India,3,Punjab,39,Shahid Bhagat Singh Nagar,97,0,0,0,0,0,0,0,0,0
3_3_40_0,2011,Total,3,India,3,Punjab,40,Fatehgarh Sahib,98.7,0,0,0,0,0,0,0,0,0
3_3_41_0,2011,Total,3,India,3,Punjab,41,Ludhiana,95,0,0,0,0,0,0,0,0,0
3_3_42_0,2011,Total,3,India,3,Punjab,42,Moga,99,0,0,0,0,0,0,0,0,0
3_3_43_0,2011,Total,3,India,3,Punjab,43,Firozpur,97.2,0,0,0,0,0,0,3.5,3.5,0
3_3_44_0,2011,Total,3,India,3,Punjab,44,Muktsar,98.5,0,0,0,0,0,0,.6000000000000001,.6000000000000001,0
3_3_45_0,2011,Total,3,India,3,Punjab,45,Faridkot,98.30000000000001,0,0,0,0,0,0,0,0,0
3_3_46_0,2011,Total,3,India,3,Punjab,46,Bathinda,98,0,0,0,0,0,0,0,0,0
3_3_47_0,2011,Total,3,India,3,Punjab,47,Mansa,99.30000000000001,0,0,0,0,0,0,0,0,0
3_3_48_0,2011,Total,3,India,3,Punjab,48,Patiala,97,0,0,0,0,0,0,2.3,2.3,0
3_3_49_0,2011,Total,3,India,3,Punjab,49,Amritsar,95.60000000000001,0,1,0,1,1,2,0,0,0
3_3_50_0,2011,Total,3,India,3,Punjab,50,Tarn Taran,99,0,0,0,0,0,0,.1,.1,0
3_3_51_0,2011,Total,3,India,3,Punjab,51,Rupnagar,87.2,0,0,0,0,0,0,.1,.1,0
3_3_52_0,2011,Total,3,India,3,Punjab,52,Sahibzada Ajit Singh Nagar,87.90000000000001,0,0,0,0,0,0,0,0,0
3_3_53_0,2011,Total,3,India,3,Punjab,53,Sangrur,98.5,0,0,0,0,0,0,0,0,0
3_3_54_0,2011,Total,3,India,3,Punjab,54,Barnala,99,0,0,0,0,0,0,0,0,0
3_4_55_0,2011,Total,3,India,4,Chandigarh,55,Chandigarh,15.1,0,0,0,0,0,0,0,0,0
3_5_56_0,2011,Total,3,India,5,Uttarakhand,56,Uttarkashi,3.2,1.6,0,0,0,0,0,17.3,17.2,.3
3_5_57_0,2011,Total,3,India,5,Uttarakhand,57,Chamoli,2.3,.4,0,0,0,0,0,50.6,10.4,50.5
3_5_58_0,2011,Total,3,India,5,Uttarakhand,58,Rudraprayag,4.4,.3,0,0,0,0,0,22.2,22,.6000000000000001
3_5_59_0,2011,Total,3,India,5,Uttarakhand,59,Tehri Garhwal,8.700000000000001,.2,0,0,0,0,0,5.100000000000001,5.100000000000001,0
3_5_60_0,2011,Total,3,India,5,Uttarakhand,60,Dehradun,15.8,1.5,0,0,0,0,0,5.7,5.7,0
3_5_61_0,2011,Total,3,India,5,Uttarakhand,61,Garhwal,8.4,.1,0,0,0,0,0,13.3,13.3,0
3_5_62_0,2011,Total,3,India,5,Uttarakhand,62,Pithoragarh,1.9,.1,0,0,0,0,0,19.4,3.1,16.3
3_5_63_0,2011,Total,3,India,5,Uttarakhand,63,Bageshwar,5.2,.1,0,0,0,0,0,19.7,.1,19.7
3_5_64_0,2011,Total,3,India,5,Uttarakhand,64,Almora,17.1,0,0,0,0,0,0,.9,.9,0
3_5_65_0,2011,Total,3,India,5,Uttarakhand,65,Champawat,9.9,0,0,0,0,0,0,0,0,0
3_5_66_0,2011,Total,3,India,5,Uttarakhand,66,Nainital,10.7,.2,0,0,0,0,0,2.3,2.3,0
3_5_67_0,2011,Total,3,India,5,Uttarakhand,67,Udham Singh Nagar,66.7,.1,0,0,0,0,0,0,0,0
3_5_68_0,2011,Total,3,India,5,Uttarakhand,68,Hardwar,72.90000000000001,0,0,0,0,0,0,22,22,0
3_6_69_0,2011,Total,3,India,6,Haryana,69,Panchkula,62,0,0,0,0,0,0,0,0,0
3_6_70_0,2011,Total,3,India,6,Haryana,70,Ambala,95.40000000000001,0,1,0,1,0,1.1,0,0,0
3_6_71_0,2011,Total,3,India,6,Haryana,71,Yamunanagar,86.2,0,0,0,0,0,0,.8,.8,0
3_6_72_0,2011,Total,3,India,6,Haryana,72,Kurukshetra,98.2,0,0,0,0,0,0,0,0,0
3_6_73_0,2011,Total,3,India,6,Haryana,73,Kaithal,98.5,0,0,0,0,0,0,0,0,0
3_6_74_0,2011,Total,3,India,6,Haryana,74,Karnal,98.2,0,0,0,0,0,0,0,0,0
3_6_75_0,2011,Total,3,India,6,Haryana,75,Panipat,94.7,0,1,1,0,0,13928,0,0,0
3_6_76_0,2011,Total,3,India,6,Haryana,76,Sonipat,97.40000000000001,0,0,0,0,0,0,0,0,0
3_6_77_0,2011,Total,3,India,6,Haryana,77,Jind,99,0,0,0,0,0,0,0,0,0
3_6_78_0,2011,Total,3,India,6,Haryana,78,Fatehabad,98.90000000000001,0,0,0,0,0,0,0,0,0
3_6_79_0,2011,Total,3,India,6,Haryana,79,Sirsa,98.40000000000001,0,0,0,0,0,0,2.2,2.2,0
3_6_80_0,2011,Total,3,India,6,Haryana,80,Hisar,98,0,0,0,0,0,0,0,0,0
3_6_81_0,2011,Total,3,India,6,Haryana,81,Bhiwani,98.30000000000001,0,0,0,0,0,0,0,0,0
3_6_82_0,2011,Total,3,India,6,Haryana,82,Rohtak,96.80000000000001,0,0,0,0,0,0,0,0,0
3_6_83_0,2011,Total,3,India,6,Haryana,83,Jhajjar,97.80000000000001,0,0,0,0,0,0,0,0,0
3_6_84_0,2011,Total,3,India,6,Haryana,84,Mahendragarh,99.10000000000001,0,0,0,0,0,0,0,0,0
3_6_85_0,2011,Total,3,India,6,Haryana,85,Rewari,98.5,0,0,0,0,0,0,0,0,0
3_6_86_0,2011,Total,3,India,6,Haryana,86,Gurgaon,89.2,0,0,0,0,0,0,1.5,1.5,0
3_6_87_0,2011,Total,3,India,6,Haryana,87,Mewat,99.2,0,0,0,0,0,0,0,0,0
3_6_88_0,2011,Total,3,India,6,Haryana,88,Faridabad,80,0,0,0,0,0,0,0,0,0
3_6_89_0,2011,Total,3,India,6,Haryana,89,Palwal,98.30000000000001,0,0,0,0,0,0,0,0,0
3_7_90_0,2011,Total,3,India,7,NCT Of Delhi,90,North West,55.40000000000001,.1,0,0,0,0,0,0,0,0
3_7_91_0,2011,Total,3,India,7,NCT Of Delhi,91,North,13.7,0,0,0,0,0,0,0,0,0
3_7_92_0,2011,Total,3,India,7,NCT Of Delhi,92,North East,1.3,0,0,0,0,0,0,0,0,0
3_7_93_0,2011,Total,3,India,7,NCT Of Delhi,93,East,3.6,0,0,0,0,0,0,0,0,0
3_7_94_0,2011,Total,3,India,7,NCT Of Delhi,94,New Delhi,1.4,0,0,0,0,0,0,0,0,0
3_7_95_0,2011,Total,3,India,7,NCT Of Delhi,95,Central,5.2,0,0,0,0,0,0,0,0,0
3_7_96_0,2011,Total,3,India,7,NCT Of Delhi,96,West,14.5,0,0,0,0,0,0,0,0,0
3_7_97_0,2011,Total,3,India,7,NCT Of Delhi,97,South West,57.40000000000001,0,0,0,0,0,0,0,0,0
3_7_98_0,2011,Total,3,India,7,NCT Of Delhi,98,South,33.8,0,0,0,0,0,0,0,0,0
3_8_100_0,2011,Total,3,India,8,Rajasthan,100,Hanumangarh,57.3,0,0,0,0,0,0,0,0,0
3_8_101_0,2011,Total,3,India,8,Rajasthan,101,Bikaner,9.800000000000001,0,0,0,0,0,0,0,0,0
3_8_102_0,2011,Total,3,India,8,Rajasthan,102,Churu,42.3,0,0,0,0,0,0,.6000000000000001,.6000000000000001,0
3_8_103_0,2011,Total,3,India,8,Rajasthan,103,Jhunjhunun,94.7,0,2,2,0,0,.1,0,0,0
3_8_104_0,2011,Total,3,India,8,Rajasthan,104,Alwar,97.40000000000001,0,0,0,0,0,0,11.8,11.8,0
3_8_105_0,2011,Total,3,India,8,Rajasthan,105,Bharatpur,98,0,0,0,0,0,0,.8,.6000000000000001,.7000000000000001
3_8_106_0,2011,Total,3,India,8,Rajasthan,106,Dhaulpur,85.90000000000001,0,0,0,0,0,0,1,1,0
3_8_107_0,2011,Total,3,India,8,Rajasthan,107,Karauli,69.2,0,0,0,0,0,0,.5,.5,0
3_8_108_0,2011,Total,3,India,8,Rajasthan,108,Sawai Madhopur,92.30000000000001,0,0,0,0,0,0,11.7,11.7,0
3_8_109_0,2011,Total,3,India,8,Rajasthan,109,Dausa,99.60000000000001,0,0,0,0,0,0,0,0,0
3_8_110_0,2011,Total,3,India,8,Rajasthan,110,Jaipur,94.90000000000001,0,0,0,0,0,0,1.6,1,.6000000000000001
3_8_111_0,2011,Total,3,India,8,Rajasthan,111,Sikar,91.40000000000001,0,0,0,0,0,0,0,0,0
3_8_112_0,2011,Total,3,India,8,Rajasthan,112,Nagaur,77.30000000000001,0,0,0,0,0,0,.7000000000000001,0,.7000000000000001
3_8_113_0,2011,Total,3,India,8,Rajasthan,113,Jodhpur,42.7,0,0,0,0,0,0,3.1,3.1,0
3_8_114_0,2011,Total,3,India,8,Rajasthan,114,Jaisalmer,.7000000000000001,0,0,0,0,0,0,6.100000000000001,6.100000000000001,0
3_8_115_0,2011,Total,3,India,8,Rajasthan,115,Barmer,22.4,0,0,0,0,0,0,2.4,2.4,0
3_8_116_0,2011,Total,3,India,8,Rajasthan,116,Jalor,92.90000000000001,0,0,0,0,0,0,0,0,0
3_8_117_0,2011,Total,3,India,8,Rajasthan,117,Sirohi,84.30000000000001,.1,1,0,1,1,1.4,15.2,15.2,0
3_8_118_0,2011,Total,3,India,8,Rajasthan,118,Pali,95.7,0,0,0,0,0,0,0,0,0
3_8_119_0,2011,Total,3,India,8,Rajasthan,119,Ajmer,77.30000000000001,0,0,0,0,0,0,0,0,0
3_8_120_0,2011,Total,3,India,8,Rajasthan,120,Tonk,93.60000000000001,0,0,0,0,0,0,0,0,0
3_8_121_0,2011,Total,3,India,8,Rajasthan,121,Bundi,88.40000000000001,0,0,0,0,0,0,6.100000000000001,6.100000000000001,0
3_8_122_0,2011,Total,3,India,8,Rajasthan,122,Bhilwara,77.7,0,1,0,1,1,1.3,0,0,0
3_8_123_0,2011,Total,3,India,8,Rajasthan,123,Rajsamand,60.8,.1,0,0,0,0,0,0,0,0
3_8_124_0,2011,Total,3,India,8,Rajasthan,124,Dungarpur,89.90000000000001,0,0,0,0,0,0,1.1,1.1,0
3_8_125_0,2011,Total,3,India,8,Rajasthan,125,Banswara,81.10000000000001,0,0,0,0,0,0,5.2,5.2,0
3_8_126_0,2011,Total,3,India,8,Rajasthan,126,Chittaurgarh,70.5,.2,3,0,3,2,1.9,2.1,2.1,0
3_8_127_0,2011,Total,3,India,8,Rajasthan,127,Kota,77.30000000000001,0,1,0,1,0,1,4.3,4.3,0
3_8_128_0,2011,Total,3,India,8,Rajasthan,128,Baran,81.30000000000001,.1,0,0,0,0,0,0,0,0
3_8_129_0,2011,Total,3,India,8,Rajasthan,129,Jhalawar,80.5,.1,0,0,0,0,0,.1,.1,0
3_8_130_0,2011,Total,3,India,8,Rajasthan,130,Udaipur,66.7,.2,3,0,3,3,3.3,2.8,2.8,0
3_8_131_0,2011,Total,3,India,8,Rajasthan,131,Pratapgarh,65,.2,0,0,0,0,0,7.2,7.2,0
3_8_99_0,2011,Total,3,India,8,Rajasthan,99,Ganganagar,68.3,0,0,0,0,0,0,0,0,0
3_9_132_0,2011,Total,3,India,9,Uttar Pradesh,132,Saharanpur,89.10000000000001,0,0,0,0,0,0,1.6,1.6,0
3_9_133_0,2011,Total,3,India,9,Uttar Pradesh,133,Muzaffarnagar,92.7,0,0,0,0,0,0,0,0,0
3_9_134_0,2011,Total,3,India,9,Uttar Pradesh,134,Bijnor,90.10000000000001,0,0,0,0,0,0,.4,.4,0
3_9_135_0,2011,Total,3,India,9,Uttar Pradesh,135,Moradabad,91,0,0,0,0,0,0,0,0,0
3_9_136_0,2011,Total,3,India,9,Uttar Pradesh,136,Rampur,97.10000000000001,0,0,0,0,0,0,0,0,0
3_9_137_0,2011,Total,3,India,9,Uttar Pradesh,137,Jyotiba Phule Nagar,55.7,0,0,0,0,0,0,0,0,0
3_9_138_0,2011,Total,3,India,9,Uttar Pradesh,138,Meerut,89.90000000000001,0,0,0,0,0,0,0,0,0
3_9_139_0,2011,Total,3,India,9,Uttar Pradesh,139,Baghpat,94.80000000000001,0,0,0,0,0,0,0,0,0
3_9_140_0,2011,Total,3,India,9,Uttar Pradesh,140,Ghaziabad,85.80000000000001,0,0,0,0,0,0,0,0,0
3_9_141_0,2011,Total,3,India,9,Uttar Pradesh,141,Gautam Buddha Nagar,86.80000000000001,0,0,0,0,0,0,0,0,0
3_9_142_0,2011,Total,3,India,9,Uttar Pradesh,142,Bulandshahr,97.10000000000001,0,0,0,0,0,0,0,0,0
3_9_143_0,2011,Total,3,India,9,Uttar Pradesh,143,Aligarh,97.2,0,0,0,0,0,0,0,0,0
3_9_144_0,2011,Total,3,India,9,Uttar Pradesh,144,Mahamaya Nagar,96.90000000000001,0,0,0,0,0,0,0,0,0
3_9_145_0,2011,Total,3,India,9,Uttar Pradesh,145,Mathura,96.90000000000001,0,1,1,0,0,9053,0,0,0
3_9_146_0,2011,Total,3,India,9,Uttar Pradesh,146,Agra,95.2,0,0,0,0,0,0,.2,.2,0
3_9_147_0,2011,Total,3,India,9,Uttar Pradesh,147,Firozabad,97.60000000000001,0,0,0,0,0,0,0,0,0
3_9_148_0,2011,Total,3,India,9,Uttar Pradesh,148,Mainpuri,99,0,0,0,0,0,0,0,0,0
3_9_149_0,2011,Total,3,India,9,Uttar Pradesh,149,Budaun,98,0,0,0,0,0,0,0,0,0
3_9_150_0,2011,Total,3,India,9,Uttar Pradesh,150,Bareilly,97.40000000000001,0,0,0,0,0,0,0,0,0
3_9_151_0,2011,Total,3,India,9,Uttar Pradesh,151,Pilibhit,77.5,0,0,0,0,0,0,1.1,1.1,0
3_9_152_0,2011,Total,3,India,9,Uttar Pradesh,152,Shahjahanpur,97.7,0,0,0,0,0,0,0,0,0
3_9_153_0,2011,Total,3,India,9,Uttar Pradesh,153,Kheri,81.40000000000001,0,0,0,0,0,0,9.700000000000001,9.700000000000001,0
3_9_154_0,2011,Total,3,India,9,Uttar Pradesh,154,Sitapur,97.60000000000001,0,1,1,0,0,12,0,0,0
3_9_155_0,2011,Total,3,India,9,Uttar Pradesh,155,Hardoi,98.7,0,0,0,0,0,0,0,0,0
3_9_156_0,2011,Total,3,India,9,Uttar Pradesh,156,Unnao,97.5,0,0,0,0,0,0,0,0,0
3_9_157_0,2011,Total,3,India,9,Uttar Pradesh,157,Lucknow,91,0,0,0,0,0,0,0,0,0
3_9_158_0,2011,Total,3,India,9,Uttar Pradesh,158,Rae Bareli,98.60000000000001,0,0,0,0,0,0,0,0,0
3_9_159_0,2011,Total,3,India,9,Uttar Pradesh,159,Farrukhabad,96.5,0,0,0,0,0,0,0,0,0
3_9_160_0,2011,Total,3,India,9,Uttar Pradesh,160,Kannauj,97.7,0,0,0,0,0,0,0,0,0
3_9_161_0,2011,Total,3,India,9,Uttar Pradesh,161,Etawah,98.40000000000001,0,0,0,0,0,0,0,0,0
3_9_162_0,2011,Total,3,India,9,Uttar Pradesh,162,Auraiya,98.10000000000001,0,0,0,0,0,0,0,0,0
3_9_163_0,2011,Total,3,India,9,Uttar Pradesh,163,Kanpur Dehat,98.7,0,0,0,0,0,0,0,0,0
3_9_164_0,2011,Total,3,India,9,Uttar Pradesh,164,Kanpur Nagar,91.80000000000001,0,0,0,0,0,0,0,0,0
3_9_165_0,2011,Total,3,India,9,Uttar Pradesh,165,Jalaun,98,0,0,0,0,0,0,0,0,0
3_9_166_0,2011,Total,3,India,9,Uttar Pradesh,166,Jhansi,98,0,0,0,0,0,0,0,0,0
3_9_167_0,2011,Total,3,India,9,Uttar Pradesh,167,Lalitpur,87.60000000000001,.7000000000000001,0,0,0,0,0,0,0,0
3_9_168_0,2011,Total,3,India,9,Uttar Pradesh,168,Hamirpur,97.60000000000001,0,0,0,0,0,0,0,0,0
3_9_169_0,2011,Total,3,India,9,Uttar Pradesh,169,Mahoba,98,0,0,0,0,0,0,0,0,0
3_9_170_0,2011,Total,3,India,9,Uttar Pradesh,170,Banda,97.60000000000001,0,0,0,0,0,0,0,0,0
3_9_171_0,2011,Total,3,India,9,Uttar Pradesh,171,Chitrakoot,82.5,3.5,0,0,0,0,0,7.9,7.9,0
3_9_172_0,2011,Total,3,India,9,Uttar Pradesh,172,Fatehpur,97.10000000000001,0,0,0,0,0,0,0,0,0
3_9_173_0,2011,Total,3,India,9,Uttar Pradesh,173,Pratapgarh,99,0,0,0,0,0,0,0,0,0
3_9_174_0,2011,Total,3,India,9,Uttar Pradesh,174,Kaushambi,97.30000000000001,0,0,0,0,0,0,0,0,0
3_9_175_0,2011,Total,3,India,9,Uttar Pradesh,175,Allahabad,95.40000000000001,.1,0,0,0,0,0,0,0,0
3_9_176_0,2011,Total,3,India,9,Uttar Pradesh,176,Bara Banki,96.40000000000001,0,0,0,0,0,0,0,0,0
3_9_177_0,2011,Total,3,India,9,Uttar Pradesh,177,Faizabad,96.30000000000001,0,0,0,0,0,0,0,0,0
3_9_178_0,2011,Total,3,India,9,Uttar Pradesh,178,Ambedkar Nagar,97.90000000000001,0,0,0,0,0,0,0,0,0
3_9_179_0,2011,Total,3,India,9,Uttar Pradesh,179,Sultanpur,99.5,0,0,0,0,0,0,0,0,0
3_9_180_0,2011,Total,3,India,9,Uttar Pradesh,180,Bahraich,84.2,0,0,0,0,0,0,7.5,7.5,0
3_9_181_0,2011,Total,3,India,9,Uttar Pradesh,181,Shrawasti,84.30000000000001,0,0,0,0,0,0,17.7,17.7,0
3_9_182_0,2011,Total,3,India,9,Uttar Pradesh,182,Balrampur,73.8,0,0,0,0,0,0,.6000000000000001,.6000000000000001,0
3_9_183_0,2011,Total,3,India,9,Uttar Pradesh,183,Gonda,97,0,0,0,0,0,0,0,0,0
3_9_184_0,2011,Total,3,India,9,Uttar Pradesh,184,Siddharthnagar,99.60000000000001,0,0,0,0,0,0,0,0,0
3_9_185_0,2011,Total,3,India,9,Uttar Pradesh,185,Basti,96.90000000000001,0,0,0,0,0,0,0,0,0
3_9_186_0,2011,Total,3,India,9,Uttar Pradesh,186,Sant Kabir Nagar,98,0,0,0,0,0,0,0,0,0
3_9_187_0,2011,Total,3,India,9,Uttar Pradesh,187,Mahrajganj,88.5,.3,0,0,0,0,0,15.2,15.2,0
3_9_188_0,2011,Total,3,India,9,Uttar Pradesh,188,Gorakhpur,95.90000000000001,0,0,0,0,0,0,0,0,0
3_9_189_0,2011,Total,3,India,9,Uttar Pradesh,189,Kushinagar,97.7,0,0,0,0,0,0,1.8,1.8,0
3_9_190_0,2011,Total,3,India,9,Uttar Pradesh,190,Deoria,95.60000000000001,0,0,0,0,0,0,0,0,0
3_9_191_0,2011,Total,3,India,9,Uttar Pradesh,191,Azamgarh,98.5,0,0,0,0,0,0,0,0,0
3_9_192_0,2011,Total,3,India,9,Uttar Pradesh,192,Mau,96.90000000000001,0,0,0,0,0,0,0,0,0
3_9_193_0,2011,Total,3,India,9,Uttar Pradesh,193,Ballia,93.10000000000001,0,0,0,0,0,0,0,0,0
3_9_194_0,2011,Total,3,India,9,Uttar Pradesh,194,Jaunpur,99.2,0,0,0,0,0,0,0,0,0
3_9_195_0,2011,Total,3,India,9,Uttar Pradesh,195,Ghazipur,96.90000000000001,0,0,0,0,0,0,0,0,0
3_9_196_0,2011,Total,3,India,9,Uttar Pradesh,196,Chandauli,77.90000000000001,.2,0,0,0,0,0,5.2,5.2,0
3_9_197_0,2011,Total,3,India,9,Uttar Pradesh,197,Varanasi,89.80000000000001,0,0,0,0,0,0,0,0,0
3_9_198_0,2011,Total,3,India,9,Uttar Pradesh,198,Sant Ravidas Nagar (Bhadohi),95.5,0,0,0,0,0,0,0,0,0
3_9_199_0,2011,Total,3,India,9,Uttar Pradesh,199,Mirzapur,89.2,.1,0,0,0,0,0,.3,.3,0
3_9_200_0,2011,Total,3,India,9,Uttar Pradesh,200,Sonbhadra,53.3,.4,2,0,2,2,.7000000000000001,3.3,3.3,0
3_9_201_0,2011,Total,3,India,9,Uttar Pradesh,201,Etah,98.60000000000001,0,0,0,0,0,0,0,0,0
3_9_202_0,2011,Total,3,India,9,Uttar Pradesh,202,Kanshiram Nagar,97.40000000000001,0,0,0,0,0,0,0,0,0
