id,spatial_data_yr,geography,L0_code,L0_name,L1_code,L1_name,L2_code,L2_name,gdp,gdp_pc,sgdp_s1,sgdp_s2,sgdp_s3,sgdp_s4,sgdp_s5,sgdp_s6,sgdp_s7,sgdp_s8,sgdp_s9,sgdp_s10,sgdp_s11
3_10_203_0,2001,Total,3,India,10,Bihar,203,Pashchim Champaran,377,129,52.6,.1,8.300000000000001,1.1,3.8,2.8,4.3,4.800000000000001,4.3,5.2,12.7
3_10_204_0,2001,Total,3,India,10,Bihar,204,Purba Champaran,401,106,50.8,0,7.600000000000001,.9,3.6,2.8,5.7,.9,3.9,6.7,17.1
3_10_205_0,2001,Total,3,India,10,Bihar,205,Sheohar,38.3,78,53.8,0,5,.7000000000000001,3.7,1,2.7,2.3,3.7,7.9,19.2
3_10_206_0,2001,Total,3,India,10,Bihar,206,Sitamarhi,254,99.30000000000001,43.2,0,7.7,1.3,5,3,3.3,4.100000000000001,4.3,7.100000000000001,21.1
3_10_207_0,2001,Total,3,India,10,Bihar,207,Madhubani,355,103,45.3,0,5.800000000000001,1.3,3.2,1.8,4.5,4.2,3.3,7.5,23.1
3_10_208_0,2001,Total,3,India,10,Bihar,208,Supaul,180,108,60.2,0,5.100000000000001,.6000000000000001,3.7,.9,2.5,2.3,3.3,6.100000000000001,15.3
3_10_209_0,2001,Total,3,India,10,Bihar,209,Araria,202,97.90000000000001,52.8,0,6.5,.5,4,2.9,2.9,3.2,4,5.5,17.6
3_10_210_0,2001,Total,3,India,10,Bihar,210,Kishanganj,138,111,53.2,0,7.100000000000001,.4,4.2,2.7,4.3,2.5,4.800000000000001,5,15.8
3_10_211_0,2001,Total,3,India,10,Bihar,211,Purnia,279,115,45.90000000000001,.1,5.9,.5,3.5,5,5.300000000000001,4.7,4.800000000000001,7,17.4
3_10_212_0,2001,Total,3,India,10,Bihar,212,Katihar,271,118,41.40000000000001,0,6.2,.9,3.9,3.4,14.3,3.1,4.800000000000001,6.800000000000001,15.1
3_10_213_0,2001,Total,3,India,10,Bihar,213,Madhepura,155,106,61.5,0,5.300000000000001,.6000000000000001,2.7,1.6,1.9,2,3.3,5.300000000000001,15.7
3_10_214_0,2001,Total,3,India,10,Bihar,214,Saharsa,188,131,45.8,0,4.4,1.2,4,2.5,6.800000000000001,2.9,4.3,9.9,18.1
3_10_215_0,2001,Total,3,India,10,Bihar,215,Darbhanga,345,109,31.5,0,6.100000000000001,2.1,4.800000000000001,3.2,7.7,6.2,5.2,9.800000000000001,23.5
3_10_216_0,2001,Total,3,India,10,Bihar,216,Muzaffarpur,544,151,34.5,0,7.300000000000001,2.5,4.3,6.800000000000001,9.200000000000001,6.2,4.2,8.5,16.4
3_10_217_0,2001,Total,3,India,10,Bihar,217,Gopalganj,232,112,45,0,9,1.3,5.7,7.600000000000001,3.4,2.8,3.6,5.4,16.2
3_10_218_0,2001,Total,3,India,10,Bihar,218,Siwan,279,107,44.3,0,6.5,1.3,5.9,3.5,5.600000000000001,2.9,3.4,6,20.6
3_10_219_0,2001,Total,3,India,10,Bihar,219,Saran,331,106,32.4,0,7.300000000000001,1.7,5.600000000000001,4.3,13.9,4,4.7,7.7,18.4
3_10_220_0,2001,Total,3,India,10,Bihar,220,Vaishali,314,120,41.40000000000001,0,8.5,2,4.9,2.6,6.7,3.6,3.6,7.300000000000001,19.3
3_10_221_0,2001,Total,3,India,10,Bihar,221,Samastipur,379,116,41,0,6.7,1.4,4,3.5,9.9,3.3,3,6.7,20.6
3_10_222_0,2001,Total,3,India,10,Bihar,222,Begusarai,397,176,22.5,0,19.5,3.3,4,16.1,8.9,2.5,2.8,4.9,15.5
3_10_223_0,2001,Total,3,India,10,Bihar,223,Khagaria,144,117,44.8,0,4.5,1,5.2,1.4,11.3,2.1,4.2,7.2,18.2
3_10_224_0,2001,Total,3,India,10,Bihar,224,Bhagalpur,353,151,24.7,.1,8.1,5.2,5.5,6.4,9.800000000000001,4.3,6,10.2,19.6
3_10_225_0,2001,Total,3,India,10,Bihar,225,Banka,155,99.90000000000001,51.5,.1,10.2,.8,3.4,1,2.8,2.5,3.3,6.300000000000001,18.1
3_10_226_0,2001,Total,3,India,10,Bihar,226,Munger,218,198,14.8,.1,16.6,1.4,6.100000000000001,3.3,19.9,3.9,7.5,9.4,16.9
3_10_227_0,2001,Total,3,India,10,Bihar,227,Lakhisarai,93.5,120,29.7,1.5,7.600000000000001,1,6,3.9,10.6,3.3,5.600000000000001,6.600000000000001,24.4
3_10_228_0,2001,Total,3,India,10,Bihar,228,Sheikhpura,56.5,113,39.8,.3,7.600000000000001,1.3,4.7,1.5,3.6,2.8,6.300000000000001,9.300000000000001,22.9
3_10_229_0,2001,Total,3,India,10,Bihar,229,Nalanda,288,125,37.5,.4,7.4,1.4,4.100000000000001,3.9,5.4,3.5,5.2,8.9,22.4
3_10_230_0,2001,Total,3,India,10,Bihar,230,Patna,2354,521,6.100000000000001,.1,3.4,1,2,56.7,7,4.100000000000001,3.8,7.600000000000001,8.200000000000001
3_10_231_0,2001,Total,3,India,10,Bihar,231,Bhojpur,282,130,38.2,1.6,7,1.2,4.2,2.8,7.600000000000001,4.7,5,11.6,16.1
3_10_232_0,2001,Total,3,India,10,Bihar,232,Buxar,173,129,51.5,.1,4.7,1.5,3.9,3.5,4.800000000000001,2.7,3.7,8.6,15
3_10_233_0,2001,Total,3,India,10,Bihar,233,Kaimur (Bhabua),155,126,57,.6000000000000001,10.4,.7000000000000001,3.6,2.1,3.4,1.4,2.3,5.4,13.3
3_10_234_0,2001,Total,3,India,10,Bihar,234,Rohtas,338,144,41.3,1.4,7.5,1.6,4.600000000000001,4,7.5,3.3,4.9,8.1,15.9
3_10_235_0,2001,Total,3,India,10,Bihar,235,Aurangabad,227,118,47.1,.4,9.600000000000001,1.4,3.8,1.9,4.5,2.2,3.7,7.2,18.1
3_10_236_0,2001,Total,3,India,10,Bihar,236,Gaya,425,128,29.5,.3,7.4,1.7,3.7,7.5,14.3,3.6,4.9,9.5,17.5
3_10_237_0,2001,Total,3,India,10,Bihar,237,Nawada,184,107,42.3,.3,7.2,.7000000000000001,3.1,2.7,8.800000000000001,2.7,3.9,7,21.3
3_10_238_0,2001,Total,3,India,10,Bihar,238,Jamui,142,106,33.2,.2,23.6,.9,5.100000000000001,2.6,5.800000000000001,1.8,4.3,5.5,17
3_10_239_0,2001,Total,3,India,10,Bihar,239,Jehanabad,104,117,38.7,.3,10,1,4.2,1.9,5.9,2.2,3.7,11,21.2
3_10_240_0,2001,Total,3,India,10,Bihar,240,Arwal,60,106,39.7,0,6.600000000000001,1.1,4.7,1.3,5.4,2.4,4,12.1,22.7
3_11_241_0,2001,Total,3,India,11,Sikkim,241,North  District,14,359,23.3,.1,2,3,16,4.7,2.3,3,11.1,13.4,21
3_11_242_0,2001,Total,3,India,11,Sikkim,242,West District,38.40000000000001,328,33,.1,2.1,3.1,8.700000000000001,3.6,1.8,1.7,8.6,14.2,23
3_11_243_0,2001,Total,3,India,11,Sikkim,243,South District,47.1,376,29.4,.2,5.2,5.2,9,4.7,2.9,1.8,7.7,14.2,19.7
3_11_244_0,2001,Total,3,India,11,Sikkim,244,East District,104,447,14.1,.1,4.2,5.2,11.2,7.5,4.3,2.4,8.4,23.1,19.5
3_12_245_1,2001,Total,3,India,12,India/China  1,245,Tawang,18.7,567,21.2,.2,1.6,1,20.4,4.100000000000001,3,1.7,4.7,28.6,13.4
3_12_246_1,2001,Total,3,India,12,India/China  1,246,West Kameng,34.2,496,20.1,.6000000000000001,3.2,1.2,19.7,5.5,5,2.1,2.1,29,11.4
3_12_247_1,2001,Total,3,India,12,India/China  1,247,East Kameng,16.3,271,42.5,.3,1.9,1.7,17,4.7,3,1.6,3.6,10.9,12.7
3_12_248_1,2001,Total,3,India,12,India/China  1,248,Papum Pare,51.90000000000001,583,12.6,.8,3,2.4,14.3,7.9,9.600000000000001,5.2,5.600000000000001,20.3,18.3
3_12_248_0,2001,Total,3,India,12,Arunachal Pradesh,248,Papum Pare,51.90000000000001,583,12.6,.8,3,2.4,14.3,7.9,9.600000000000001,5.2,5.600000000000001,20.3,18.3
3_12_249_1,2001,Total,3,India,12,India/China  1,249,Upper Subansiri,14.9,266,37.1,.2,1.9,2,14.6,5.9,4.3,1.8,2.9,14.4,14.8
3_12_250_0,2001,Total,3,India,12,Arunachal Pradesh,250,West Siang,31.7,302,34.7,.4,3.1,1.8,13,6.4,4.2,1.8,3.7,15.7,15.2
3_12_250_1,2001,Total,3,India,12,India/China  1,250,West Siang,31.7,302,34.7,.4,3.1,1.8,13,6.4,4.2,1.8,3.7,15.7,15.2
3_12_251_1,2001,Total,3,India,12,India/China  1,251,East Siang,27.3,329,31.1,.9,4.4,1.8,10.3,8.5,7,3.1,4.600000000000001,8.200000000000001,20.1
3_12_251_0,2001,Total,3,India,12,Arunachal Pradesh,251,East Siang,27.3,329,31.1,.9,4.4,1.8,10.3,8.5,7,3.1,4.600000000000001,8.200000000000001,20.1
3_12_252_1,2001,Total,3,India,12,India/China  1,252,Upper Siang,11.6,362,35.5,.3,1.8,2.6,20.1,4.9,2.1,1.8,1.9,19.8,9.200000000000001
3_12_253_0,2001,Total,3,India,12,Arunachal Pradesh,253,Changlang,40,303,43.6,17.1,3.4,1.1,7.100000000000001,3.8,3.9,1.5,1.8,7.800000000000001,8.9
3_12_254_0,2001,Total,3,India,12,Arunachal Pradesh,254,Tirap,29,299,48.6,.7000000000000001,1.4,1.4,10.4,4.100000000000001,4,1.8,.7000000000000001,14.8,12.2
3_12_255_1,2001,Total,3,India,12,India/China  1,255,Lower Subansiri,13.4,265,43.40000000000001,2.8,3.6,3,9.300000000000001,3.9,3.6,2.1,4.800000000000001,11.8,11.6
3_12_256_1,2001,Total,3,India,12,India/China  1,256,Kurung Kumey,13.9,265,43.40000000000001,2.8,3.6,3,9.300000000000001,3.9,3.6,2.1,4.800000000000001,11.8,11.6
3_12_257_1,2001,Total,3,India,12,India/China  1,257,Dibang Valley,2.9,372,32.5,0,2.8,1.8,20.2,7.7,6.2,2.1,2.4,11.5,12.9
3_12_258_1,2001,Total,3,India,12,India/China  1,258,Lower Dibang Valley,16.9,372,32.5,0,2.8,1.8,20.2,7.7,6.2,2.1,2.4,11.5,12.9
3_12_258_0,2001,Total,3,India,12,Arunachal Pradesh,258,Lower Dibang Valley,16.9,372,32.5,0,2.8,1.8,20.2,7.7,6.2,2.1,2.4,11.5,12.9
3_12_259_1,2001,Total,3,India,12,India/China  1,259,Lohit,36.7,276,37,.5,3.4,1.1,15,7.100000000000001,6.600000000000001,2.2,1.6,13.7,11.8
3_12_259_0,2001,Total,3,India,12,Arunachal Pradesh,259,Lohit,36.7,276,37,.5,3.4,1.1,15,7.100000000000001,6.600000000000001,2.2,1.6,13.7,11.8
3_12_260_0,2001,Total,3,India,12,Arunachal Pradesh,260,Anjaw,6.9,276,37,.5,3.4,1.1,15,7.100000000000001,6.600000000000001,2.2,1.6,13.7,11.8
3_12_260_1,2001,Total,3,India,12,India/China  1,260,Anjaw,6.9,276,37,.5,3.4,1.1,15,7.100000000000001,6.600000000000001,2.2,1.6,13.7,11.8
3_13_261_0,2001,Total,3,India,13,Nagaland,261,Mon,,,,,,,,,,,,,
3_13_262_0,2001,Total,3,India,13,Nagaland,262,Mokokchung,,,,,,,,,,,,,
3_13_263_0,2001,Total,3,India,13,Nagaland,263,Zunheboto,,,,,,,,,,,,,
3_13_264_0,2001,Total,3,India,13,Nagaland,264,Wokha,,,,,,,,,,,,,
3_13_265_0,2001,Total,3,India,13,Nagaland,265,Dimapur,,,,,,,,,,,,,
3_13_266_0,2001,Total,3,India,13,Nagaland,266,Phek,,,,,,,,,,,,,
3_13_267_0,2001,Total,3,India,13,Nagaland,267,Tuensang,,,,,,,,,,,,,
3_13_268_0,2001,Total,3,India,13,Nagaland,268,Longleng,,,,,,,,,,,,,
3_13_269_0,2001,Total,3,India,13,Nagaland,269,Kiphire,,,,,,,,,,,,,
3_13_270_0,2001,Total,3,India,13,Nagaland,270,Kohima,,,,,,,,,,,,,
3_13_271_0,2001,Total,3,India,13,Nagaland,271,Peren,,,,,,,,,,,,,
3_14_272_0,2001,Total,3,India,14,Manipur,272,Senapati,60.1,222,46.40000000000001,0,1.7,.9,13.3,6.4,1.3,.7000000000000001,3.8,13.8,11.6
3_14_273_0,2001,Total,3,India,14,Manipur,273,Tamenglong,33.3,308,50.2,0,1.1,0,11.3,2.9,1.4,.3,2.7,19,10.9
3_14_274_0,2001,Total,3,India,14,Manipur,274,Churachandpur,58,264,34,0,1.4,15.6,9.600000000000001,4.2,.7000000000000001,1,3.5,17.3,12.6
3_14_275_0,2001,Total,3,India,14,Manipur,275,Bishnupur,72.2,351,31.8,0,6.7,12.4,8.1,9.200000000000001,2.9,.5,3,11.7,13.7
3_14_276_0,2001,Total,3,India,14,Manipur,276,Thoubal,98.40000000000001,278,33.6,0,9.800000000000001,2.4,9.700000000000001,8.6,3,.5,3.8,11.5,17.1
3_14_277_0,2001,Total,3,India,14,Manipur,277,Imphal West,243,555,9.1,0,7.2,2.4,16.6,11.1,5.2,3,2.6,23.1,19.7
3_14_278_0,2001,Total,3,India,14,Manipur,278,Imphal East,105,270,28.4,0,8.6,3.4,8.6,5.800000000000001,2.3,.6000000000000001,3.6,27.6,11
3_14_279_0,2001,Total,3,India,14,Manipur,279,Ukhrul,41,302,39.40000000000001,0,2.8,.4,10.6,5,1.3,.6000000000000001,3.2,21.5,15.3
3_14_280_0,2001,Total,3,India,14,Manipur,280,Chandel,30.7,284,36.3,0,2.9,.7000000000000001,9.1,8.700000000000001,2.6,.8,3.2,23.7,11.9
3_15_281_0,2001,Total,3,India,15,Mizoram,281,Mamit,26.3,417,31.3,1,.4,4,19.4,5.600000000000001,1.6,3.1,13.3,5.9,14.3
3_15_282_0,2001,Total,3,India,15,Mizoram,282,Kolasib,25.1,397,39.40000000000001,.5,1.1,4.4,3.2,7.100000000000001,2.1,3.6,16.6,12,10
3_15_283_0,2001,Total,3,India,15,Mizoram,283,Aizawl,150,481,14.8,.2,2.1,3.7,12.2,13.5,2.4,2.2,12.9,23.2,12.7
3_15_284_0,2001,Total,3,India,15,Mizoram,284,Champhai,33.6,321,29.9,.8,.7000000000000001,5.4,7.300000000000001,6.800000000000001,2.1,2.7,19.5,7.800000000000001,17.1
3_15_285_0,2001,Total,3,India,15,Mizoram,285,Serchhip,21.2,403,40,.5,.8,4.3,4.100000000000001,4.7,1.5,3.8,14.5,11.4,14.4
3_15_286_0,2001,Total,3,India,15,Mizoram,286,Lunglei,48.3,363,20.6,.8,2.8,4.800000000000001,7.4,8.9,2.2,2.4,16.8,16.5,16.8
3_15_287_0,2001,Total,3,India,15,Mizoram,287,Lawngtlai,24.7,351,18.3,.8,.6000000000000001,5,9.300000000000001,7.300000000000001,1.6,1.5,15.9,19.9,19.8
3_15_288_0,2001,Total,3,India,15,Mizoram,288,Saiha,23.5,401,25.2,.5,.5,4.4,5.2,5.4,1.5,1.9,13.6,22,19.9
3_16_289_0,2001,Total,3,India,16,Tripura,289,West Tripura,,,,,,,,,,,,,
3_16_290_0,2001,Total,3,India,16,Tripura,290,South Tripura,,,,,,,,,,,,,
3_16_291_0,2001,Total,3,India,16,Tripura,291,Dhalai,,,,,,,,,,,,,
3_16_292_0,2001,Total,3,India,16,Tripura,292,North Tripura,,,,,,,,,,,,,
3_17_293_0,2001,Total,3,India,17,Meghalaya,293,West Garo Hills,148,297,34,.2,1.4,2.6,9.9,9.5,6.9,2.6,11.6,9.700000000000001,11.6
3_17_294_0,2001,Total,3,India,17,Meghalaya,294,East Garo Hills,64.10000000000001,265,36.2,.3,1.5,3.4,9,8,3.3,1,13.5,12.5,11.2
3_17_295_0,2001,Total,3,India,17,Meghalaya,295,South Garo Hills,47.40000000000001,484,31.3,33.1,1,1.4,5.4,6.800000000000001,2.3,.6000000000000001,6.600000000000001,4.100000000000001,7.600000000000001
3_17_296_0,2001,Total,3,India,17,Meghalaya,296,West Khasi Hills,63.1,221,29.8,6,.9,2.6,14.4,6.5,5,.6000000000000001,14.8,7.7,11.8
3_17_297_0,2001,Total,3,India,17,Meghalaya,297,Ribhoi,54,290,29.4,.2,2.8,10,4.600000000000001,10.4,8,1.1,11.4,14.9,7.2
3_17_298_0,2001,Total,3,India,17,Meghalaya,298,East Khasi Hills,306,479,13.5,.7000000000000001,2.6,3.5,9.1,12.4,7.2,5.100000000000001,11.4,25.1,9.5
3_17_299_0,2001,Total,3,India,17,Meghalaya,299,Jaintia Hills,130,453,17,38.5,.8,1.9,10,6,5.9,.6000000000000001,6.9,5.300000000000001,7.2
3_18_300_0,2001,Total,3,India,18,Assam,300,Kokrajhar,233,184,29.2,.1,5.4,1.5,3.7,26.1,5.4,1.7,6.7,6.9,13.4
3_18_301_0,2001,Total,3,India,18,Assam,301,Dhubri,280,185,49.6,.1,8.700000000000001,.4,7.300000000000001,7.800000000000001,5.2,1.7,2.1,1.9,15.1
3_18_302_0,2001,Total,3,India,18,Assam,302,Goalpara,157,209,40.1,.8,11.2,.6000000000000001,6,2.2,4.7,2.1,7.4,6.600000000000001,18.3
3_18_303_0,2001,Total,3,India,18,Assam,303,Barpeta,567,328,72.5,1.9,4.800000000000001,.1,3.2,3.6,4.100000000000001,1.1,1.7,1.5,5.4
3_18_304_0,2001,Total,3,India,18,Assam,304,Morigaon,164,218,41.6,0,4,.6000000000000001,2.9,11.2,5.4,8.800000000000001,4.5,2.1,18.9
3_18_305_0,2001,Total,3,India,18,Assam,305,Nagaon,439,197,48.1,0,7.4,.7000000000000001,5.300000000000001,13.9,6.4,1.3,2.6,5.100000000000001,9.300000000000001
3_18_306_0,2001,Total,3,India,18,Assam,306,Sonitpur,369,230,37.3,0,9.200000000000001,.9,3.9,12.1,6.2,2.5,4,6.5,17.5
3_18_307_0,2001,Total,3,India,18,Assam,307,Lakhimpur,187,244,45.1,1.1,5.4,.4,4.600000000000001,9.4,6.800000000000001,2.5,2.9,4.9,16.9
3_18_308_0,2001,Total,3,India,18,Assam,308,Dhemaji,112,223,49.40000000000001,0,5.300000000000001,.8,3.6,7.100000000000001,6.800000000000001,4.3,1,4.800000000000001,16.8
3_18_309_0,2001,Total,3,India,18,Assam,309,Tinsukia,468,411,14.8,20.1,8.6,.4,3.4,18.9,6.2,.4,3.7,3.3,20.4
3_18_310_0,2001,Total,3,India,18,Assam,310,Dibrugarh,561,409,27.4,23.2,9.300000000000001,.8,2.7,3.2,6,.7000000000000001,3.2,6.800000000000001,16.7
3_18_311_0,2001,Total,3,India,18,Assam,311,Sivasagar,574,492,25.2,28.7,6.2,.5,1.6,13.6,4.5,3,2.9,2.6,11.2
3_18_312_0,2001,Total,3,India,18,Assam,312,Jorhat,447,388,30.5,1.7,5.300000000000001,1.2,3.5,15.9,5.4,4.7,4.7,9.1,18.1
3_18_313_0,2001,Total,3,India,18,Assam,313,Golaghat,296,309,45.1,0,4.7,.6000000000000001,2.8,19.3,5.7,8,2.8,2.5,8.300000000000001
3_18_314_0,2001,Total,3,India,18,Assam,314,Karbi Anglong,196,290,46.6,.1,3,2.4,6.2,12.1,5.2,2.1,1.5,3.4,17.5
3_18_315_0,2001,Total,3,India,18,Assam,315,Dima Hasao,80.30000000000001,594,62.3,1.3,1.2,2.3,8.300000000000001,3.1,6.5,2.8,1.4,4.9,5.800000000000001
3_18_316_0,2001,Total,3,India,18,Assam,316,Cachar,408,278,41.2,.3,5.300000000000001,.4,5.2,21.3,6.7,5.600000000000001,.5,5.4,8.200000000000001
3_18_317_0,2001,Total,3,India,18,Assam,317,Karimganj,222,214,38.90000000000001,.2,12.4,1.1,6.7,3.5,9.300000000000001,3.1,2,5.600000000000001,17.3
3_18_318_0,2001,Total,3,India,18,Assam,318,Hailakandi,110,200,36.6,.1,6.4,.8,3.7,3.1,7,2.5,1.8,3.8,34.3
3_18_319_0,2001,Total,3,India,18,Assam,319,Bongaigaon,176,408,35.8,.3,8,.5,6.300000000000001,9.700000000000001,12.9,3.9,4.5,5.2,12.9
3_18_320_0,2001,Total,3,India,18,Assam,320,Chirang,,,,,,,,,,,,,
3_18_321_0,2001,Total,3,India,18,Assam,321,Kamrup,583,621,14.1,1.6,10.1,2.4,4.100000000000001,13.8,9.300000000000001,5.9,4.9,15.2,18.6
3_18_322_0,2001,Total,3,India,18,Assam,322,Kamrup Metropolitan,754,621,14.1,1.6,10.1,2.4,4.100000000000001,13.8,9.300000000000001,5.9,4.9,15.2,18.6
3_18_323_0,2001,Total,3,India,18,Assam,323,Nalbari,127,200,36.9,.1,15.2,.5,6.300000000000001,1.6,7.5,1.9,4.3,3.8,21.9
3_18_324_0,2001,Total,3,India,18,Assam,324,Baksa,115,200,36.9,.1,15.2,.5,6.300000000000001,1.6,7.5,1.9,4.3,3.8,21.9
3_18_325_0,2001,Total,3,India,18,Assam,325,Darrang,156,195,46.8,0,7.100000000000001,.4,3.5,4.9,3.8,1.6,2.1,5.7,23.9
3_18_326_0,2001,Total,3,India,18,Assam,326,Udalguri,133,195,46.8,0,7.100000000000001,.4,3.5,4.9,3.8,1.6,2.1,5.7,23.9
3_19_327_0,2001,Total,3,India,19,West Bengal,327,Darjiling,718,460,31,0,3.5,2.1,7.2,10.3,10.3,7.2,8.300000000000001,9.5,10.7
3_19_328_0,2001,Total,3,India,19,West Bengal,328,Jalpaiguri,1291,390,39.5,0,7.800000000000001,1.2,5.9,14.6,5.300000000000001,5.2,7.800000000000001,4.7,7.9
3_19_329_0,2001,Total,3,India,19,West Bengal,329,Koch Bihar,753,310,47.3,0,3.4,.7000000000000001,3.8,12.8,3.8,7.2,7.300000000000001,5,8.700000000000001
3_19_330_0,2001,Total,3,India,19,West Bengal,330,Uttar Dinajpur,631,268,47.5,0,4.3,.8,3.6,13.6,3.3,6.600000000000001,7.300000000000001,5,8.200000000000001
3_19_331_0,2001,Total,3,India,19,West Bengal,331,Dakshin Dinajpur,486,333,50.1,0,4.100000000000001,.6000000000000001,2.4,13.4,2.1,6.300000000000001,6.600000000000001,4.5,10
3_19_332_0,2001,Total,3,India,19,West Bengal,332,Maldah,1128,354,43.2,0,8.6,1.3,5.5,14.7,4,6.300000000000001,5.600000000000001,3.4,7.5
3_19_333_0,2001,Total,3,India,19,West Bengal,333,Murshidabad,1897,333,41.5,0,9.9,1.4,7,16,3,5.7,5.800000000000001,3.6,6.100000000000001
3_19_334_0,2001,Total,3,India,19,West Bengal,334,Birbhum,955,324,42.40000000000001,.1,4.5,1.9,4.7,12.8,3.6,9,6.5,4.600000000000001,9.9
3_19_335_0,2001,Total,3,India,19,West Bengal,335,Barddhaman,3126,462,24.7,11.8,12.3,2.4,4.3,15.6,6,5.800000000000001,5.5,3.6,7.800000000000001
3_19_336_0,2001,Total,3,India,19,West Bengal,336,Nadia,1754,391,40.90000000000001,0,11.1,1,3.7,14.4,3.6,5.100000000000001,6.100000000000001,5.300000000000001,8.9
3_19_337_0,2001,Total,3,India,19,West Bengal,337,North Twenty Four Parganas,3537,408,19.9,0,16.2,2.2,5.4,15.4,9.9,5.2,9.9,3.7,12.2
3_19_338_0,2001,Total,3,India,19,West Bengal,338,Hugli,2063,418,27,0,14.5,1.9,4.3,17.7,6.9,5.9,7.5,4.2,10
3_19_339_0,2001,Total,3,India,19,West Bengal,339,Bankura,1095,349,43.6,0,4.800000000000001,1.6,4.100000000000001,12.9,3.6,7.5,5.9,5.9,10.1
3_19_340_0,2001,Total,3,India,19,West Bengal,340,Puruliya,795,319,38.6,0,7.2,2.3,4,13.5,6.4,6.9,5.9,6,9.1
3_19_341_0,2001,Total,3,India,19,West Bengal,341,Haora,1622,387,15.1,0,18.3,1.4,4.2,20.1,10.4,6.600000000000001,8.6,4.5,10.6
3_19_342_0,2001,Total,3,India,19,West Bengal,342,Kolkata,2885,634,.9,0,3.6,2,5.4,6,22,16.6,12.4,18.7,12.5
3_19_343_0,2001,Total,3,India,19,West Bengal,343,South Twenty Four Parganas,2462,366,29.8,0,13.4,1.1,4.9,18.6,7.4,4.7,7.100000000000001,3.2,9.800000000000001
3_19_344_0,2001,Total,3,India,19,West Bengal,344,Paschim Medinipur,1399,374,40.90000000000001,0,7.7,1.2,3.6,16.6,4.3,6.7,5.4,4,9.700000000000001
3_19_345_0,2001,Total,3,India,19,West Bengal,345,Purba Medinipur,2128,374,40.90000000000001,0,7.7,1.2,3.6,16.6,4.3,6.7,5.4,4,9.700000000000001
3_1_1_0,2001,Total,3,India,1,Jammu and Kashmir,1,Kupwara,,,,,,,,,,,,,
3_1_10_0,2001,Total,3,India,1,Jammu and Kashmir,10,Srinagar,,,,,,,,,,,,,
3_1_11_0,2001,Total,3,India,1,Jammu and Kashmir,11,Ganderbal,,,,,,,,,,,,,
3_1_12_0,2001,Total,3,India,1,Jammu and Kashmir,12,Pulwama,,,,,,,,,,,,,
3_1_13_0,2001,Total,3,India,1,Jammu and Kashmir,13,Shupiyan,,,,,,,,,,,,,
3_1_14_0,2001,Total,3,India,1,Jammu and Kashmir,14,Anantnag,,,,,,,,,,,,,
3_1_15_0,2001,Total,3,India,1,Jammu and Kashmir,15,Kulgam,,,,,,,,,,,,,
3_1_16_0,2001,Total,3,India,1,Jammu and Kashmir,16,Doda,,,,,,,,,,,,,
3_1_17_0,2001,Total,3,India,1,Jammu and Kashmir,17,Ramban,,,,,,,,,,,,,
3_1_18_0,2001,Total,3,India,1,Jammu and Kashmir,18,Kishtwar,,,,,,,,,,,,,
3_1_19_0,2001,Total,3,India,1,Jammu and Kashmir,19,Udhampur,,,,,,,,,,,,,
3_1_2_0,2001,Total,3,India,1,Jammu and Kashmir,2,Badgam,,,,,,,,,,,,,
3_1_20_0,2001,Total,3,India,1,Jammu and Kashmir,20,Reasi,,,,,,,,,,,,,
3_1_21_0,2001,Total,3,India,1,Jammu and Kashmir,21,Jammu,,,,,,,,,,,,,
3_1_22_0,2001,Total,3,India,1,Jammu and Kashmir,22,Samba,,,,,,,,,,,,,
3_1_3_0,2001,Total,3,India,1,Jammu and Kashmir,3,Leh(Ladakh),,,,,,,,,,,,,
3_1_3_1,2001,Total,3,India,1,India/China  2,3,Leh(Ladakh),,,,,,,,,,,,,
3_1_4_0,2001,Total,3,India,1,Jammu and Kashmir,4,Kargil,,,,,,,,,,,,,
3_1_5_0,2001,Total,3,India,1,Jammu and Kashmir,5,Punch,,,,,,,,,,,,,
3_1_6_0,2001,Total,3,India,1,Jammu and Kashmir,6,Rajouri,,,,,,,,,,,,,
3_1_7_0,2001,Total,3,India,1,Jammu and Kashmir,7,Kathua,,,,,,,,,,,,,
3_1_8_0,2001,Total,3,India,1,Jammu and Kashmir,8,Baramula,,,,,,,,,,,,,
3_1_9_0,2001,Total,3,India,1,Jammu and Kashmir,9,Bandipore,,,,,,,,,,,,,
3_20_346_0,2001,Total,3,India,20,Jharkhand,346,Garhwa,168,167,30.8,4.100000000000001,28.1,.6000000000000001,3.7,10.2,4.600000000000001,1,4.5,2.9,9.600000000000001
3_20_347_0,2001,Total,3,India,20,Jharkhand,347,Chatra,150,195,26.6,3.1,32.9,.6000000000000001,4.100000000000001,8.6,3.6,.9,4.100000000000001,3.9,11.6
3_20_348_0,2001,Total,3,India,20,Jharkhand,348,Kodarma,134,276,11.2,13.2,18.6,2.1,8.4,18.1,8.800000000000001,2.1,4,3.2,10.4
3_20_349_0,2001,Total,3,India,20,Jharkhand,349,Giridih,369,199,16.2,7.100000000000001,27.3,.8,9.300000000000001,11.6,7.100000000000001,1.7,3.7,2.7,12.4
3_20_350_0,2001,Total,3,India,20,Jharkhand,350,Deoghar,335,296,14.2,3.4,40.40000000000001,1.7,4.9,9.4,7.2,1.9,3.1,2.3,11.4
3_20_351_0,2001,Total,3,India,20,Jharkhand,351,Godda,202,198,27.2,3.3,31.5,.8,4.7,8.700000000000001,2.8,1.5,4.800000000000001,2.6,12.2
3_20_352_0,2001,Total,3,India,20,Jharkhand,352,Sahibganj,314,348,10.4,11.7,47.3,.8,3.8,8.700000000000001,6.7,.9,1.5,1.6,6.5
3_20_353_0,2001,Total,3,India,20,Jharkhand,353,Pakur,265,389,15.4,19.2,44.40000000000001,.3,2.3,5.800000000000001,3.2,.4,2.4,1.3,5.4
3_20_354_0,2001,Total,3,India,20,Jharkhand,354,Dhanbad,1057,454,2.7,37.7,13.4,2.9,7.9,11.1,9.1,1.9,3.6,1.9,7.800000000000001
3_20_355_0,2001,Total,3,India,20,Jharkhand,355,Bokaro,579,335,3.4,18.6,31,6.300000000000001,7.7,9.200000000000001,7,1.9,3.8,3,8
3_20_356_0,2001,Total,3,India,20,Jharkhand,356,Lohardaga,81.10000000000001,229,36.2,3.6,23.4,.4,4.100000000000001,10.5,4.4,1,3,2.8,10.6
3_20_357_0,2001,Total,3,India,20,Jharkhand,357,Purbi Singhbhum,766,398,8.4,4.4,35.2,1.5,8.5,11.8,8.6,3,6.4,2.7,9.5
3_20_358_0,2001,Total,3,India,20,Jharkhand,358,Palamu,296,205,29,2.7,24,.9,5,9.5,7.2,1.6,6.600000000000001,3.7,9.600000000000001
3_20_359_0,2001,Total,3,India,20,Jharkhand,359,Latehar,121,205,29,2.7,24,.9,5,9.5,7.2,1.6,6.600000000000001,3.7,9.600000000000001
3_20_360_0,2001,Total,3,India,20,Jharkhand,360,Hazaribagh,456,317,12.3,22.8,17.4,4.800000000000001,7.2,10,6.7,1.8,2.3,5,9.600000000000001
3_20_361_0,2001,Total,3,India,20,Jharkhand,361,Ramgarh,246,317,12.3,22.8,17.4,4.800000000000001,7.2,10,6.7,1.8,2.3,5,9.600000000000001
3_20_362_0,2001,Total,3,India,20,Jharkhand,362,Dumka,257,234,30.5,2.6,29.6,.7000000000000001,5,9.5,5.600000000000001,1.3,2.7,3.1,9.4
3_20_363_0,2001,Total,3,India,20,Jharkhand,363,Jamtara,144,234,30.5,2.6,29.6,.7000000000000001,5,9.5,5.600000000000001,1.3,2.7,3.1,9.4
3_20_364_0,2001,Total,3,India,20,Jharkhand,364,Ranchi,713,330,20.1,5,20.6,1.9,7,10.9,8,3.5,5.7,7.2,10.1
3_20_365_0,2001,Total,3,India,20,Jharkhand,365,Khunti,181,330,20.1,5,20.6,1.9,7,10.9,8,3.5,5.7,7.2,10.1
3_20_366_0,2001,Total,3,India,20,Jharkhand,366,Gumla,206,248,51.7,2.4,20.8,.1,1.8,5.9,3.3,1.1,2.9,2.7,7.2
3_20_367_0,2001,Total,3,India,20,Jharkhand,367,Simdega,118,248,51.7,2.4,20.8,.1,1.8,5.9,3.3,1.1,2.9,2.7,7.2
3_20_368_0,2001,Total,3,India,20,Jharkhand,368,Pashchimi Singhbhum,382,318,23.9,4.7,31.6,1.3,5.5,7.5,10.1,1.4,3.7,2.4,7.800000000000001
3_20_369_0,2001,Total,3,India,20,Jharkhand,369,Saraikela-Kharsawan,262,318,23.9,4.7,31.6,1.3,5.5,7.5,10.1,1.4,3.7,2.4,7.800000000000001
3_21_370_0,2001,Total,3,India,21,Odisha,370,Bargarh,338,254,53,.7000000000000001,7.7,2.1,3.2,6.5,4.100000000000001,2.5,5.4,3,11.8
3_21_371_0,2001,Total,3,India,21,Odisha,371,Jharsuguda,269,537,19.2,35.3,8.6,2.3,5.9,6.100000000000001,7.4,1.3,4,3.3,6.600000000000001
3_21_372_0,2001,Total,3,India,21,Odisha,372,Sambalpur,342,372,37.1,.1,11.5,4.800000000000001,7.4,6.9,6.4,3.4,5.7,6.2,10.5
3_21_373_0,2001,Total,3,India,21,Odisha,373,Debagarh,80,297,58,.2,2.4,3.2,7.300000000000001,3.4,2.7,1.6,4.3,5,12
3_21_374_0,2001,Total,3,India,21,Odisha,374,Sundargarh,710,395,20.7,5.100000000000001,29.2,2,5.300000000000001,6.7,9.5,2.7,5.600000000000001,3.7,9.4
3_21_375_0,2001,Total,3,India,21,Odisha,375,Kendujhar,429,280,35.6,9.700000000000001,12.1,2.3,4.3,5.5,6.5,1.8,5.9,4.7,11.6
3_21_376_0,2001,Total,3,India,21,Odisha,376,Mayurbhanj,455,209,38.5,.2,9.5,2.4,6.7,7,5.7,2.7,7.800000000000001,6.100000000000001,13.4
3_21_377_0,2001,Total,3,India,21,Odisha,377,Baleshwar,412,208,33.9,.1,9.4,2.9,4.3,8.700000000000001,7.2,4.100000000000001,6.800000000000001,7.300000000000001,15.4
3_21_378_0,2001,Total,3,India,21,Odisha,378,Bhadrak,222,170,34,0,2.7,3,3.7,11.4,9.1,4.2,7.600000000000001,6.5,17.8
3_21_379_0,2001,Total,3,India,21,Odisha,379,Kendrapara,230,179,32.9,0,2,4,7.100000000000001,10.4,6.300000000000001,3.5,7.100000000000001,5.9,20.8
3_21_380_0,2001,Total,3,India,21,Odisha,380,Jagatsinghapur,251,238,27.1,0,11.5,2.8,7.600000000000001,9.4,10,3.4,6.300000000000001,6.9,15.2
3_21_381_0,2001,Total,3,India,21,Odisha,381,Cuttack,673,294,14.9,.1,5.2,4.100000000000001,6.600000000000001,19.7,10.4,5.800000000000001,7.300000000000001,9.4,16.5
3_21_382_0,2001,Total,3,India,21,Odisha,382,Jajapur,341,214,18.9,15.6,3.1,2.9,7.4,11.8,8.800000000000001,2.8,5.800000000000001,5.5,17.4
3_21_383_0,2001,Total,3,India,21,Odisha,383,Dhenkanal,255,243,30.9,.5,6.5,3.7,9.800000000000001,8.5,7.4,2.8,5.9,6.4,17.6
3_21_384_0,2001,Total,3,India,21,Odisha,384,Anugul,764,684,11.6,28.5,35.4,6.100000000000001,3.1,3.2,2.3,.9,2.4,2.1,4.4
3_21_385_0,2001,Total,3,India,21,Odisha,385,Nayagarh,152,177,38.3,0,4.600000000000001,2.1,7,9.1,5.2,3.1,7,6.2,17.3
3_21_386_0,2001,Total,3,India,21,Odisha,386,Khordha,667,366,13.9,0,4.5,5.100000000000001,6.7,13.3,12.6,8.1,8,14.1,13.8
3_21_387_0,2001,Total,3,India,21,Odisha,387,Puri,326,221,37,0,1.9,2.7,3.9,11.3,8.1,3.7,6.9,7.600000000000001,17.1
3_21_388_0,2001,Total,3,India,21,Odisha,388,Ganjam,688,222,25.7,.1,4.100000000000001,3.8,9.5,12.3,7.5,3.9,7.800000000000001,6.300000000000001,19.1
3_21_389_0,2001,Total,3,India,21,Odisha,389,Gajapati,125,244,43.90000000000001,.1,1.8,2.1,8.800000000000001,7.800000000000001,4,2.3,5.7,4.600000000000001,18.9
3_21_390_0,2001,Total,3,India,21,Odisha,390,Kandhamal,184,290,47.3,.5,4.800000000000001,1.7,13.8,4.600000000000001,3.7,1.8,4.7,5.2,11.9
3_21_391_0,2001,Total,3,India,21,Odisha,391,Baudh,82.5,225,55.40000000000001,.2,3.9,1,5.300000000000001,5.5,2.4,2.6,5.9,5.100000000000001,12.9
3_21_392_0,2001,Total,3,India,21,Odisha,392,Subarnapur,112,210,56.8,0,3.3,1.1,4.2,6.7,2.5,2,6.300000000000001,4.2,12.8
3_21_393_0,2001,Total,3,India,21,Odisha,393,Balangir,322,243,37.6,.2,4.5,2.7,9.300000000000001,7.5,6.9,2.6,6.4,7,15.3
3_21_394_0,2001,Total,3,India,21,Odisha,394,Nuapada,127,243,55.6,.2,2.4,1.4,8,5.7,3.7,2,5.300000000000001,4.3,11.4
3_21_395_0,2001,Total,3,India,21,Odisha,395,Kalahandi,309,236,49.40000000000001,.1,3.8,3,6.100000000000001,6.800000000000001,4.100000000000001,2.2,6,5,13.4
3_21_396_0,2001,Total,3,India,21,Odisha,396,Rayagada,214,262,32.4,.3,16.5,2.9,9,7.300000000000001,6.2,1.9,5.7,4.4,13.4
3_21_397_0,2001,Total,3,India,21,Odisha,397,Nabarangapur,208,208,53.7,.3,4.2,1.6,6.800000000000001,8,2.4,1.2,5.800000000000001,3.5,12.4
3_21_398_0,2001,Total,3,India,21,Odisha,398,Koraput,342,294,32.4,2.4,10.3,4.600000000000001,10.4,6.5,6.100000000000001,2.1,5.7,5.7,13.6
3_21_399_0,2001,Total,3,India,21,Odisha,399,Malkangiri,121,245,66.3,.2,1.2,3.1,6.100000000000001,3.6,1.7,.8,5,4,8
3_22_400_0,2001,Total,3,India,22,Chhattisgarh,400,Koriya,204,354,19.7,33.5,7.300000000000001,.6000000000000001,3.5,10,5.300000000000001,1.9,5.7,3.4,9
3_22_401_0,2001,Total,3,India,22,Chhattisgarh,401,Surguja,416,216,36.3,13.2,10.6,.9,3.6,8,2.5,2.1,6.2,3.8,12.8
3_22_402_0,2001,Total,3,India,22,Chhattisgarh,402,Jashpur,168,229,44.8,0,18.9,.5,3.6,7.100000000000001,1.2,1.2,5.800000000000001,3.6,13.3
3_22_403_0,2001,Total,3,India,22,Chhattisgarh,403,Raigarh,287,231,28.2,1.7,16.9,.9,4.7,12.8,4.600000000000001,2.6,7.300000000000001,5,15.4
3_22_404_0,2001,Total,3,India,22,Chhattisgarh,404,Korba,1061,1073,5.100000000000001,50.7,4,26.8,1.3,3.6,1.7,.6000000000000001,2.2,1.2,2.8
3_22_405_0,2001,Total,3,India,22,Chhattisgarh,405,Janjgir - Champa,262,202,33,1.1,16.8,1.7,3.9,13.1,5.7,1.9,7.5,3.7,11.7
3_22_406_0,2001,Total,3,India,22,Chhattisgarh,406,Bilaspur,541,275,25.6,.5,14,1.3,5.100000000000001,14.7,11.4,3.3,7.2,4.7,12.2
3_22_407_0,2001,Total,3,India,22,Chhattisgarh,407,Kabeerdham,114,198,47.8,0,8.700000000000001,1,3.8,12.7,1.8,1.7,7.2,3.5,11.9
3_22_408_0,2001,Total,3,India,22,Chhattisgarh,408,Rajnandgaon,331,263,34.7,.1,16.4,.8,4.3,12.7,5,2.7,6.600000000000001,4.4,12.3
3_22_409_0,2001,Total,3,India,22,Chhattisgarh,409,Durg,905,328,23.8,4.3,19.1,1,4.2,14.2,8.800000000000001,3.3,7.300000000000001,4.3,9.600000000000001
3_22_410_0,2001,Total,3,India,22,Chhattisgarh,410,Raipur,960,324,17.8,1.9,21.7,1.2,4.5,16.8,9.700000000000001,4.2,7.100000000000001,4.2,10.8
3_22_411_0,2001,Total,3,India,22,Chhattisgarh,411,Mahasamund,177,208,37,0,14.3,1.3,4.100000000000001,13.5,3.6,2.8,8.1,3.6,11.6
3_22_412_0,2001,Total,3,India,22,Chhattisgarh,412,Dhamtari,170,245,31.2,0,20.1,1.2,3.5,14.8,5,2.7,6.100000000000001,3.8,11.6
3_22_413_0,2001,Total,3,India,22,Chhattisgarh,413,Uttar Bastar Kanker,138,215,40.1,0,13.9,1.4,4.5,9.300000000000001,1.3,2.1,6.2,5,16.3
3_22_414_0,2001,Total,3,India,22,Chhattisgarh,414,Bastar,241,207,34.1,0,12.7,.9,5.4,10.7,4.600000000000001,2.5,7.300000000000001,5.600000000000001,16.2
3_22_415_0,2001,Total,3,India,22,Chhattisgarh,415,Narayanpur,24.5,207,34.1,0,12.7,.9,5.4,10.7,4.600000000000001,2.5,7.300000000000001,5.600000000000001,16.2
3_22_416_0,2001,Total,3,India,22,Chhattisgarh,416,Dakshin Bastar Dantewada,129,273,40.2,23.7,3.7,1.3,3.8,4,3,1.2,5.300000000000001,3.6,10.1
3_22_417_0,2001,Total,3,India,22,Chhattisgarh,417,Bijapur,64.10000000000001,273,40.2,23.7,3.7,1.3,3.8,4,3,1.2,5.300000000000001,3.6,10.1
3_23_418_0,2001,Total,3,India,23,Madhya Pradesh,418,Sheopur,120,222,52.1,.1,5.600000000000001,1.3,4.3,16,2.8,1.1,2.4,4.600000000000001,9.800000000000001
3_23_419_0,2001,Total,3,India,23,Madhya Pradesh,419,Morena,354,229,35.2,0,12.6,1.5,7.7,15,5.800000000000001,2.6,2.5,5.100000000000001,11.9
3_23_420_0,2001,Total,3,India,23,Madhya Pradesh,420,Bhind,294,211,36.1,0,12.5,2,7.100000000000001,14.7,2.8,2.9,2.1,6.5,13.2
3_23_421_0,2001,Total,3,India,23,Madhya Pradesh,421,Gwalior,701,442,14.5,.1,14.1,3.7,5.9,18.3,9.9,5.800000000000001,10.6,6.4,10.8
3_23_422_0,2001,Total,3,India,23,Madhya Pradesh,422,Datia,168,275,39.40000000000001,.2,9.700000000000001,1.2,7.2,15.1,4.600000000000001,2.4,2.5,6.300000000000001,11.5
3_23_423_0,2001,Total,3,India,23,Madhya Pradesh,423,Shivpuri,317,227,47.2,.2,7.300000000000001,2,5.2,14.9,2.8,2.5,2.2,5.2,10.6
3_23_424_0,2001,Total,3,India,23,Madhya Pradesh,424,Tikamgarh,264,226,44.3,.1,9.300000000000001,2.4,7.5,13.4,2.7,2.1,2,4.800000000000001,11.3
3_23_425_0,2001,Total,3,India,23,Madhya Pradesh,425,Chhatarpur,343,240,39.2,.2,9.300000000000001,2.5,8.9,15.7,3.5,2.5,1.7,5.2,11.4
3_23_426_0,2001,Total,3,India,23,Madhya Pradesh,426,Panna,176,211,41.1,2.6,10.3,1.4,5.800000000000001,14.2,1.9,2.2,2.5,6,12.1
3_23_427_0,2001,Total,3,India,23,Madhya Pradesh,427,Sagar,495,252,27.1,.1,13.4,1.2,6.600000000000001,18.2,8.200000000000001,3.3,4.100000000000001,5.800000000000001,11.9
3_23_428_0,2001,Total,3,India,23,Madhya Pradesh,428,Damoh,267,253,33.9,1.1,14,1.1,7.9,16.2,4.3,1.8,4.3,4.600000000000001,10.8
3_23_429_0,2001,Total,3,India,23,Madhya Pradesh,429,Satna,491,271,23.8,3.4,15.6,1.9,6.5,16.6,7.5,3.4,6.100000000000001,4.3,11
3_23_430_0,2001,Total,3,India,23,Madhya Pradesh,430,Rewa,427,223,29.1,1.6,11.4,3.1,5.7,14.7,4.800000000000001,4.3,4.800000000000001,7.2,13.3
3_23_431_0,2001,Total,3,India,23,Madhya Pradesh,431,Umaria,111,220,29.6,4.7,8.200000000000001,7.4,7,11.1,7.100000000000001,5.7,2,5.4,11.9
3_23_432_0,2001,Total,3,India,23,Madhya Pradesh,432,Neemuch,251,354,40,2.1,9,1.5,4.5,15.8,4.2,2.3,8.5,3.1,8.9
3_23_433_0,2001,Total,3,India,23,Madhya Pradesh,433,Mandsaur,446,388,46.40000000000001,.1,6.800000000000001,4.4,4.800000000000001,13.5,3.6,1.8,8.4,2.9,7.2
3_23_434_0,2001,Total,3,India,23,Madhya Pradesh,434,Ratlam,480,406,38,0,9.600000000000001,.7000000000000001,3.8,14.3,9.4,3.1,9.600000000000001,3.5,8
3_23_435_0,2001,Total,3,India,23,Madhya Pradesh,435,Ujjain,739,444,32.4,.1,15,3.4,4.600000000000001,14.1,4.9,3,11,3.2,8.300000000000001
3_23_436_0,2001,Total,3,India,23,Madhya Pradesh,436,Shajapur,372,296,50.6,0,7,1.1,6,14.8,3.5,1.6,2.3,3.5,9.5
3_23_437_0,2001,Total,3,India,23,Madhya Pradesh,437,Dewas,376,296,40.3,0,18.7,1.2,4.4,13.1,2.8,2.6,3.9,3.9,9.200000000000001
3_23_438_0,2001,Total,3,India,23,Madhya Pradesh,438,Dhar,454,269,38,.2,19.1,1.3,5,13.4,2.1,2.5,2.9,5.100000000000001,10.6
3_23_439_0,2001,Total,3,India,23,Madhya Pradesh,439,Indore,1678,705,8.6,.1,18.2,.6000000000000001,4.2,17.3,9.200000000000001,5.7,24.4,2.9,8.700000000000001
3_23_440_0,2001,Total,3,India,23,Madhya Pradesh,440,Khargone (West Nimar),335,226,32.8,.1,12.1,3.4,6.600000000000001,17,2.4,3.7,4.4,5.9,11.7
3_23_441_0,2001,Total,3,India,23,Madhya Pradesh,441,Barwani,186,177,31.7,.1,11.4,1.2,4.2,22.8,3,2.7,5,5.100000000000001,12.8
3_23_442_0,2001,Total,3,India,23,Madhya Pradesh,442,Rajgarh,315,259,45.5,0,9.5,2.8,7.100000000000001,13.4,2.5,2,2.2,4,11
3_23_443_0,2001,Total,3,India,23,Madhya Pradesh,443,Vidisha,335,284,46.2,0,6.800000000000001,.7000000000000001,7.2,14.3,3.9,2,4.800000000000001,3.9,10.1
3_23_444_0,2001,Total,3,India,23,Madhya Pradesh,444,Bhopal,985,555,5.800000000000001,0,19.7,.7000000000000001,6.7,19.1,10,8.5,12.1,7.7,9.700000000000001
3_23_445_0,2001,Total,3,India,23,Madhya Pradesh,445,Sehore,282,270,50.8,0,6,3.3,4,12.8,3.1,2.5,3,4.5,9.9
3_23_446_0,2001,Total,3,India,23,Madhya Pradesh,446,Raisen,296,271,42.40000000000001,.2,18.2,.6000000000000001,6,12,2.8,1.6,1.5,4.800000000000001,9.9
3_23_447_0,2001,Total,3,India,23,Madhya Pradesh,447,Betul,387,284,31.7,3.3,7.300000000000001,13.9,5.5,10.2,8.5,2.7,1.5,5.100000000000001,10.2
3_23_448_0,2001,Total,3,India,23,Madhya Pradesh,448,Harda,133,289,47.2,0,6.7,.9,4.3,15,6.2,2.2,4.800000000000001,4.2,8.5
3_23_449_0,2001,Total,3,India,23,Madhya Pradesh,449,Hoshangabad,397,376,30.5,.1,10.6,4,6.5,14.6,14.7,2.6,3.3,4.600000000000001,8.5
3_23_450_0,2001,Total,3,India,23,Madhya Pradesh,450,Katni,339,327,22.4,4.2,14.5,.6000000000000001,6.5,15.8,11.2,2.8,11,2.7,8.5
3_23_451_0,2001,Total,3,India,23,Madhya Pradesh,451,Jabalpur,830,396,11.5,.1,18.1,1.9,6.600000000000001,19.9,11.4,6.5,7,6,11
3_23_452_0,2001,Total,3,India,23,Madhya Pradesh,452,Narsimhapur,262,280,47,.1,7.5,2,3,16.2,4.7,2.1,1.8,4.9,10.6
3_23_453_0,2001,Total,3,India,23,Madhya Pradesh,453,Dindori,98.80000000000001,169,53.6,.6000000000000001,7.5,.6000000000000001,2.5,9.9,1.4,1.2,.7000000000000001,7.7,14.1
3_23_454_0,2001,Total,3,India,23,Madhya Pradesh,454,Mandla,176,205,35,.1,8.1,1.2,11,13,4.3,2,.7000000000000001,8.700000000000001,15.9
3_23_455_0,2001,Total,3,India,23,Madhya Pradesh,455,Chhindwara,595,329,35.8,11.8,7.800000000000001,1.6,5.600000000000001,12.4,4,2.5,5,4.3,9.200000000000001
3_23_456_0,2001,Total,3,India,23,Madhya Pradesh,456,Seoni,264,232,41.5,.1,6.5,2.5,8.1,14.2,2.7,1.9,3.2,6.5,12.9
3_23_457_0,2001,Total,3,India,23,Madhya Pradesh,457,Balaghat,375,254,35.7,7.300000000000001,11.6,1.3,6.300000000000001,14.5,2.4,1.6,2.1,5.5,11.8
3_23_458_0,2001,Total,3,India,23,Madhya Pradesh,458,Guna,234,246,38.7,0,11,1.4,6.9,15.9,4.3,2.6,4.600000000000001,4.7,10.1
3_23_459_0,2001,Total,3,India,23,Madhya Pradesh,459,Ashoknagar,164,246,38.7,0,11,1.4,6.9,15.9,4.3,2.6,4.600000000000001,4.7,10.1
3_23_460_0,2001,Total,3,India,23,Madhya Pradesh,460,Shahdol,274,313,21.6,28.7,7.9,3.3,6.100000000000001,10.7,5,2.1,1.5,3.7,9.4
3_23_461_0,2001,Total,3,India,23,Madhya Pradesh,461,Anuppur,207,313,21.6,28.7,7.9,3.3,6.100000000000001,10.7,5,2.1,1.5,3.7,9.4
3_23_462_0,2001,Total,3,India,23,Madhya Pradesh,462,Sidhi,365,417,16.3,45.8,4.600000000000001,12.8,3,5.2,1.8,1.8,1.1,2.3,5.300000000000001
3_23_463_0,2001,Total,3,India,23,Madhya Pradesh,463,Singrauli,373,417,16.3,45.8,4.600000000000001,12.8,3,5.2,1.8,1.8,1.1,2.3,5.300000000000001
3_23_464_0,2001,Total,3,India,23,Madhya Pradesh,464,Jhabua,130,177,39.7,1,6.600000000000001,1.3,8.6,13.1,4.2,2.3,1.8,6.5,14.9
3_23_465_0,2001,Total,3,India,23,Madhya Pradesh,465,Alirajpur,111,177,39.7,1,6.600000000000001,1.3,8.6,13.1,4.2,2.3,1.8,6.5,14.9
3_23_466_0,2001,Total,3,India,23,Madhya Pradesh,466,Khandwa (East Nimar),440,263,36.8,0,14.1,1.1,6.2,16.8,6.2,1.9,3.4,4.600000000000001,8.9
3_23_467_0,2001,Total,3,India,23,Madhya Pradesh,467,Burhanpur,,,,,,,,,,,,,
3_24_468_0,2001,Total,3,India,24,Gujarat,468,Kachchh,,,,,,,,,,,,,
3_24_469_0,2001,Total,3,India,24,Gujarat,469,Banas Kantha,,,,,,,,,,,,,
3_24_470_0,2001,Total,3,India,24,Gujarat,470,Patan,,,,,,,,,,,,,
3_24_471_0,2001,Total,3,India,24,Gujarat,471,Mahesana,,,,,,,,,,,,,
3_24_472_0,2001,Total,3,India,24,Gujarat,472,Sabar Kantha,,,,,,,,,,,,,
3_24_473_0,2001,Total,3,India,24,Gujarat,473,Gandhinagar,,,,,,,,,,,,,
3_24_474_0,2001,Total,3,India,24,Gujarat,474,Ahmadabad,,,,,,,,,,,,,
3_24_475_0,2001,Total,3,India,24,Gujarat,475,Surendranagar,,,,,,,,,,,,,
3_24_476_0,2001,Total,3,India,24,Gujarat,476,Rajkot,,,,,,,,,,,,,
3_24_477_0,2001,Total,3,India,24,Gujarat,477,Jamnagar,,,,,,,,,,,,,
3_24_478_0,2001,Total,3,India,24,Gujarat,478,Porbandar,,,,,,,,,,,,,
3_24_479_0,2001,Total,3,India,24,Gujarat,479,Junagadh,,,,,,,,,,,,,
3_24_480_0,2001,Total,3,India,24,Gujarat,480,Amreli,,,,,,,,,,,,,
3_24_481_0,2001,Total,3,India,24,Gujarat,481,Bhavnagar,,,,,,,,,,,,,
3_24_482_0,2001,Total,3,India,24,Gujarat,482,Anand,,,,,,,,,,,,,
3_24_483_0,2001,Total,3,India,24,Gujarat,483,Kheda,,,,,,,,,,,,,
3_24_484_0,2001,Total,3,India,24,Gujarat,484,Panch Mahals,,,,,,,,,,,,,
3_24_485_0,2001,Total,3,India,24,Gujarat,485,Dohad,,,,,,,,,,,,,
3_24_486_0,2001,Total,3,India,24,Gujarat,486,Vadodara,,,,,,,,,,,,,
3_24_487_0,2001,Total,3,India,24,Gujarat,487,Narmada,,,,,,,,,,,,,
3_24_488_0,2001,Total,3,India,24,Gujarat,488,Bharuch,,,,,,,,,,,,,
3_24_489_0,2001,Total,3,India,24,Gujarat,489,The Dangs,,,,,,,,,,,,,
3_24_490_0,2001,Total,3,India,24,Gujarat,490,Navsari,,,,,,,,,,,,,
3_24_491_0,2001,Total,3,India,24,Gujarat,491,Valsad,,,,,,,,,,,,,
3_24_492_0,2001,Total,3,India,24,Gujarat,492,Surat,,,,,,,,,,,,,
3_24_493_0,2001,Total,3,India,24,Gujarat,493,Tapi,,,,,,,,,,,,,
3_25_494_0,2001,Total,3,India,25,Daman & Diu,494,Diu,,,,,,,,,,,,,
3_25_495_0,2001,Total,3,India,25,Daman & Diu,495,Daman,,,,,,,,,,,,,
3_26_496_0,2001,Total,3,India,26,Dadra & Nagar Haveli,496,Dadra & Nagar Haveli,,,,,,,,,,,,,
3_27_497_0,2001,Total,3,India,27,Maharashtra,497,Nandurbar,362,281,38.90000000000001,.1,4.800000000000001,1.3,4,9.600000000000001,5.4,7.4,13.5,4.7,10.3
3_27_498_0,2001,Total,3,India,27,Maharashtra,498,Dhule,586,351,12.8,0,16.5,2.3,6.2,12.9,8.5,11.9,11.8,5.800000000000001,11.3
3_27_499_0,2001,Total,3,India,27,Maharashtra,499,Jalgaon,1682,467,31.9,0,11.8,3,4.7,11.8,7.9,8.5,8.700000000000001,4,7.9
3_27_500_0,2001,Total,3,India,27,Maharashtra,500,Buldana,677,310,31.5,.1,7,2.2,4.9,10.5,7.100000000000001,9.800000000000001,11.6,5.5,9.800000000000001
3_27_501_0,2001,Total,3,India,27,Maharashtra,501,Akola,675,425,26,.1,10.3,3,6,11.3,8.800000000000001,10.8,9,5,9.800000000000001
3_27_502_0,2001,Total,3,India,27,Maharashtra,502,Washim,262,262,36.4,.2,5.4,1.9,4.2,10.3,5.7,7.2,13.1,5.100000000000001,10.6
3_27_503_0,2001,Total,3,India,27,Maharashtra,503,Amravati,1132,445,38.3,0,4.5,2.8,5.5,9.300000000000001,6.9,8.9,9,5.100000000000001,9.5
3_27_504_0,2001,Total,3,India,27,Maharashtra,504,Wardha,552,456,28,.1,10.1,2.4,7.100000000000001,10.6,7.600000000000001,9.4,9,5.800000000000001,9.700000000000001
3_27_505_0,2001,Total,3,India,27,Maharashtra,505,Nagpur,2528,641,11,4.100000000000001,16.3,3.5,8.6,12.1,9,12.3,7.7,6.9,8.5
3_27_506_0,2001,Total,3,India,27,Maharashtra,506,Bhandara,766,362,40.3,0,5.2,3.7,5,9.700000000000001,6,6,10.2,4.4,9.4
3_27_507_0,2001,Total,3,India,27,Maharashtra,507,Gondiya,443,376,28.9,.3,14.6,1.1,7.800000000000001,11.5,6.2,5.5,10.1,4.600000000000001,9.200000000000001
3_27_508_0,2001,Total,3,India,27,Maharashtra,508,Gadchiroli,327,343,45.5,.1,3.7,2.3,4.3,8.300000000000001,4.5,4.5,8.1,6.9,11.7
3_27_509_0,2001,Total,3,India,27,Maharashtra,509,Chandrapur,1091,540,18.9,18.9,8.6,4.2,6.5,10.6,6,5.7,6.9,5.7,7.9
3_27_510_0,2001,Total,3,India,27,Maharashtra,510,Yavatmal,906,376,29.5,10.6,5.2,1.9,6.100000000000001,10.2,5.800000000000001,7.300000000000001,10.2,4.800000000000001,8.5
3_27_511_0,2001,Total,3,India,27,Maharashtra,511,Nanded,870,309,26.6,.2,9,2.3,6.100000000000001,10.9,6.800000000000001,8.9,12.4,5.7,11.1
3_27_512_0,2001,Total,3,India,27,Maharashtra,512,Hingoli,241,249,35.9,.3,4.800000000000001,1.7,4.7,10.3,5.300000000000001,8.200000000000001,13.2,5.2,10.6
3_27_513_0,2001,Total,3,India,27,Maharashtra,513,Parbhani,513,344,34.8,0,6.100000000000001,2.2,5.5,10.6,6.600000000000001,8,9.800000000000001,5.800000000000001,10.5
3_27_514_0,2001,Total,3,India,27,Maharashtra,514,Jalna,484,306,31.3,.3,11.4,2,5.7,12.4,6.100000000000001,7,9.200000000000001,6,8.700000000000001
3_27_515_0,2001,Total,3,India,27,Maharashtra,515,Aurangabad,1570,556,16.1,.1,28.2,1.8,6.9,17.3,5.300000000000001,6.9,5.800000000000001,4.7,6.9
3_27_516_0,2001,Total,3,India,27,Maharashtra,516,Nashik,2823,580,21.2,.1,23.2,2.1,5.2,15.4,6.100000000000001,7.9,6.5,5.9,6.300000000000001
3_27_517_0,2001,Total,3,India,27,Maharashtra,517,Thane,6536,831,3.6,0,27.8,2.2,5,15.6,9.800000000000001,14.7,10.4,4.7,6.4
3_27_518_0,2001,Total,3,India,27,Maharashtra,518,Mumbai Suburban,8727,1073,1.8,0,26.3,4.7,4.100000000000001,15,12,15.8,9.800000000000001,4.3,6.2
3_27_519_0,2001,Total,3,India,27,Maharashtra,519,Mumbai,3631,1073,1.8,0,26.3,4.7,4.100000000000001,15,12,15.8,9.800000000000001,4.3,6.2
3_27_520_0,2001,Total,3,India,27,Maharashtra,520,Raigarh,1872,867,8.300000000000001,0,37.7,3.8,4.4,20,6.7,5.100000000000001,5.800000000000001,3.4,4.800000000000001
3_27_521_0,2001,Total,3,India,27,Maharashtra,521,Pune,6189,881,11.2,.1,29.1,1,6.4,16.7,5.7,9.5,8.300000000000001,6.2,5.9
3_27_522_0,2001,Total,3,India,27,Maharashtra,522,Ahmadnagar,1746,441,25,0,16.2,1.8,4.7,13.7,5.600000000000001,9.700000000000001,8.9,5.800000000000001,8.5
3_27_523_0,2001,Total,3,India,27,Maharashtra,523,Bid,463,416,26.1,1.9,14.9,1.8,6.4,11.7,5.4,8.300000000000001,9.4,5.4,8.5
3_27_524_0,2001,Total,3,India,27,Maharashtra,524,Latur,618,304,30.2,.1,7.4,2.5,7.2,11.1,7.2,8.6,7.4,5.600000000000001,12.8
3_27_525_0,2001,Total,3,India,27,Maharashtra,525,Osmanabad,464,318,35.9,0,7.300000000000001,2.4,4.5,11.1,7.2,8,7.7,6,9.800000000000001
3_27_526_0,2001,Total,3,India,27,Maharashtra,526,Solapur,1606,427,23.7,.1,15.4,1.5,5.5,13.2,7.300000000000001,10.8,9.1,4.5,8.9
3_27_527_0,2001,Total,3,India,27,Maharashtra,527,Satara,1415,514,28.8,0,14.2,2.1,5.300000000000001,12.3,6.9,12,7.7,3.3,7.300000000000001
3_27_528_0,2001,Total,3,India,27,Maharashtra,528,Ratnagiri,757,455,15.8,.1,17.6,5.2,8.9,14.6,11.4,7.300000000000001,6.7,4.100000000000001,8.5
3_27_529_0,2001,Total,3,India,27,Maharashtra,529,Sindhudurg,399,468,28.9,.2,7.4,2,7.5,8.800000000000001,11.4,12.4,7.100000000000001,4.7,9.5
3_27_530_0,2001,Total,3,India,27,Maharashtra,530,Kolhapur,2070,601,24.7,.2,17.7,1.7,4.5,13.5,5.300000000000001,15.4,7.300000000000001,3.3,6.5
3_27_531_0,2001,Total,3,India,27,Maharashtra,531,Sangli,1345,532,32.3,.2,12,1.7,4,11.8,5.7,13.7,7.9,3.1,7.600000000000001
3_28_532_0,2001,Total,3,India,28,Andhra Pradesh,532,Adilabad,787,322,25.1,14.3,4.2,2.4,5.7,14.2,3.7,4.600000000000001,8,7.9,9.9
3_28_533_0,2001,Total,3,India,28,Andhra Pradesh,533,Nizamabad,722,311,33.9,0,12.2,4.800000000000001,4.800000000000001,11.5,4.800000000000001,5.600000000000001,7.9,3.9,10.7
3_28_534_0,2001,Total,3,India,28,Andhra Pradesh,534,Karimnagar,1471,426,28.5,15.8,4.9,3.4,4.600000000000001,16.2,4,3,6,5.2,8.4
3_28_535_0,2001,Total,3,India,28,Andhra Pradesh,535,Medak,1519,577,18.9,.3,38.8,2.4,2.6,19.5,3,2.6,4,2.7,5.2
3_28_536_0,2001,Total,3,India,28,Andhra Pradesh,536,Hyderabad,2094,557,2.9,0,12.8,3.4,6.4,6.600000000000001,25.6,6.2,15.1,10.1,10.8
3_28_537_0,2001,Total,3,India,28,Andhra Pradesh,537,Rangareddy,1697,494,17.1,.3,25.8,2.3,8.4,14.8,6.2,2.7,9.300000000000001,4.2,8.9
3_28_538_0,2001,Total,3,India,28,Andhra Pradesh,538,Mahbubnagar,863,248,30.6,0,7.7,4.7,9.300000000000001,10.6,4.600000000000001,5.5,9.4,4.800000000000001,12.8
3_28_539_0,2001,Total,3,India,28,Andhra Pradesh,539,Nalgonda,1115,347,30.3,.8,15.9,4.9,6,13.8,3.9,4.100000000000001,7.300000000000001,2.9,10.3
3_28_540_0,2001,Total,3,India,28,Andhra Pradesh,540,Warangal,963,300,33.2,1.3,6.2,4.5,5.9,11,7.5,4.800000000000001,8.700000000000001,3.8,13
3_28_541_0,2001,Total,3,India,28,Andhra Pradesh,541,Khammam,1125,442,28.3,17.3,3.8,2.1,4.2,15.9,4.100000000000001,3.4,6,6,8.800000000000001
3_28_542_0,2001,Total,3,India,28,Andhra Pradesh,542,Srikakulam,655,259,27.3,1.7,12.8,2.3,5.100000000000001,11.8,5.5,5.2,10.3,4.5,13.4
3_28_543_0,2001,Total,3,India,28,Andhra Pradesh,543,Vizianagaram,599,266,35.5,.9,6.100000000000001,1.5,5.5,10.2,5.4,5.600000000000001,9.800000000000001,5.100000000000001,14.6
3_28_544_0,2001,Total,3,India,28,Andhra Pradesh,544,Visakhapatnam,1799,476,15.1,1,18.7,2.1,6.9,17.5,11,3.9,8.4,7.4,8
3_28_545_0,2001,Total,3,India,28,Andhra Pradesh,545,East Godavari,2161,441,31.7,4.100000000000001,17.5,1.9,3.2,15.1,5.800000000000001,3.7,5.9,3.2,7.800000000000001
3_28_546_0,2001,Total,3,India,28,Andhra Pradesh,546,West Godavari,1681,443,45.5,.4,8.6,3,2.6,14.3,4.4,4,6.100000000000001,2.9,8.200000000000001
3_28_547_0,2001,Total,3,India,28,Andhra Pradesh,547,Krishna,1958,471,38.90000000000001,1,7.300000000000001,1.9,4.5,11.5,9.4,4.3,7.7,5.100000000000001,8.4
3_28_548_0,2001,Total,3,India,28,Andhra Pradesh,548,Guntur,1797,403,42.6,1.4,5.7,2.6,4.9,12.2,6,4.4,7.100000000000001,3.7,9.200000000000001
3_28_549_0,2001,Total,3,India,28,Andhra Pradesh,549,Prakasam,1024,336,36.9,1.6,7.300000000000001,2.3,7.600000000000001,11.8,4.3,5.2,8.200000000000001,4.600000000000001,10.2
3_28_550_0,2001,Total,3,India,28,Andhra Pradesh,550,Sri Potti Sriramulu Nellore,1040,392,36.1,.1,11,2.7,6.4,11.7,5.9,4.600000000000001,7.100000000000001,4.9,9.4
3_28_551_0,2001,Total,3,India,28,Andhra Pradesh,551,Y.S.R.,869,337,29.5,1.1,14.3,4.4,6.4,11.2,5.100000000000001,4.600000000000001,7.800000000000001,4.600000000000001,11.1
3_28_552_0,2001,Total,3,India,28,Andhra Pradesh,552,Kurnool,1034,297,33.6,2.5,5.5,3.2,6.600000000000001,12.7,6.100000000000001,4.7,8,4.4,12.6
3_28_553_0,2001,Total,3,India,28,Andhra Pradesh,553,Anantapur,1075,298,28.8,.4,10.8,4.7,6,11,7.2,4.800000000000001,8.4,5.9,12
3_28_554_0,2001,Total,3,India,28,Andhra Pradesh,554,Chittoor,1226,331,32,1,10.1,3.5,6,10.9,6.100000000000001,5,8.1,5.800000000000001,11.5
3_29_555_0,2001,Total,3,India,29,Karnataka,555,Belgaum,1584,384,35.1,0,19.1,3,5.9,12.2,4.800000000000001,4.4,7.300000000000001,3.3,4.800000000000001
3_29_556_0,2001,Total,3,India,29,Karnataka,556,Bagalkot,585,362,39.5,.5,12.1,1.1,6.5,9.200000000000001,4.9,2.6,8.700000000000001,3.6,11.2
3_29_557_0,2001,Total,3,India,29,Karnataka,557,Bijapur,615,348,36.7,.2,4.5,3.4,7.2,7.9,5.7,3.7,9.4,3.4,18
3_29_558_0,2001,Total,3,India,29,Karnataka,558,Bidar,426,290,31.1,0,8.9,2.5,8.300000000000001,6.9,6.800000000000001,2.8,14.6,5.5,12.7
3_29_559_0,2001,Total,3,India,29,Karnataka,559,Raichur,461,282,39.40000000000001,3.3,3.2,1.5,7.800000000000001,9.800000000000001,5.800000000000001,4.4,12.4,3.9,8.6
3_29_560_0,2001,Total,3,India,29,Karnataka,560,Koppal,373,318,33.5,.1,13.6,2.5,6.100000000000001,10.7,4.800000000000001,2,11.1,3.6,11.9
3_29_561_0,2001,Total,3,India,29,Karnataka,561,Gadag,307,323,33.4,0,8.6,2,7.5,9.300000000000001,6.9,3.5,9.800000000000001,7.5,11.6
3_29_562_0,2001,Total,3,India,29,Karnataka,562,Dharwad,710,452,23.3,0,13.8,2.3,10.1,9.9,7.300000000000001,11.7,8,5.100000000000001,8.300000000000001
3_29_563_0,2001,Total,3,India,29,Karnataka,563,Uttara Kannada,558,421,28.7,.1,9.800000000000001,2.2,14.5,8.5,7.2,6.5,8.6,4.4,9.4
3_29_564_0,2001,Total,3,India,29,Karnataka,564,Haveri,471,334,37.7,0,17.4,1.1,4.800000000000001,9.5,3.9,2.4,8.5,4.9,9.700000000000001
3_29_565_0,2001,Total,3,India,29,Karnataka,565,Bellary,799,403,29.7,2.5,14.4,3.4,7.300000000000001,12.1,6.7,3.7,8.1,3.4,8.6
3_29_566_0,2001,Total,3,India,29,Karnataka,566,Chitradurga,468,315,40.40000000000001,.3,6.4,2.4,6.5,8.200000000000001,5.7,3.7,10.6,4.2,11.5
3_29_567_0,2001,Total,3,India,29,Karnataka,567,Davanagere,612,349,42.3,.1,6.7,1.7,6.100000000000001,9.200000000000001,5.2,4,10.4,4.7,9.600000000000001
3_29_568_0,2001,Total,3,India,29,Karnataka,568,Shimoga,701,436,41,.1,6,2.9,8.200000000000001,10.6,5,4.600000000000001,8.300000000000001,5.300000000000001,8
3_29_569_0,2001,Total,3,India,29,Karnataka,569,Udupi,510,469,30.1,0,8.300000000000001,3.1,7.600000000000001,11.2,4.800000000000001,13.7,6.800000000000001,2.3,12.3
3_29_570_0,2001,Total,3,India,29,Karnataka,570,Chikmagalur,566,507,44,8.5,2,2,3.9,12.5,3.7,4.100000000000001,8.9,4.9,5.5
3_29_571_0,2001,Total,3,India,29,Karnataka,571,Tumkur,816,322,38.1,.4,7.600000000000001,4.5,6.300000000000001,8.9,4.9,2,11.8,4.7,10.7
3_29_572_0,2001,Total,3,India,29,Karnataka,572,Bangalore,4972,777,3.6,0,29.5,2.8,7.100000000000001,15.3,6.2,8.700000000000001,15.1,5.4,6.2
3_29_573_0,2001,Total,3,India,29,Karnataka,573,Mandya,560,324,41.7,0,6.5,1.7,7.5,9,4.3,4.100000000000001,9.4,5.4,10.5
3_29_574_0,2001,Total,3,India,29,Karnataka,574,Hassan,590,350,44.2,.1,2.5,2.9,7,7.600000000000001,6.5,4.5,10.2,5.800000000000001,8.700000000000001
3_29_575_0,2001,Total,3,India,29,Karnataka,575,Dakshina Kannada,1105,595,22.2,0,15.1,1.5,7.600000000000001,19.9,10.3,9.200000000000001,6,2.8,5.4
3_29_576_0,2001,Total,3,India,29,Karnataka,576,Kodagu,365,680,56.90000000000001,0,1.8,1,4.100000000000001,10,3.4,4.9,8.5,4.2,5.2
3_29_577_0,2001,Total,3,India,29,Karnataka,577,Mysore,1087,421,25.8,.4,16.4,2.4,7.800000000000001,12.5,5.4,6.300000000000001,9.300000000000001,5,8.800000000000001
3_29_578_0,2001,Total,3,India,29,Karnataka,578,Chamarajanagar,336,356,45.7,.5,5.600000000000001,2.7,4,7.7,2.9,2.4,11.7,4.800000000000001,11.9
3_29_579_0,2001,Total,3,India,29,Karnataka,579,Gulbarga,677,318,33.4,1.1,9,1.8,9.1,8.9,5.7,2.9,12.2,4.9,10.9
3_29_580_0,2001,Total,3,India,29,Karnataka,580,Yadgir,297,318,33.4,1.1,9,1.8,9.1,8.9,5.7,2.9,12.2,4.9,10.9
3_29_581_0,2001,Total,3,India,29,Karnataka,581,Kolar,422,331,40.90000000000001,1,4.600000000000001,3,6.4,7.5,5.600000000000001,3.1,11.3,6.100000000000001,10.5
3_29_582_0,2001,Total,3,India,29,Karnataka,582,Chikkaballapura,399,331,40.90000000000001,1,4.600000000000001,3,6.4,7.5,5.600000000000001,3.1,11.3,6.100000000000001,10.5
3_29_583_0,2001,Total,3,India,29,Karnataka,583,Bangalore Rural,334,403,33.1,.1,11,5.300000000000001,3.8,13.4,4.800000000000001,1.7,10.2,8.1,8.5
3_29_584_0,2001,Total,3,India,29,Karnataka,584,Ramanagara,408,403,33.1,.1,11,5.300000000000001,3.8,13.4,4.800000000000001,1.7,10.2,8.1,8.5
3_2_23_0,2001,Total,3,India,2,Himachal Pradesh,23,Chamba,175,384,28.3,.1,1.7,9.1,16.2,8.4,2.1,5.7,6.5,8.700000000000001,13.2
3_2_24_0,2001,Total,3,India,2,Himachal Pradesh,24,Kangra,611,449,21.1,0,5,2.6,26.1,11,4.3,4.800000000000001,5.600000000000001,6.7,12.7
3_2_25_0,2001,Total,3,India,2,Himachal Pradesh,25,Lahul & Spiti,52.1,1425,41.2,0,.2,9.700000000000001,19.7,1.7,4.800000000000001,4.3,1.8,7.300000000000001,9.5
3_2_26_0,2001,Total,3,India,2,Himachal Pradesh,26,Kullu,170,484,28.2,0,2.5,7.9,15.9,14.3,3.9,2.8,6,7.5,11.1
3_2_27_0,2001,Total,3,India,2,Himachal Pradesh,27,Mandi,359,399,27,.1,3.8,4,20.5,8.9,3.2,3.8,6.600000000000001,8.4,13.6
3_2_28_0,2001,Total,3,India,2,Himachal Pradesh,28,Hamirpur,222,518,20,.2,1.8,3.7,32.2,8.800000000000001,4.3,6.300000000000001,5.4,5.2,12.1
3_2_29_0,2001,Total,3,India,2,Himachal Pradesh,29,Una,231,527,25.6,.1,6.4,5.5,20.8,10.9,4.2,4.2,5.300000000000001,6.300000000000001,10.6
3_2_30_0,2001,Total,3,India,2,Himachal Pradesh,30,Bilaspur,191,557,17.6,2.1,18.9,5.4,19.4,7.2,3.7,3.8,4.4,6.5,10.9
3_2_31_0,2001,Total,3,India,2,Himachal Pradesh,31,Solan,467,1056,14.3,1.3,44.40000000000001,2.7,14.7,6,3,1,3.5,3.3,5.800000000000001
3_2_32_0,2001,Total,3,India,2,Himachal Pradesh,32,Sirmaur,249,567,28.4,1.2,21.8,5.7,12.9,5.800000000000001,2.7,1.4,4.600000000000001,6,9.600000000000001
3_2_33_0,2001,Total,3,India,2,Himachal Pradesh,33,Shimla,421,589,21.9,.1,2.7,5.600000000000001,16.3,9.700000000000001,3.4,4.800000000000001,6.300000000000001,16.2,13.1
3_2_34_0,2001,Total,3,India,2,Himachal Pradesh,34,Kinnaur,60,726,25.9,.4,1.2,22.6,14.4,3.3,1.1,4.7,4.7,10.1,11.7
3_30_585_0,2001,Total,3,India,30,Goa,585,North Goa,,,,,,,,,,,,,
3_30_586_0,2001,Total,3,India,30,Goa,586,South Goa,,,,,,,,,,,,,
3_31_587_0,2001,Total,3,India,31,Lakshadweep,587,Lakshadweep,,,,,,,,,,,,,
3_32_588_0,2001,Total,3,India,32,Kerala,588,Kasaragod,512,430,32.4,.8,1,.7000000000000001,8.700000000000001,23.8,7.2,5,7.600000000000001,2.2,10.6
3_32_589_0,2001,Total,3,India,32,Kerala,589,Kannur,1118,468,20.8,1.1,5.300000000000001,.7000000000000001,10.9,26.7,6.7,4.4,7,4.5,11.6
3_32_590_0,2001,Total,3,India,32,Kerala,590,Wayanad,383,495,51,.3,3.4,.5,4.5,14,3.3,4.2,7.5,2.4,9.1
3_32_591_0,2001,Total,3,India,32,Kerala,591,Kozhikode,1389,488,20.9,.8,5.4,1.3,11.9,26.1,8.5,4.100000000000001,7,4.4,9.5
3_32_592_0,2001,Total,3,India,32,Kerala,592,Malappuram,1275,359,26.6,.6000000000000001,5.2,.7000000000000001,9.1,21.4,8.4,3.5,7.9,3.3,13.2
3_32_593_0,2001,Total,3,India,32,Kerala,593,Palakkad,1189,459,20.4,.3,16.2,1.4,6.9,21.9,7,4.7,7.9,4.3,8.9
3_32_594_0,2001,Total,3,India,32,Kerala,594,Thrissur,1515,514,18.7,.3,9.5,1.5,10.4,24.9,9.200000000000001,5.100000000000001,7.300000000000001,4,9
3_32_595_0,2001,Total,3,India,32,Kerala,595,Ernakulam,2173,708,11.9,.3,22.5,1.4,12.8,19.8,10.7,4.800000000000001,5.4,3.9,6.300000000000001
3_32_596_0,2001,Total,3,India,32,Kerala,596,Idukki,672,597,50.2,.1,5.4,3.1,4.2,11.9,3.1,3.6,7.4,1.9,9.200000000000001
3_32_597_0,2001,Total,3,India,32,Kerala,597,Kottayam,1007,519,22.4,.2,6.600000000000001,2.3,8.4,22.8,9.200000000000001,5.7,7.600000000000001,5.7,8.9
3_32_598_0,2001,Total,3,India,32,Kerala,598,Alappuzha,1030,491,21,.2,8.700000000000001,2.1,8.6,23.2,9.1,4.9,8.4,5.2,8.700000000000001
3_32_599_0,2001,Total,3,India,32,Kerala,599,Pathanamthitta,618,502,29,.2,2.9,2,7.300000000000001,16.2,10.3,6.7,8.9,5.600000000000001,10.7
3_32_600_0,2001,Total,3,India,32,Kerala,600,Kollam,1169,456,25.8,.3,5.9,2.1,8.1,21.3,9.200000000000001,3.9,8.9,5.7,8.800000000000001
3_32_601_0,2001,Total,3,India,32,Kerala,601,Thiruvananthapuram,1669,522,15.7,.2,11.4,2.6,9.5,19.1,10.4,4.5,7.9,11.1,7.600000000000001
3_33_602_0,2001,Total,3,India,33,Tamil Nadu,602,Thiruvallur,1495,556,10.6,0,23.8,4.600000000000001,7.800000000000001,13.1,10.3,5.5,7.300000000000001,7.100000000000001,9.9
3_33_603_0,2001,Total,3,India,33,Tamil Nadu,603,Chennai,3004,701,1.9,0,19.7,2.1,4.9,16.6,16.5,11.9,8.800000000000001,6,11.6
3_33_604_0,2001,Total,3,India,33,Tamil Nadu,604,Kancheepuram,1556,551,10.8,0,25.3,3.7,7.300000000000001,12.3,9,7.9,7.100000000000001,6.9,9.600000000000001
3_33_605_0,2001,Total,3,India,33,Tamil Nadu,605,Vellore,1631,476,12.4,0,25.3,2.8,9.1,15.1,9.200000000000001,5.5,5.5,6.100000000000001,9.1
3_33_606_0,2001,Total,3,India,33,Tamil Nadu,606,Tiruvannamalai,677,312,23.5,.1,11.3,3.5,9.1,15,7.100000000000001,6.7,6.5,6.4,10.9
3_33_607_0,2001,Total,3,India,33,Tamil Nadu,607,Viluppuram,891,304,28.2,.1,9.9,2.8,7.9,14.6,7.5,5.9,6.5,6.300000000000001,10.3
3_33_608_0,2001,Total,3,India,33,Tamil Nadu,608,Salem,1546,520,15.7,.5,27.2,4.9,7.4,13.3,6.9,5.800000000000001,6.4,4.2,7.7
3_33_609_0,2001,Total,3,India,33,Tamil Nadu,609,Namakkal,935,639,30.6,0,22.9,1.8,5.300000000000001,10.2,8.200000000000001,5.9,5.2,3.3,6.600000000000001
3_33_610_0,2001,Total,3,India,33,Tamil Nadu,610,Erode,1416,555,23.2,0,18.7,2.6,6.4,15.6,7.600000000000001,6.2,6.4,4.5,8.800000000000001
3_33_611_0,2001,Total,3,India,33,Tamil Nadu,611,The Nilgiris,345,456,23.3,0,12.2,2,5.9,11.2,10.6,6.2,7.4,10.8,10.5
3_33_612_0,2001,Total,3,India,33,Tamil Nadu,612,Dindigul,920,484,25,0,16.4,2.2,6.5,16.6,6.5,7,6.100000000000001,4.600000000000001,9.1
3_33_613_0,2001,Total,3,India,33,Tamil Nadu,613,Karur,452,489,18.3,.1,16.9,2,6.600000000000001,15.6,7.800000000000001,12.4,5.800000000000001,4.4,10
3_33_614_0,2001,Total,3,India,33,Tamil Nadu,614,Tiruchirappalli,1202,503,17.7,.1,12.2,3,6.2,17.4,12.2,8.9,5.9,6.5,10
3_33_615_0,2001,Total,3,India,33,Tamil Nadu,615,Perambalur,362,308,33.6,1.9,16.2,2.4,3.9,10.3,5.4,5.2,6.5,5.300000000000001,9.300000000000001
3_33_616_0,2001,Total,3,India,33,Tamil Nadu,616,Ariyalur,,,,,,,,,,,,,
3_33_617_0,2001,Total,3,India,33,Tamil Nadu,617,Cuddalore,927,409,26.6,7.9,8.1,4.5,5.100000000000001,12.6,6.9,6.2,6.300000000000001,7.100000000000001,8.6
3_33_618_0,2001,Total,3,India,33,Tamil Nadu,618,Nagapattinam,634,430,33.9,4.800000000000001,5.2,2.2,6.9,15.1,7.100000000000001,6.7,5.300000000000001,5.300000000000001,7.7
3_33_619_0,2001,Total,3,India,33,Tamil Nadu,619,Thiruvarur,428,369,31.4,0,5.7,2.7,5.7,17.1,7,8.200000000000001,5.9,7.600000000000001,8.700000000000001
3_33_620_0,2001,Total,3,India,33,Tamil Nadu,620,Thanjavur,888,405,25.6,0,7.4,2.6,5.100000000000001,18.8,7.600000000000001,10.2,5.9,7,9.9
3_33_621_0,2001,Total,3,India,33,Tamil Nadu,621,Pudukkottai,546,378,30.3,0,9.700000000000001,2.4,7.4,17.3,6.100000000000001,6.2,5.300000000000001,6.600000000000001,8.800000000000001
3_33_622_0,2001,Total,3,India,33,Tamil Nadu,622,Sivaganga,426,372,14.4,.1,15.3,2.3,8.5,17.4,7.600000000000001,9.800000000000001,6.7,6.9,11.1
3_33_623_0,2001,Total,3,India,33,Tamil Nadu,623,Madurai,1279,501,13.3,.3,14.3,2.6,6.7,21,9.200000000000001,8.9,7.100000000000001,6,10.7
3_33_624_0,2001,Total,3,India,33,Tamil Nadu,624,Theni,465,428,24.6,0,13.2,3,4,18.5,7.2,6.800000000000001,7.5,4.800000000000001,10.4
3_33_625_0,2001,Total,3,India,33,Tamil Nadu,625,Virudhunagar,1172,678,7.800000000000001,.2,44.2,1.5,6.4,13.3,5.100000000000001,5,4.800000000000001,4,7.7
3_33_626_0,2001,Total,3,India,33,Tamil Nadu,626,Ramanathapuram,499,422,33.4,.2,8.4,1.6,5.5,18.2,6.4,5.5,5.100000000000001,6.300000000000001,9.4
3_33_627_0,2001,Total,3,India,33,Tamil Nadu,627,Thoothukkudi,911,585,17.6,.8,19.5,3.8,6.300000000000001,17.1,9.600000000000001,5.600000000000001,5.100000000000001,4.9,9.600000000000001
3_33_628_0,2001,Total,3,India,33,Tamil Nadu,628,Tirunelveli,1294,480,13,.4,25.8,2.4,6.5,17.1,7,5.800000000000001,6.300000000000001,5.300000000000001,10.6
3_33_629_0,2001,Total,3,India,33,Tamil Nadu,629,Kanniyakumari,900,540,16.4,0,18.8,2.2,18.4,11.5,7,5.5,5.9,4.7,9.600000000000001
3_33_630_0,2001,Total,3,India,33,Tamil Nadu,630,Dharmapuri,526,414,28.5,.2,12.8,2.7,8.5,13.4,9.4,5.100000000000001,5.100000000000001,5.4,9
3_33_631_0,2001,Total,3,India,33,Tamil Nadu,631,Krishnagiri,549,358,19.4,0,14.8,3.1,9.800000000000001,15.5,9.1,5.9,5.800000000000001,6.300000000000001,10.4
3_33_632_0,2001,Total,3,India,33,Tamil Nadu,632,Coimbatore,2624,628,10,.1,30.1,2.1,6.7,16,7.5,6.5,7.300000000000001,4,9.800000000000001
3_33_633_0,2001,Total,3,India,33,Tamil Nadu,633,Tiruppur,,,,,,,,,,,,,
3_34_634_0,2001,Total,3,India,34,Puducherry,634,Yanam,,,,,,,,,,,,,
3_34_635_0,2001,Total,3,India,34,Puducherry,635,Puducherry,,,,,,,,,,,,,
3_34_636_0,2001,Total,3,India,34,Puducherry,636,Mahe,,,,,,,,,,,,,
3_34_637_0,2001,Total,3,India,34,Puducherry,637,Karaikal,,,,,,,,,,,,,
3_35_638_0,2001,Total,3,India,35,Andaman & Nicobar Islands,638,Nicobars,,,,,,,,,,,,,
3_35_639_0,2001,Total,3,India,35,Andaman & Nicobar Islands,639,North  & Middle Andaman,,,,,,,,,,,,,
3_35_640_0,2001,Total,3,India,35,Andaman & Nicobar Islands,640,South Andaman,,,,,,,,,,,,,
3_3_35_0,2001,Total,3,India,3,Punjab,35,Gurdaspur,1068,536,35.7,0,5,2.4,7.800000000000001,12.8,4.800000000000001,4.100000000000001,5.800000000000001,8.800000000000001,12.8
3_3_36_0,2001,Total,3,India,3,Punjab,36,Kapurthala,497,666,37.3,0,15.3,3.3,4.5,11.6,4.100000000000001,5.600000000000001,4.7,4.600000000000001,9.1
3_3_37_0,2001,Total,3,India,3,Punjab,37,Jalandhar,1363,723,26.7,0,20,3.6,4.800000000000001,14.5,6.800000000000001,5.9,4.3,4.800000000000001,8.5
3_3_38_0,2001,Total,3,India,3,Punjab,38,Hoshiarpur,802,544,29.6,0,14.4,2.7,6.5,11.8,4.5,5.4,6.100000000000001,7.2,11.9
3_3_39_0,2001,Total,3,India,3,Punjab,39,Shahid Bhagat Singh Nagar,426,693,32.5,0,30.8,2.6,3.8,7.7,2.6,5.9,4.5,3.4,6.300000000000001
3_3_40_0,2001,Total,3,India,3,Punjab,40,Fatehgarh Sahib,427,811,41.90000000000001,0,19.8,7,3.5,8.300000000000001,3.2,3.4,3.5,3.8,5.800000000000001
3_3_41_0,2001,Total,3,India,3,Punjab,41,Ludhiana,2166,685,25.4,0,24.6,5.100000000000001,5.800000000000001,13.9,6.4,3.9,4.100000000000001,2.9,8
3_3_42_0,2001,Total,3,India,3,Punjab,42,Moga,547,617,41,0,23.5,2.9,2.1,8.6,2.7,4.2,4.800000000000001,3.3,6.9
3_3_43_0,2001,Total,3,India,3,Punjab,43,Firozpur,1102,628,55.3,0,3.8,2.5,3.1,10.6,3.5,4.4,4.4,4,8.200000000000001
3_3_44_0,2001,Total,3,India,3,Punjab,44,Muktsar,428,560,55.2,0,5.600000000000001,1.8,2.2,12,1.9,3.7,5.4,4.800000000000001,7.5
3_3_45_0,2001,Total,3,India,3,Punjab,45,Faridkot,359,666,45.3,0,4.7,2.2,3,10.5,8.200000000000001,3.9,4.4,6.2,11.6
3_3_46_0,2001,Total,3,India,3,Punjab,46,Bathinda,681,591,47.7,0,6.7,2.2,4.100000000000001,11.5,3.7,4.5,5.100000000000001,4.600000000000001,9.9
3_3_47_0,2001,Total,3,India,3,Punjab,47,Mansa,376,569,58.40000000000001,0,3.9,1.3,3.4,10.9,2.1,3.6,5.300000000000001,4.2,6.9
3_3_48_0,2001,Total,3,India,3,Punjab,48,Patiala,1233,687,35.7,0,16.4,4.100000000000001,4.2,12.4,4.5,4,4.2,6.300000000000001,8.300000000000001
3_3_49_0,2001,Total,3,India,3,Punjab,49,Amritsar,1218,624,37.7,0,9.300000000000001,3.3,3.5,15.7,5.300000000000001,4.9,4.9,5.100000000000001,10.2
3_3_50_0,2001,Total,3,India,3,Punjab,50,Tarn Taran,534,624,37.7,0,9.300000000000001,3.3,3.5,15.7,5.300000000000001,4.9,4.9,5.100000000000001,10.2
3_3_51_0,2001,Total,3,India,3,Punjab,51,Rupnagar,724,656,24.9,0,28.8,3.9,3.9,9,6.100000000000001,4.800000000000001,4.7,5.600000000000001,8.300000000000001
3_3_52_0,2001,Total,3,India,3,Punjab,52,Sahibzada Ajit Singh Nagar,,,,,,,,,,,,,
3_3_53_0,2001,Total,3,India,3,Punjab,53,Sangrur,969,664,48.40000000000001,0,12.7,3.6,3,10.4,3.1,3.3,4.4,4.3,6.7
3_3_54_0,2001,Total,3,India,3,Punjab,54,Barnala,349,664,48.40000000000001,0,12.7,3.6,3,10.4,3.1,3.3,4.4,4.3,6.7
3_4_55_0,2001,Total,3,India,4,Chandigarh,55,Chandigarh,,,,,,,,,,,,,
3_5_56_0,2001,Total,3,India,5,Uttarakhand,56,Uttarkashi,78.40000000000001,273,47.7,.5,2.5,2.4,6.800000000000001,7.600000000000001,2.8,2.7,5.7,9.5,11.9
3_5_57_0,2001,Total,3,India,5,Uttarakhand,57,Chamoli,106,294,31.9,.6000000000000001,4.100000000000001,9.4,9.300000000000001,10.2,5.2,2.3,5.100000000000001,11.2,10.8
3_5_58_0,2001,Total,3,India,5,Uttarakhand,58,Rudraprayag,53.1,239,35.7,0,2.8,1.4,11.2,15,6,2,5.7,4,16.3
3_5_59_0,2001,Total,3,India,5,Uttarakhand,59,Tehri Garhwal,158,268,25.6,2.1,4.4,2.8,15.7,16.8,6.5,3.3,3.7,5.100000000000001,13.9
3_5_60_0,2001,Total,3,India,5,Uttarakhand,60,Dehradun,502,402,12.3,1.5,4.3,2.5,8.800000000000001,23.1,9.4,6.2,7.9,11,13
3_5_61_0,2001,Total,3,India,5,Uttarakhand,61,Garhwal,186,274,29.7,.4,6.5,3.1,7.800000000000001,15.9,6.300000000000001,3.8,5.100000000000001,7.100000000000001,14.4
3_5_62_0,2001,Total,3,India,5,Uttarakhand,62,Pithoragarh,135,300,38.2,2.1,5,3.1,8.4,12.2,5,2.7,4.600000000000001,7.800000000000001,10.8
3_5_63_0,2001,Total,3,India,5,Uttarakhand,63,Bageshwar,57,234,42.90000000000001,1.1,3.6,1.9,9.600000000000001,12.2,5.7,1.9,4.4,4.600000000000001,12
3_5_64_0,2001,Total,3,India,5,Uttarakhand,64,Almora,162,263,35.7,0,4.2,2.2,8.6,13.2,5.600000000000001,4,5.4,8.4,12.6
3_5_65_0,2001,Total,3,India,5,Uttarakhand,65,Champawat,61.5,281,46.2,0,4.4,2.3,6.600000000000001,15.3,8,2,3.1,4.100000000000001,8.1
3_5_66_0,2001,Total,3,India,5,Uttarakhand,66,Nainital,297,400,29,1.7,6.800000000000001,1.8,6.100000000000001,19.3,10.5,5.2,3.9,5.100000000000001,10.5
3_5_67_0,2001,Total,3,India,5,Uttarakhand,67,Udham Singh Nagar,441,366,40.40000000000001,.4,9.1,.7000000000000001,4.9,17.8,7,3,5.7,2.7,8.4
3_5_68_0,2001,Total,3,India,5,Uttarakhand,68,Hardwar,631,447,24.8,1.6,22.1,.8,5.300000000000001,15.3,7.300000000000001,1.9,10.2,3.5,7.2
3_6_69_0,2001,Total,3,India,6,Haryana,69,Panchkula,283,636,25.5,.2,20.6,1.4,6.600000000000001,11,7,9.300000000000001,6.800000000000001,3.3,8.200000000000001
3_6_70_0,2001,Total,3,India,6,Haryana,70,Ambala,608,618,19.7,.1,8.5,1.7,6.100000000000001,32.5,9.800000000000001,5.7,4.4,4.2,7.100000000000001
3_6_71_0,2001,Total,3,India,6,Haryana,71,Yamunanagar,536,561,30,.1,26.2,1.5,7.300000000000001,6.100000000000001,11.1,4.600000000000001,4.600000000000001,2.9,5.7
3_6_72_0,2001,Total,3,India,6,Haryana,72,Kurukshetra,377,469,46.2,0,7.4,1.9,7.4,5.100000000000001,8.700000000000001,4.4,4.9,4.3,9.800000000000001
3_6_73_0,2001,Total,3,India,6,Haryana,73,Kaithal,410,445,55.3,0,5.5,1.2,8.1,3.8,6.800000000000001,2.4,4.5,4.100000000000001,8.300000000000001
3_6_74_0,2001,Total,3,India,6,Haryana,74,Karnal,672,542,43.6,.1,12.9,1.3,6.7,10.9,5.7,3.7,4.600000000000001,4.4,6.100000000000001
3_6_75_0,2001,Total,3,India,6,Haryana,75,Panipat,621,672,19,0,14.1,4.600000000000001,6.4,35.7,5.100000000000001,3.9,3.6,2.1,5.4
3_6_76_0,2001,Total,3,India,6,Haryana,76,Sonipat,590,474,36.7,.2,15.1,1.9,7.4,10.2,7.7,4,5,4.100000000000001,7.600000000000001
3_6_77_0,2001,Total,3,India,6,Haryana,77,Jind,542,467,58,0,5.9,1.2,7.5,2.6,6.600000000000001,2,4.2,4.2,7.9
3_6_78_0,2001,Total,3,India,6,Haryana,78,Fatehabad,441,564,62.6,0,6.100000000000001,.8,7.4,2.7,4.7,1.8,3.7,2.8,7.5
3_6_79_0,2001,Total,3,India,6,Haryana,79,Sirsa,581,537,60.40000000000001,0,6.100000000000001,.9,8.200000000000001,4.600000000000001,5.300000000000001,2.2,3.9,3.4,5
3_6_80_0,2001,Total,3,India,6,Haryana,80,Hisar,829,557,47.8,0,17.8,1.4,7.2,4,4.9,2.8,3.9,4.2,5.9
3_6_81_0,2001,Total,3,India,6,Haryana,81,Bhiwani,567,409,46.5,.2,10.8,1.7,8.700000000000001,1.9,6.5,3,5.300000000000001,5.9,9.5
3_6_82_0,2001,Total,3,India,6,Haryana,82,Rohtak,405,442,27.2,0,14.3,1.9,8.5,7.7,9.9,6.4,5.9,6.5,11.7
3_6_83_0,2001,Total,3,India,6,Haryana,83,Jhajjar,359,417,29.7,0,20.3,.9,9.9,5.7,8.4,3.8,5.600000000000001,4.2,11.4
3_6_84_0,2001,Total,3,India,6,Haryana,84,Mahendragarh,254,321,41.5,.1,9.1,2.1,9.200000000000001,1.7,8.5,3.3,6.100000000000001,6.100000000000001,12.4
3_6_85_0,2001,Total,3,India,6,Haryana,85,Rewari,435,585,20.2,0,30.3,.7000000000000001,6,16.6,6.2,3.3,4.2,3.7,8.9
3_6_86_0,2001,Total,3,India,6,Haryana,86,Gurgaon,801,1113,8.5,.2,44,.6000000000000001,4.2,19.7,4.3,3.2,9.9,1.5,4
3_6_87_0,2001,Total,3,India,6,Haryana,87,Mewat,953,1113,8.5,.2,44,.6000000000000001,4.2,19.7,4.3,3.2,9.9,1.5,4
3_6_88_0,2001,Total,3,India,6,Haryana,88,Faridabad,794,670,11.6,2,31.8,1.4,5.9,22.7,5.800000000000001,4.3,6.100000000000001,1.9,6.5
3_6_89_0,2001,Total,3,India,6,Haryana,89,Palwal,597,670,11.6,2,31.8,1.4,5.9,22.7,5.800000000000001,4.3,6.100000000000001,1.9,6.5
3_7_90_0,2001,Total,3,India,7,NCT Of Delhi,90,North West,,,,,,,,,,,,,
3_7_91_0,2001,Total,3,India,7,NCT Of Delhi,91,North,,,,,,,,,,,,,
3_7_92_0,2001,Total,3,India,7,NCT Of Delhi,92,North East,,,,,,,,,,,,,
3_7_93_0,2001,Total,3,India,7,NCT Of Delhi,93,East,,,,,,,,,,,,,
3_7_94_0,2001,Total,3,India,7,NCT Of Delhi,94,New Delhi,,,,,,,,,,,,,
3_7_95_0,2001,Total,3,India,7,NCT Of Delhi,95,Central,,,,,,,,,,,,,
3_7_96_0,2001,Total,3,India,7,NCT Of Delhi,96,West,,,,,,,,,,,,,
3_7_97_0,2001,Total,3,India,7,NCT Of Delhi,97,South West,,,,,,,,,,,,,
3_7_98_0,2001,Total,3,India,7,NCT Of Delhi,98,South,,,,,,,,,,,,,
3_8_100_0,2001,Total,3,India,8,Rajasthan,100,Hanumangarh,586,399,48.5,3.3,7,2.1,4.800000000000001,13.7,4.5,1.7,5.4,2.5,6.4
3_8_101_0,2001,Total,3,India,8,Rajasthan,101,Bikaner,663,415,41.40000000000001,1.8,8.300000000000001,3.5,7,12.9,4.5,2.7,6.800000000000001,4.9,6.4
3_8_102_0,2001,Total,3,India,8,Rajasthan,102,Churu,388,208,30.8,.3,6.300000000000001,4.3,11.8,9.1,7.2,3.3,9.4,6,11.4
3_8_103_0,2001,Total,3,India,8,Rajasthan,103,Jhunjhunun,509,274,28.3,1.5,8.5,7.800000000000001,12,10.6,3.8,2.5,7.4,4.800000000000001,12.8
3_8_104_0,2001,Total,3,India,8,Rajasthan,104,Alwar,1211,421,27.6,.4,21.8,4,5.7,19.8,3.6,2,4.800000000000001,3.1,7.2
3_8_105_0,2001,Total,3,India,8,Rajasthan,105,Bharatpur,586,289,42.5,1.2,4.4,2.5,7.2,10.4,5.5,2.5,7,5.300000000000001,11.5
3_8_106_0,2001,Total,3,India,8,Rajasthan,106,Dhaulpur,212,224,40.40000000000001,.3,6.100000000000001,1.7,9.4,10.6,5,1.4,8.700000000000001,5.7,10.7
3_8_107_0,2001,Total,3,India,8,Rajasthan,107,Karauli,311,268,42.90000000000001,3,4.3,2.2,10.7,10.4,2.7,1.6,7.9,4,10.3
3_8_108_0,2001,Total,3,India,8,Rajasthan,108,Sawai Madhopur,336,312,42.3,0,5.2,2.7,9.200000000000001,10.6,4.600000000000001,2.6,7.800000000000001,5.5,9.5
3_8_109_0,2001,Total,3,India,8,Rajasthan,109,Dausa,328,260,38.6,1.1,5.300000000000001,3,13.4,10,3.8,2.5,6.100000000000001,4.9,11.2
3_8_110_0,2001,Total,3,India,8,Rajasthan,110,Jaipur,2336,464,17.7,.9,18.7,5.2,8.9,15.4,6.800000000000001,6.5,5.800000000000001,4.800000000000001,9.4
3_8_111_0,2001,Total,3,India,8,Rajasthan,111,Sikar,601,271,28.8,.7000000000000001,9.9,5.4,13.5,11.3,4.7,2.6,7.4,4.4,11.3
3_8_112_0,2001,Total,3,India,8,Rajasthan,112,Nagaur,664,249,28.8,5.800000000000001,8.300000000000001,5.9,10.3,10.8,5.800000000000001,2,8.4,4.4,9.4
3_8_113_0,2001,Total,3,India,8,Rajasthan,113,Jodhpur,943,341,19.3,3.9,15.9,5.9,8.9,14.3,7.4,4.2,6.7,4.4,9
3_8_114_0,2001,Total,3,India,8,Rajasthan,114,Jaisalmer,158,328,36,7.300000000000001,3.5,3.8,11.9,9.4,4.5,1.8,6.4,7.4,8
3_8_115_0,2001,Total,3,India,8,Rajasthan,115,Barmer,418,223,37.4,1.1,9,3.1,8.200000000000001,12.1,5.300000000000001,1.8,9.1,4.2,8.6
3_8_116_0,2001,Total,3,India,8,Rajasthan,116,Jalor,370,264,42,.9,5.100000000000001,6.4,9.5,10.5,4,1.9,8.300000000000001,4,7.5
3_8_117_0,2001,Total,3,India,8,Rajasthan,117,Sirohi,335,409,18.9,3.4,19.2,5.600000000000001,12,16.5,3.7,2.6,6.100000000000001,4.2,7.7
3_8_118_0,2001,Total,3,India,8,Rajasthan,118,Pali,568,321,20.5,1.2,17.6,4.3,11.3,15.1,5.5,3.1,8.4,4.5,8.4
3_8_119_0,2001,Total,3,India,8,Rajasthan,119,Ajmer,819,388,20.9,1,15.3,5,10.4,13.7,6.300000000000001,5,6.4,5,11
3_8_120_0,2001,Total,3,India,8,Rajasthan,120,Tonk,416,355,32.6,.3,16,2.2,7.9,16.4,3.5,1.8,6,4.5,8.800000000000001
3_8_121_0,2001,Total,3,India,8,Rajasthan,121,Bundi,362,389,41.8,5.300000000000001,7.100000000000001,3.5,6.800000000000001,12.5,4,1.8,6.100000000000001,4.3,6.800000000000001
3_8_122_0,2001,Total,3,India,8,Rajasthan,122,Bhilwara,927,477,16.4,2.6,28.8,2.7,6.100000000000001,22.8,3.6,1.9,5.800000000000001,3.4,5.9
3_8_123_0,2001,Total,3,India,8,Rajasthan,123,Rajsamand,311,324,13.5,12.8,13,3.7,13.7,12.3,4.4,1.8,11.2,5.4,8.300000000000001
3_8_124_0,2001,Total,3,India,8,Rajasthan,124,Dungarpur,272,254,28.4,2.7,10.6,2.6,11.2,12.3,3.4,1.7,9.600000000000001,6.4,11.1
3_8_125_0,2001,Total,3,India,8,Rajasthan,125,Banswara,351,243,32.2,1.7,12.8,2.1,5.600000000000001,14.4,3.9,1.8,8.800000000000001,6.300000000000001,10.4
3_8_126_0,2001,Total,3,India,8,Rajasthan,126,Chittaurgarh,626,357,37,2.5,9.700000000000001,6,6.7,13.1,3.8,1.9,7.4,4.3,7.5
3_8_127_0,2001,Total,3,India,8,Rajasthan,127,Kota,684,452,23.3,3.8,14.3,4.800000000000001,9.600000000000001,13.9,7,3.6,6.300000000000001,4.4,8.9
3_8_128_0,2001,Total,3,India,8,Rajasthan,128,Baran,329,332,50.40000000000001,1.5,4.3,1.6,6,11.4,3,1.9,7.100000000000001,4.5,8.300000000000001
3_8_129_0,2001,Total,3,India,8,Rajasthan,129,Jhalawar,384,335,48.40000000000001,.7000000000000001,7,2.6,5.4,13.1,2.6,1.8,6.7,4.4,7.300000000000001
3_8_130_0,2001,Total,3,India,8,Rajasthan,130,Udaipur,906,357,19.9,6.800000000000001,13.8,4.3,10.7,14.1,5.7,3.2,6.800000000000001,5,9.600000000000001
3_8_131_0,2001,Total,3,India,8,Rajasthan,131,Pratapgarh,,,,,,,,,,,,,
3_8_99_0,2001,Total,3,India,8,Rajasthan,99,Ganganagar,892,516,46.2,2.3,8.800000000000001,2.4,4.800000000000001,14.4,5.800000000000001,2.1,4.4,2.7,6.300000000000001
3_9_132_0,2001,Total,3,India,9,Uttar Pradesh,132,Saharanpur,1001,362,42.7,.7000000000000001,10.9,2.6,4.100000000000001,16.4,6.100000000000001,2.1,5.600000000000001,2.6,6.2
3_9_133_0,2001,Total,3,India,9,Uttar Pradesh,133,Muzaffarnagar,1162,338,43.8,.5,9.4,2.5,4.4,17.7,5,1.8,5.4,2.6,6.9
3_9_134_0,2001,Total,3,India,9,Uttar Pradesh,134,Bijnor,315,157,46.7,.4,6.5,2.6,3.8,13.7,3.9,1.8,8.300000000000001,3.2,9.1
3_9_135_0,2001,Total,3,India,9,Uttar Pradesh,135,Moradabad,1049,291,34.5,.6000000000000001,17.3,1.8,5,14.4,6.5,2.3,6.300000000000001,3.9,7.4
3_9_136_0,2001,Total,3,India,9,Uttar Pradesh,136,Rampur,568,306,44,.4,13.7,1.5,3,14.3,4.7,1.7,5.5,5.800000000000001,5.600000000000001
3_9_137_0,2001,Total,3,India,9,Uttar Pradesh,137,Jyotiba Phule Nagar,502,340,39.7,.2,16.7,2.2,3.7,13.2,5.4,2.7,4.9,4.5,6.7
3_9_138_0,2001,Total,3,India,9,Uttar Pradesh,138,Meerut,1174,403,28.3,.4,22.8,2.7,6.7,12.1,5.600000000000001,3.2,5.9,4.5,7.9
3_9_139_0,2001,Total,3,India,9,Uttar Pradesh,139,Baghpat,816,274,55.40000000000001,.5,3.7,1.5,2.9,17.9,3,1.5,5.7,2.2,5.800000000000001
3_9_140_0,2001,Total,3,India,9,Uttar Pradesh,140,Ghaziabad,1337,429,18,.5,31.7,3.8,6.5,9.800000000000001,7.5,3.2,7.600000000000001,3.1,8.300000000000001
3_9_141_0,2001,Total,3,India,9,Uttar Pradesh,141,Gautam Buddha Nagar,1025,903,13.6,.4,53.3,1.9,1.7,15.3,3,1.6,3.9,1.1,4.3
3_9_142_0,2001,Total,3,India,9,Uttar Pradesh,142,Bulandshahr,1013,355,41.6,.2,13.6,3.7,4.7,13.5,5.300000000000001,2.1,5.5,3.1,6.800000000000001
3_9_143_0,2001,Total,3,India,9,Uttar Pradesh,143,Aligarh,858,297,32.8,.7000000000000001,14.3,7,5.5,13.2,5.2,2.1,6.7,4.9,7.7
3_9_144_0,2001,Total,3,India,9,Uttar Pradesh,144,Mahamaya Nagar,401,303,39.7,.2,9.1,9,3.8,12.6,6.100000000000001,2.7,5.600000000000001,4.7,6.5
3_9_145_0,2001,Total,3,India,9,Uttar Pradesh,145,Mathura,650,324,38.8,.1,8.9,3.4,5.300000000000001,13.6,6.800000000000001,2.7,6.2,3.7,10.5
3_9_146_0,2001,Total,3,India,9,Uttar Pradesh,146,Agra,1033,297,25.8,.2,14.7,4.4,9.200000000000001,10.7,7.300000000000001,5.300000000000001,7.600000000000001,7.300000000000001,7.5
3_9_147_0,2001,Total,3,India,9,Uttar Pradesh,147,Firozabad,480,244,31.8,.4,24.3,3.1,3,10.3,6.9,2.5,7.300000000000001,3.1,7.2
3_9_148_0,2001,Total,3,India,9,Uttar Pradesh,148,Mainpuri,345,223,49.6,.3,4.800000000000001,3.9,3.6,14,3.3,2.4,6.300000000000001,4.800000000000001,6.9
3_9_149_0,2001,Total,3,India,9,Uttar Pradesh,149,Budaun,968,320,37.4,.5,18.7,2.6,5.5,12.8,4.7,2,5.5,2.6,7.800000000000001
3_9_150_0,2001,Total,3,India,9,Uttar Pradesh,150,Bareilly,558,215,44.6,.8,10.7,2.7,2.6,15.5,3.6,1.7,6.300000000000001,5.2,6.300000000000001
3_9_151_0,2001,Total,3,India,9,Uttar Pradesh,151,Pilibhit,400,252,46.6,.7000000000000001,9.600000000000001,1.3,4.3,14.1,5.100000000000001,1.8,5.800000000000001,3.7,6.9
3_9_152_0,2001,Total,3,India,9,Uttar Pradesh,152,Shahjahanpur,634,258,43,.3,12.1,2.2,4.600000000000001,16.6,4.800000000000001,1.8,5.7,2.8,6.100000000000001
3_9_153_0,2001,Total,3,India,9,Uttar Pradesh,153,Kheri,781,254,47.6,.2,15.5,1.5,2.7,15.6,2.7,1.2,5.300000000000001,2.9,4.800000000000001
3_9_154_0,2001,Total,3,India,9,Uttar Pradesh,154,Sitapur,660,189,42.5,.4,9.4,3,4.100000000000001,14.1,3.8,2.1,7.100000000000001,6.2,7.4
3_9_155_0,2001,Total,3,India,9,Uttar Pradesh,155,Hardoi,594,180,47.7,.5,7.2,2.4,2.9,14.3,3.5,2,7.600000000000001,3.4,8.6
3_9_156_0,2001,Total,3,India,9,Uttar Pradesh,156,Unnao,492,188,38.40000000000001,.6000000000000001,12.9,2,4.5,12.6,5.7,2.8,8,3.6,8.9
3_9_157_0,2001,Total,3,India,9,Uttar Pradesh,157,Lucknow,1270,359,11.9,.2,10.1,6.2,8.1,5.600000000000001,10.8,10.4,8.9,17.4,10.4
3_9_158_0,2001,Total,3,India,9,Uttar Pradesh,158,Rae Bareli,490,176,35.4,.5,10.8,4,7,12,5.600000000000001,2.7,8,4.7,9.4
3_9_159_0,2001,Total,3,India,9,Uttar Pradesh,159,Farrukhabad,344,224,39.2,.5,16.1,2.1,4,11.8,3.9,2.3,7.300000000000001,4.7,8.1
3_9_160_0,2001,Total,3,India,9,Uttar Pradesh,160,Kannauj,303,224,43.2,.2,16.6,2.1,2.4,12.8,3.6,2.4,6.4,3.9,6.2
3_9_161_0,2001,Total,3,India,9,Uttar Pradesh,161,Etawah,287,219,40.1,.9,6.9,3.6,5.300000000000001,12,5.7,2.5,7.4,5.600000000000001,9.9
3_9_162_0,2001,Total,3,India,9,Uttar Pradesh,162,Auraiya,315,273,32.2,.3,22,2.9,3.3,15.3,4.100000000000001,2,5.2,4.600000000000001,8
3_9_163_0,2001,Total,3,India,9,Uttar Pradesh,163,Kanpur Dehat,390,253,44.2,.8,14.1,2.5,2,15.7,4.600000000000001,2.7,5.100000000000001,2.2,6.100000000000001
3_9_164_0,2001,Total,3,India,9,Uttar Pradesh,164,Kanpur Nagar,1228,307,10.1,.4,19.6,6.9,6.100000000000001,6,11.1,9.200000000000001,9.5,10.2,11
3_9_165_0,2001,Total,3,India,9,Uttar Pradesh,165,Jalaun,366,257,41.5,.7000000000000001,6.4,5.4,5.100000000000001,13.8,4.7,2.7,6.9,4.5,8.4
3_9_166_0,2001,Total,3,India,9,Uttar Pradesh,166,Jhansi,549,323,25.4,.8,13.8,5.100000000000001,6.5,10.3,13.9,3.3,7.100000000000001,6.300000000000001,7.5
3_9_167_0,2001,Total,3,India,9,Uttar Pradesh,167,Lalitpur,203,215,41.7,5,3.3,1.7,5.800000000000001,13.3,6.800000000000001,1.9,7.300000000000001,6,7.100000000000001
3_9_168_0,2001,Total,3,India,9,Uttar Pradesh,168,Hamirpur,253,249,44.3,2.9,4.3,1.5,6.5,13.6,4.800000000000001,1.5,7.100000000000001,4.3,8.9
3_9_169_0,2001,Total,3,India,9,Uttar Pradesh,169,Mahoba,193,280,46.7,4.3,3.1,1.2,6.600000000000001,14.4,5.2,1.4,6.9,2.7,7.600000000000001
3_9_170_0,2001,Total,3,India,9,Uttar Pradesh,170,Banda,233,142,42.2,.8,6.5,2.7,4.3,14.4,5.4,2.4,8.6,4.3,8.4
3_9_171_0,2001,Total,3,India,9,Uttar Pradesh,171,Chitrakoot,114,149,45.3,.6000000000000001,4.800000000000001,3.2,5.300000000000001,13.3,5.2,2,9.300000000000001,.5,10.4
3_9_172_0,2001,Total,3,India,9,Uttar Pradesh,172,Fatehpur,449,200,38.6,.8,6.600000000000001,3,5.600000000000001,17.8,5.300000000000001,2,7.4,4.800000000000001,8.1
3_9_173_0,2001,Total,3,India,9,Uttar Pradesh,173,Pratapgarh,358,135,40.7,.9,2.3,3.1,4.3,11.2,8.1,3.3,10.2,4.600000000000001,11.3
3_9_174_0,2001,Total,3,India,9,Uttar Pradesh,174,Kaushambi,217,170,33.1,.6000000000000001,4.800000000000001,6.4,6.2,9.800000000000001,8.9,4.5,8.300000000000001,9.700000000000001,7.800000000000001
3_9_175_0,2001,Total,3,India,9,Uttar Pradesh,175,Allahabad,1189,250,20.7,.9,15.5,4.5,7.100000000000001,10.1,7.800000000000001,3,7.2,15.1,8.1
3_9_176_0,2001,Total,3,India,9,Uttar Pradesh,176,Bara Banki,276,188,44.3,1.3,3.7,1.7,8.200000000000001,12.5,5.5,1.8,8.700000000000001,1.7,10.6
3_9_177_0,2001,Total,3,India,9,Uttar Pradesh,177,Faizabad,347,171,32.1,.6000000000000001,6.2,6.600000000000001,8.800000000000001,9.700000000000001,5.600000000000001,2.5,9.300000000000001,7.600000000000001,11
3_9_178_0,2001,Total,3,India,9,Uttar Pradesh,178,Ambedkar Nagar,290,148,43.8,1.2,3.4,9.200000000000001,3.9,12.3,3.5,2.5,9.5,.7000000000000001,10
3_9_179_0,2001,Total,3,India,9,Uttar Pradesh,179,Sultanpur,559,180,38.8,.4,11.8,3.5,4.3,13.8,5.100000000000001,2.5,7.4,4.100000000000001,8.1
3_9_180_0,2001,Total,3,India,9,Uttar Pradesh,180,Bahraich,417,364,46.40000000000001,1.1,6.7,3.1,3.3,15.1,5,3.7,4.7,4.2,6.7
3_9_181_0,2001,Total,3,India,9,Uttar Pradesh,181,Shrawasti,151,133,52.5,.2,1.1,1.7,5.7,14,2.6,2.1,8.9,3.8,7.5
3_9_182_0,2001,Total,3,India,9,Uttar Pradesh,182,Balrampur,426,159,39.3,.6000000000000001,5.7,4.5,6.100000000000001,11.4,5.9,3.7,7.800000000000001,4.600000000000001,10.2
3_9_183_0,2001,Total,3,India,9,Uttar Pradesh,183,Gonda,372,139,45.3,.4,4.7,2.7,4.4,13.1,5.600000000000001,2.4,9.300000000000001,4.4,7.7
3_9_184_0,2001,Total,3,India,9,Uttar Pradesh,184,Siddharthnagar,296,150,54.2,.6000000000000001,0,2.9,2.4,14.4,3.5,2,7.7,4.600000000000001,7.7
3_9_185_0,2001,Total,3,India,9,Uttar Pradesh,185,Basti,1018,292,35.8,.7000000000000001,14.5,2.8,5.600000000000001,12.3,6.9,2.3,6.300000000000001,5.300000000000001,7.300000000000001
3_9_186_0,2001,Total,3,India,9,Uttar Pradesh,186,Sant Kabir Nagar,209,151,47.40000000000001,.3,4.5,2.9,4.7,13,4.2,2,8,3.6,9.4
3_9_187_0,2001,Total,3,India,9,Uttar Pradesh,187,Mahrajganj,366,175,50.5,.3,4.600000000000001,2.6,2,16.6,3,1.8,7.800000000000001,4.3,6.600000000000001
3_9_188_0,2001,Total,3,India,9,Uttar Pradesh,188,Gorakhpur,664,181,29.1,.2,6.600000000000001,5.4,8.5,8.5,11.2,4.5,8.800000000000001,6.800000000000001,10.5
3_9_189_0,2001,Total,3,India,9,Uttar Pradesh,189,Kushinagar,431,155,48.6,.4,8,1.3,2.6,14.1,4.600000000000001,1.8,8.200000000000001,2.7,7.800000000000001
3_9_190_0,2001,Total,3,India,9,Uttar Pradesh,190,Deoria,374,141,41.2,.9,5.800000000000001,1.5,6.9,11.7,5.7,1.9,9.200000000000001,2.9,12.3
3_9_191_0,2001,Total,3,India,9,Uttar Pradesh,191,Azamgarh,606,158,44.1,.6000000000000001,5,3.3,4.600000000000001,12.9,5.7,2.4,7.9,4.5,9.200000000000001
3_9_192_0,2001,Total,3,India,9,Uttar Pradesh,192,Mau,368,206,33.6,.9,15.2,6.7,4,13.1,4.2,2.1,7.100000000000001,3.3,9.600000000000001
3_9_193_0,2001,Total,3,India,9,Uttar Pradesh,193,Ballia,316,137,45.5,.5,4.800000000000001,1.7,5.5,12.6,6.100000000000001,2,9.800000000000001,3.7,7.9
3_9_194_0,2001,Total,3,India,9,Uttar Pradesh,194,Jaunpur,576,151,39.40000000000001,.2,9.5,3.2,4.5,11.6,5.800000000000001,2.6,8.5,4.100000000000001,10.6
3_9_195_0,2001,Total,3,India,9,Uttar Pradesh,195,Ghazipur,472,160,42.2,.2,4.2,3.5,6,11.5,6.100000000000001,2.6,8.1,4.4,11.1
3_9_196_0,2001,Total,3,India,9,Uttar Pradesh,196,Chandauli,344,217,36.7,.1,6.4,3.8,7.600000000000001,11.4,10,4.3,6.5,5.7,7.600000000000001
3_9_197_0,2001,Total,3,India,9,Uttar Pradesh,197,Varanasi,626,205,17.6,.3,14.4,4.4,8.200000000000001,9,11.8,4.7,10.3,7.100000000000001,12
3_9_198_0,2001,Total,3,India,9,Uttar Pradesh,198,Sant Ravidas Nagar (Bhadohi),384,293,14,0,39.90000000000001,3.1,2.6,18.4,7.300000000000001,3.5,4.800000000000001,1.8,4.7
3_9_199_0,2001,Total,3,India,9,Uttar Pradesh,199,Mirzapur,417,204,34,.5,8.300000000000001,5,6.7,11.8,7.5,2.3,6.800000000000001,9.200000000000001,7.800000000000001
3_9_200_0,2001,Total,3,India,9,Uttar Pradesh,200,Sonbhadra,856,611,10.6,24,7.7,23.7,1.9,21.9,2.4,.6000000000000001,2.9,2,2.3
3_9_201_0,2001,Total,3,India,9,Uttar Pradesh,201,Etah,327,223,47.5,.8,6.4,2.5,3.3,14.3,5,1.9,7,4.3,7.100000000000001
3_9_202_0,2001,Total,3,India,9,Uttar Pradesh,202,Kanshiram Nagar,277,223,47.5,.8,6.4,2.5,3.3,14.3,5,1.9,7,4.3,7.100000000000001
