<?xml version="1.0" encoding="UTF-8"?>
<metadata xml:lang="en"><Esri><CreaDate>20151110</CreaDate><CreaTime>12095000</CreaTime><ArcGISFormat>1.0</ArcGISFormat><SyncOnce>FALSE</SyncOnce><DataProperties><lineage><Process ToolSource="c:\program files (x86)\arcgis\desktop10.1\ArcToolbox\Toolboxes\Data Management Tools.tbx\Integrate" Date="20151110" Time="120950">Integrate "24_Gujarat_L3_Administrative_Boundaries_Final 1;24_Gujarat_L4_Administrative_Boundaries_Final 2" "0.0001 DecimalDegrees"</Process><Process ToolSource="c:\program files (x86)\arcgis\desktop10.1\ArcToolbox\Toolboxes\Data Management Tools.tbx\Integrate" Date="20151110" Time="124255">Integrate "24_Gujarat_L2_Administrative_Boundaries_Final 1;24_Gujarat_L3_Administrative_Boundaries_Final 2" "0.0001 DecimalDegrees"</Process><Process ToolSource="c:\program files\arcgis\desktop10.3\ArcToolbox\Toolboxes\Analysis Tools.tbx\Select" Date="20151117" Time="171005">Select "F:\Backup\GIS SAR Project\1. Databases\India\Shapefiles\Administrative Boundaries\RSMI\GIS Shape Files-Phase 0\delivery 6\24_Gujarat_L3_Administrative_Boundaries_Final.shp" "F:\Backup\GIS SAR Project\1. Databases\India\Shapefiles\Administrative Boundaries\RSMI\GIS Shape Files-Phase 0\delivery 6\24_Gujarat_L3_Administrative_Boundaries_aux.shp" ""SDT_CODE" &lt;&gt;'03930'  AND "SDT_CODE" &lt;&gt;'03921'  AND "SDT_CODE" &lt;&gt;'03838'"</Process><Process ToolSource="c:\program files\arcgis\desktop10.3\ArcToolbox\Toolboxes\Data Management Tools.tbx\Merge" Date="20151117" Time="171009">Merge 'F:\Backup\GIS SAR Project\1. Databases\India\Shapefiles\Administrative Boundaries\RSMI\GIS Shape Files-Phase 0\delivery 6\24_Gujarat_L3_Administrative_Boundaries_aux.shp';'F:\Backup\GIS SAR Project\1. Databases\India\Shapefiles\Administrative Boundaries\RSMI\GIS Shape Files-Phase 0\delivery 5 - edit GU\24_Gujarat_L3_Administrative_Boundaries_part.shp' "F:\Backup\GIS SAR Project\1. Databases\India\Shapefiles\Administrative Boundaries\RSMI\GIS Shape Files-Phase 0\delivery 6 -edit GU\24_Gujarat_L3_Administrative_Boundaries_Final.shp" "ST_CODE "ST_CODE" true true false 20 Text 0 0 ,First,#,F:\Backup\GIS SAR Project\1. Databases\India\Shapefiles\Administrative Boundaries\RSMI\GIS Shape Files-Phase 0\delivery 6\24_Gujarat_L3_Administrative_Boundaries_aux.shp,ST_CODE,-1,-1,F:\Backup\GIS SAR Project\1. Databases\India\Shapefiles\Administrative Boundaries\RSMI\GIS Shape Files-Phase 0\delivery 5 - edit GU\24_Gujarat_L3_Administrative_Boundaries_part.shp,ST_CODE,-1,-1;ST_NAME "ST_NAME" true true false 50 Text 0 0 ,First,#,F:\Backup\GIS SAR Project\1. Databases\India\Shapefiles\Administrative Boundaries\RSMI\GIS Shape Files-Phase 0\delivery 6\24_Gujarat_L3_Administrative_Boundaries_aux.shp,ST_NAME,-1,-1,F:\Backup\GIS SAR Project\1. Databases\India\Shapefiles\Administrative Boundaries\RSMI\GIS Shape Files-Phase 0\delivery 5 - edit GU\24_Gujarat_L3_Administrative_Boundaries_part.shp,ST_NAME,-1,-1;DT_CODE "DT_CODE" true true false 20 Text 0 0 ,First,#,F:\Backup\GIS SAR Project\1. Databases\India\Shapefiles\Administrative Boundaries\RSMI\GIS Shape Files-Phase 0\delivery 6\24_Gujarat_L3_Administrative_Boundaries_aux.shp,DT_CODE,-1,-1,F:\Backup\GIS SAR Project\1. Databases\India\Shapefiles\Administrative Boundaries\RSMI\GIS Shape Files-Phase 0\delivery 5 - edit GU\24_Gujarat_L3_Administrative_Boundaries_part.shp,DT_CODE,-1,-1;DT_NAME "DT_NAME" true true false 50 Text 0 0 ,First,#,F:\Backup\GIS SAR Project\1. Databases\India\Shapefiles\Administrative Boundaries\RSMI\GIS Shape Files-Phase 0\delivery 6\24_Gujarat_L3_Administrative_Boundaries_aux.shp,DT_NAME,-1,-1,F:\Backup\GIS SAR Project\1. Databases\India\Shapefiles\Administrative Boundaries\RSMI\GIS Shape Files-Phase 0\delivery 5 - edit GU\24_Gujarat_L3_Administrative_Boundaries_part.shp,DT_NAME,-1,-1;SDT_CODE "SDT_CODE" true true false 20 Text 0 0 ,First,#,F:\Backup\GIS SAR Project\1. Databases\India\Shapefiles\Administrative Boundaries\RSMI\GIS Shape Files-Phase 0\delivery 6\24_Gujarat_L3_Administrative_Boundaries_aux.shp,SDT_CODE,-1,-1,F:\Backup\GIS SAR Project\1. Databases\India\Shapefiles\Administrative Boundaries\RSMI\GIS Shape Files-Phase 0\delivery 5 - edit GU\24_Gujarat_L3_Administrative_Boundaries_part.shp,SDT_CODE,-1,-1;SDT_NAME "SDT_NAME" true true false 50 Text 0 0 ,First,#,F:\Backup\GIS SAR Project\1. Databases\India\Shapefiles\Administrative Boundaries\RSMI\GIS Shape Files-Phase 0\delivery 6\24_Gujarat_L3_Administrative_Boundaries_aux.shp,SDT_NAME,-1,-1,F:\Backup\GIS SAR Project\1. Databases\India\Shapefiles\Administrative Boundaries\RSMI\GIS Shape Files-Phase 0\delivery 5 - edit GU\24_Gujarat_L3_Administrative_Boundaries_part.shp,SDT_NAME,-1,-1"</Process><Process ToolSource="c:\program files\arcgis\desktop10.3\ArcToolbox\Toolboxes\Data Management Tools.tbx\Dissolve" Date="20151117" Time="171010">Dissolve "F:\Backup\GIS SAR Project\1. Databases\India\Shapefiles\Administrative Boundaries\RSMI\GIS Shape Files-Phase 0\delivery 6 -edit GU\24_Gujarat_L3_Administrative_Boundaries_Final.shp" "F:\Backup\GIS SAR Project\1. Databases\India\Shapefiles\Administrative Boundaries\RSMI\GIS Shape Files-Phase 0\delivery 6 -edit GU\24_Gujarat_L2_Administrative_Boundaries_Final.shp" ST_CODE;ST_NAME;DT_CODE;DT_NAME # MULTI_PART DISSOLVE_LINES</Process><Process ToolSource="c:\program files\arcgis\desktop10.3\ArcToolbox\Toolboxes\Data Management Tools.tbx\Dissolve" Date="20151119" Time="120512">Dissolve "F:\Backup\GIS SAR Project\1. Databases\India\Shapefiles\Administrative Boundaries\RSMI\GIS Shape Files-Phase 0\Final SHPs\WB Harmonized\Input\24_Gujarat_L2_Administrative_Boundaries.shp" "F:\Backup\GIS SAR Project\1. Databases\India\Shapefiles\Administrative Boundaries\RSMI\GIS Shape Files-Phase 0\Final SHPs\WB Harmonized\Final Output\L2\24_Gujarat_L2_Administrative_Boundaries.shp" ST_CODE;ST_NAME;DT_CODE;DT_NAME # MULTI_PART DISSOLVE_LINES</Process><Process ToolSource="c:\program files\arcgis\desktop10.3\ArcToolbox\Toolboxes\Data Management Tools.tbx\Merge" Date="20151119" Time="120514">Merge 'F:\Backup\GIS SAR Project\1. Databases\India\Shapefiles\Administrative Boundaries\RSMI\GIS Shape Files-Phase 0\Final SHPs\WB Harmonized\Final Output\L2\24_Gujarat_L2_Administrative_Boundaries.shp' "F:\Backup\GIS SAR Project\1. Databases\India\Shapefiles\Administrative Boundaries\RSMI\GIS Shape Files-Phase 0\Final SHPs\WB Harmonized\Final Output\L2\Phase0_L2_Administrative_Boundaries.shp" "L0_CODE "L0_CODE" true true false 6 Long 0 6 ,First,#,F:\Backup\GIS SAR Project\1. Databases\India\Shapefiles\Administrative Boundaries\RSMI\GIS Shape Files-Phase 0\Final SHPs\WB Harmonized\Final Output\L2\24_Gujarat_L2_Administrative_Boundaries.shp,L0_CODE,-1,-1;L0_NAME "L0_NAME" true true false 50 Text 0 0 ,First,#,F:\Backup\GIS SAR Project\1. Databases\India\Shapefiles\Administrative Boundaries\RSMI\GIS Shape Files-Phase 0\Final SHPs\WB Harmonized\Final Output\L2\24_Gujarat_L2_Administrative_Boundaries.shp,L0_NAME,-1,-1;L1_CODE "L1_CODE" true true false 6 Long 0 6 ,First,#,F:\Backup\GIS SAR Project\1. Databases\India\Shapefiles\Administrative Boundaries\RSMI\GIS Shape Files-Phase 0\Final SHPs\WB Harmonized\Final Output\L2\24_Gujarat_L2_Administrative_Boundaries.shp,L1_CODE,-1,-1;L1_NAME "L1_NAME" true true false 100 Text 0 0 ,First,#,F:\Backup\GIS SAR Project\1. Databases\India\Shapefiles\Administrative Boundaries\RSMI\GIS Shape Files-Phase 0\Final SHPs\WB Harmonized\Final Output\L2\24_Gujarat_L2_Administrative_Boundaries.shp,L1_NAME,-1,-1;L2_CODE "L2_CODE" true true false 6 Long 0 6 ,First,#,F:\Backup\GIS SAR Project\1. Databases\India\Shapefiles\Administrative Boundaries\RSMI\GIS Shape Files-Phase 0\Final SHPs\WB Harmonized\Final Output\L2\24_Gujarat_L2_Administrative_Boundaries.shp,L2_CODE,-1,-1;L2_NAME "L2_NAME" true true false 100 Text 0 0 ,First,#,F:\Backup\GIS SAR Project\1. Databases\India\Shapefiles\Administrative Boundaries\RSMI\GIS Shape Files-Phase 0\Final SHPs\WB Harmonized\Final Output\L2\24_Gujarat_L2_Administrative_Boundaries.shp,L2_NAME,-1,-1;ID "ID" true true false 30 Text 0 0 ,First,#,F:\Backup\GIS SAR Project\1. Databases\India\Shapefiles\Administrative Boundaries\RSMI\GIS Shape Files-Phase 0\Final SHPs\WB Harmonized\Final Output\L2\24_Gujarat_L2_Administrative_Boundaries.shp,ID,-1,-1"</Process><Process ToolSource="c:\program files\arcgis\desktop10.3\ArcToolbox\Toolboxes\Data Management Tools.tbx\Merge" Date="20151119" Time="151837">Merge 'F:\Backup\GIS SAR Project\1. Databases\India\Shapefiles\Administrative Boundaries\RSMI\GIS Shape Files-Phase 0\Final SHPs\WB Harmonized\Final Output\L2\Phase0_L2_Administrative_Boundaries.shp';'F:\Backup\GIS SAR Project\1. Databases\India\Shapefiles\Administrative Boundaries\RSMI\GIS Shape Files-Phase 1\Final SHPs\WB Harmonized\Final Output\L2\Phase1_L2_Administrative_Boundaries.shp';'F:\Backup\GIS SAR Project\1. Databases\India\Shapefiles\Administrative Boundaries\RSMI\GIS Shape Files-Phase 2\Final SHPs\WB Harmonized\Final Output\L2\Phase2_L2_Administrative_Boundaries.shp';'F:\Backup\GIS SAR Project\1. Databases\India\Shapefiles\Administrative Boundaries\RSMI\GIS Shape Files-Phase 3\Final SHPs\WB Harmonized\Final Output\L2\Phase3_L2_Administrative_Boundaries.shp';'F:\Backup\GIS SAR Project\1. Databases\India\Shapefiles\Administrative Boundaries\RSMI\GIS Shape Files-Phase 4\Final SHPs\WB Harmonized\Final Output\L2\Phase4_L2_Administrative_Boundaries.shp';'F:\Backup\GIS SAR Project\1. Databases\India\Shapefiles\Administrative Boundaries\MatrixGeo\Phase I\Final SHPs\WB Harmonized\Final Output\L2\Phase1_L2_Administrative_Boundaries.shp';'F:\Backup\GIS SAR Project\1. Databases\India\Shapefiles\Administrative Boundaries\MatrixGeo\Phase II\Final SHPs\WB Harmonized\Final Output\L2\Phase2_L2_Administrative_Boundaries.shp';'F:\Backup\GIS SAR Project\1. Databases\India\Shapefiles\Administrative Boundaries\MatrixGeo\Phase III\Final SHPs\WB Harmonized\Final Output\L2\Phase3_L2_Administrative_Boundaries.shp';'F:\Backup\GIS SAR Project\1. Databases\India\Shapefiles\Administrative Boundaries\MatrixGeo\Phase IV\Final SHPs\WB Harmonized\Final Output\L2\Phase4_L2_Administrative_Boundaries.shp' "F:\Backup\GIS SAR Project\1. Databases\India\Shapefiles\Administrative Boundaries\Merge_RMSI_Matrix_Geo\Intermediate output\L2\India_L2_Administrative_Boundaries.shp" "L0_CODE "L0_CODE" true true false 6 Long 0 6 ,First,#,F:\Backup\GIS SAR Project\1. Databases\India\Shapefiles\Administrative Boundaries\RSMI\GIS Shape Files-Phase 0\Final SHPs\WB Harmonized\Final Output\L2\Phase0_L2_Administrative_Boundaries.shp,L0_CODE,-1,-1,F:\Backup\GIS SAR Project\1. Databases\India\Shapefiles\Administrative Boundaries\RSMI\GIS Shape Files-Phase 1\Final SHPs\WB Harmonized\Final Output\L2\Phase1_L2_Administrative_Boundaries.shp,L0_CODE,-1,-1,F:\Backup\GIS SAR Project\1. Databases\India\Shapefiles\Administrative Boundaries\RSMI\GIS Shape Files-Phase 2\Final SHPs\WB Harmonized\Final Output\L2\Phase2_L2_Administrative_Boundaries.shp,L0_CODE,-1,-1,F:\Backup\GIS SAR Project\1. Databases\India\Shapefiles\Administrative Boundaries\RSMI\GIS Shape Files-Phase 3\Final SHPs\WB Harmonized\Final Output\L2\Phase3_L2_Administrative_Boundaries.shp,L0_CODE,-1,-1,F:\Backup\GIS SAR Project\1. Databases\India\Shapefiles\Administrative Boundaries\RSMI\GIS Shape Files-Phase 4\Final SHPs\WB Harmonized\Final Output\L2\Phase4_L2_Administrative_Boundaries.shp,L0_CODE,-1,-1,F:\Backup\GIS SAR Project\1. Databases\India\Shapefiles\Administrative Boundaries\MatrixGeo\Phase I\Final SHPs\WB Harmonized\Final Output\L2\Phase1_L2_Administrative_Boundaries.shp,L0_CODE,-1,-1,F:\Backup\GIS SAR Project\1. Databases\India\Shapefiles\Administrative Boundaries\MatrixGeo\Phase II\Final SHPs\WB Harmonized\Final Output\L2\Phase2_L2_Administrative_Boundaries.shp,L0_CODE,-1,-1,F:\Backup\GIS SAR Project\1. Databases\India\Shapefiles\Administrative Boundaries\MatrixGeo\Phase III\Final SHPs\WB Harmonized\Final Output\L2\Phase3_L2_Administrative_Boundaries.shp,L0_CODE,-1,-1,F:\Backup\GIS SAR Project\1. Databases\India\Shapefiles\Administrative Boundaries\MatrixGeo\Phase IV\Final SHPs\WB Harmonized\Final Output\L2\Phase4_L2_Administrative_Boundaries.shp,L0_CODE,-1,-1;L0_NAME "L0_NAME" true true false 50 Text 0 0 ,First,#,F:\Backup\GIS SAR Project\1. Databases\India\Shapefiles\Administrative Boundaries\RSMI\GIS Shape Files-Phase 0\Final SHPs\WB Harmonized\Final Output\L2\Phase0_L2_Administrative_Boundaries.shp,L0_NAME,-1,-1,F:\Backup\GIS SAR Project\1. Databases\India\Shapefiles\Administrative Boundaries\RSMI\GIS Shape Files-Phase 1\Final SHPs\WB Harmonized\Final Output\L2\Phase1_L2_Administrative_Boundaries.shp,L0_NAME,-1,-1,F:\Backup\GIS SAR Project\1. Databases\India\Shapefiles\Administrative Boundaries\RSMI\GIS Shape Files-Phase 2\Final SHPs\WB Harmonized\Final Output\L2\Phase2_L2_Administrative_Boundaries.shp,L0_NAME,-1,-1,F:\Backup\GIS SAR Project\1. Databases\India\Shapefiles\Administrative Boundaries\RSMI\GIS Shape Files-Phase 3\Final SHPs\WB Harmonized\Final Output\L2\Phase3_L2_Administrative_Boundaries.shp,L0_NAME,-1,-1,F:\Backup\GIS SAR Project\1. Databases\India\Shapefiles\Administrative Boundaries\RSMI\GIS Shape Files-Phase 4\Final SHPs\WB Harmonized\Final Output\L2\Phase4_L2_Administrative_Boundaries.shp,L0_NAME,-1,-1,F:\Backup\GIS SAR Project\1. Databases\India\Shapefiles\Administrative Boundaries\MatrixGeo\Phase I\Final SHPs\WB Harmonized\Final Output\L2\Phase1_L2_Administrative_Boundaries.shp,L0_NAME,-1,-1,F:\Backup\GIS SAR Project\1. Databases\India\Shapefiles\Administrative Boundaries\MatrixGeo\Phase II\Final SHPs\WB Harmonized\Final Output\L2\Phase2_L2_Administrative_Boundaries.shp,L0_NAME,-1,-1,F:\Backup\GIS SAR Project\1. Databases\India\Shapefiles\Administrative Boundaries\MatrixGeo\Phase III\Final SHPs\WB Harmonized\Final Output\L2\Phase3_L2_Administrative_Boundaries.shp,L0_NAME,-1,-1,F:\Backup\GIS SAR Project\1. Databases\India\Shapefiles\Administrative Boundaries\MatrixGeo\Phase IV\Final SHPs\WB Harmonized\Final Output\L2\Phase4_L2_Administrative_Boundaries.shp,L0_NAME,-1,-1;L1_CODE "L1_CODE" true true false 6 Long 0 6 ,First,#,F:\Backup\GIS SAR Project\1. Databases\India\Shapefiles\Administrative Boundaries\RSMI\GIS Shape Files-Phase 0\Final SHPs\WB Harmonized\Final Output\L2\Phase0_L2_Administrative_Boundaries.shp,L1_CODE,-1,-1,F:\Backup\GIS SAR Project\1. Databases\India\Shapefiles\Administrative Boundaries\RSMI\GIS Shape Files-Phase 1\Final SHPs\WB Harmonized\Final Output\L2\Phase1_L2_Administrative_Boundaries.shp,L1_CODE,-1,-1,F:\Backup\GIS SAR Project\1. Databases\India\Shapefiles\Administrative Boundaries\RSMI\GIS Shape Files-Phase 2\Final SHPs\WB Harmonized\Final Output\L2\Phase2_L2_Administrative_Boundaries.shp,L1_CODE,-1,-1,F:\Backup\GIS SAR Project\1. Databases\India\Shapefiles\Administrative Boundaries\RSMI\GIS Shape Files-Phase 3\Final SHPs\WB Harmonized\Final Output\L2\Phase3_L2_Administrative_Boundaries.shp,L1_CODE,-1,-1,F:\Backup\GIS SAR Project\1. Databases\India\Shapefiles\Administrative Boundaries\RSMI\GIS Shape Files-Phase 4\Final SHPs\WB Harmonized\Final Output\L2\Phase4_L2_Administrative_Boundaries.shp,L1_CODE,-1,-1,F:\Backup\GIS SAR Project\1. Databases\India\Shapefiles\Administrative Boundaries\MatrixGeo\Phase I\Final SHPs\WB Harmonized\Final Output\L2\Phase1_L2_Administrative_Boundaries.shp,L1_CODE,-1,-1,F:\Backup\GIS SAR Project\1. Databases\India\Shapefiles\Administrative Boundaries\MatrixGeo\Phase II\Final SHPs\WB Harmonized\Final Output\L2\Phase2_L2_Administrative_Boundaries.shp,L1_CODE,-1,-1,F:\Backup\GIS SAR Project\1. Databases\India\Shapefiles\Administrative Boundaries\MatrixGeo\Phase III\Final SHPs\WB Harmonized\Final Output\L2\Phase3_L2_Administrative_Boundaries.shp,L1_CODE,-1,-1,F:\Backup\GIS SAR Project\1. Databases\India\Shapefiles\Administrative Boundaries\MatrixGeo\Phase IV\Final SHPs\WB Harmonized\Final Output\L2\Phase4_L2_Administrative_Boundaries.shp,L1_CODE,-1,-1;L1_NAME "L1_NAME" true true false 100 Text 0 0 ,First,#,F:\Backup\GIS SAR Project\1. Databases\India\Shapefiles\Administrative Boundaries\RSMI\GIS Shape Files-Phase 0\Final SHPs\WB Harmonized\Final Output\L2\Phase0_L2_Administrative_Boundaries.shp,L1_NAME,-1,-1,F:\Backup\GIS SAR Project\1. Databases\India\Shapefiles\Administrative Boundaries\RSMI\GIS Shape Files-Phase 1\Final SHPs\WB Harmonized\Final Output\L2\Phase1_L2_Administrative_Boundaries.shp,L1_NAME,-1,-1,F:\Backup\GIS SAR Project\1. Databases\India\Shapefiles\Administrative Boundaries\RSMI\GIS Shape Files-Phase 2\Final SHPs\WB Harmonized\Final Output\L2\Phase2_L2_Administrative_Boundaries.shp,L1_NAME,-1,-1,F:\Backup\GIS SAR Project\1. Databases\India\Shapefiles\Administrative Boundaries\RSMI\GIS Shape Files-Phase 3\Final SHPs\WB Harmonized\Final Output\L2\Phase3_L2_Administrative_Boundaries.shp,L1_NAME,-1,-1,F:\Backup\GIS SAR Project\1. Databases\India\Shapefiles\Administrative Boundaries\RSMI\GIS Shape Files-Phase 4\Final SHPs\WB Harmonized\Final Output\L2\Phase4_L2_Administrative_Boundaries.shp,L1_NAME,-1,-1,F:\Backup\GIS SAR Project\1. Databases\India\Shapefiles\Administrative Boundaries\MatrixGeo\Phase I\Final SHPs\WB Harmonized\Final Output\L2\Phase1_L2_Administrative_Boundaries.shp,L1_NAME,-1,-1,F:\Backup\GIS SAR Project\1. Databases\India\Shapefiles\Administrative Boundaries\MatrixGeo\Phase II\Final SHPs\WB Harmonized\Final Output\L2\Phase2_L2_Administrative_Boundaries.shp,L1_NAME,-1,-1,F:\Backup\GIS SAR Project\1. Databases\India\Shapefiles\Administrative Boundaries\MatrixGeo\Phase III\Final SHPs\WB Harmonized\Final Output\L2\Phase3_L2_Administrative_Boundaries.shp,L1_NAME,-1,-1,F:\Backup\GIS SAR Project\1. Databases\India\Shapefiles\Administrative Boundaries\MatrixGeo\Phase IV\Final SHPs\WB Harmonized\Final Output\L2\Phase4_L2_Administrative_Boundaries.shp,L1_NAME,-1,-1;L2_CODE "L2_CODE" true true false 6 Long 0 6 ,First,#,F:\Backup\GIS SAR Project\1. Databases\India\Shapefiles\Administrative Boundaries\RSMI\GIS Shape Files-Phase 0\Final SHPs\WB Harmonized\Final Output\L2\Phase0_L2_Administrative_Boundaries.shp,L2_CODE,-1,-1,F:\Backup\GIS SAR Project\1. Databases\India\Shapefiles\Administrative Boundaries\RSMI\GIS Shape Files-Phase 1\Final SHPs\WB Harmonized\Final Output\L2\Phase1_L2_Administrative_Boundaries.shp,L2_CODE,-1,-1,F:\Backup\GIS SAR Project\1. Databases\India\Shapefiles\Administrative Boundaries\RSMI\GIS Shape Files-Phase 2\Final SHPs\WB Harmonized\Final Output\L2\Phase2_L2_Administrative_Boundaries.shp,L2_CODE,-1,-1,F:\Backup\GIS SAR Project\1. Databases\India\Shapefiles\Administrative Boundaries\RSMI\GIS Shape Files-Phase 3\Final SHPs\WB Harmonized\Final Output\L2\Phase3_L2_Administrative_Boundaries.shp,L2_CODE,-1,-1,F:\Backup\GIS SAR Project\1. Databases\India\Shapefiles\Administrative Boundaries\RSMI\GIS Shape Files-Phase 4\Final SHPs\WB Harmonized\Final Output\L2\Phase4_L2_Administrative_Boundaries.shp,L2_CODE,-1,-1,F:\Backup\GIS SAR Project\1. Databases\India\Shapefiles\Administrative Boundaries\MatrixGeo\Phase I\Final SHPs\WB Harmonized\Final Output\L2\Phase1_L2_Administrative_Boundaries.shp,L2_CODE,-1,-1,F:\Backup\GIS SAR Project\1. Databases\India\Shapefiles\Administrative Boundaries\MatrixGeo\Phase II\Final SHPs\WB Harmonized\Final Output\L2\Phase2_L2_Administrative_Boundaries.shp,L2_CODE,-1,-1,F:\Backup\GIS SAR Project\1. Databases\India\Shapefiles\Administrative Boundaries\MatrixGeo\Phase III\Final SHPs\WB Harmonized\Final Output\L2\Phase3_L2_Administrative_Boundaries.shp,L2_CODE,-1,-1,F:\Backup\GIS SAR Project\1. Databases\India\Shapefiles\Administrative Boundaries\MatrixGeo\Phase IV\Final SHPs\WB Harmonized\Final Output\L2\Phase4_L2_Administrative_Boundaries.shp,L2_CODE,-1,-1;L2_NAME "L2_NAME" true true false 100 Text 0 0 ,First,#,F:\Backup\GIS SAR Project\1. Databases\India\Shapefiles\Administrative Boundaries\RSMI\GIS Shape Files-Phase 0\Final SHPs\WB Harmonized\Final Output\L2\Phase0_L2_Administrative_Boundaries.shp,L2_NAME,-1,-1,F:\Backup\GIS SAR Project\1. Databases\India\Shapefiles\Administrative Boundaries\RSMI\GIS Shape Files-Phase 1\Final SHPs\WB Harmonized\Final Output\L2\Phase1_L2_Administrative_Boundaries.shp,L2_NAME,-1,-1,F:\Backup\GIS SAR Project\1. Databases\India\Shapefiles\Administrative Boundaries\RSMI\GIS Shape Files-Phase 2\Final SHPs\WB Harmonized\Final Output\L2\Phase2_L2_Administrative_Boundaries.shp,L2_NAME,-1,-1,F:\Backup\GIS SAR Project\1. Databases\India\Shapefiles\Administrative Boundaries\RSMI\GIS Shape Files-Phase 3\Final SHPs\WB Harmonized\Final Output\L2\Phase3_L2_Administrative_Boundaries.shp,L2_NAME,-1,-1,F:\Backup\GIS SAR Project\1. Databases\India\Shapefiles\Administrative Boundaries\RSMI\GIS Shape Files-Phase 4\Final SHPs\WB Harmonized\Final Output\L2\Phase4_L2_Administrative_Boundaries.shp,L2_NAME,-1,-1,F:\Backup\GIS SAR Project\1. Databases\India\Shapefiles\Administrative Boundaries\MatrixGeo\Phase I\Final SHPs\WB Harmonized\Final Output\L2\Phase1_L2_Administrative_Boundaries.shp,L2_NAME,-1,-1,F:\Backup\GIS SAR Project\1. Databases\India\Shapefiles\Administrative Boundaries\MatrixGeo\Phase II\Final SHPs\WB Harmonized\Final Output\L2\Phase2_L2_Administrative_Boundaries.shp,L2_NAME,-1,-1,F:\Backup\GIS SAR Project\1. Databases\India\Shapefiles\Administrative Boundaries\MatrixGeo\Phase III\Final SHPs\WB Harmonized\Final Output\L2\Phase3_L2_Administrative_Boundaries.shp,L2_NAME,-1,-1,F:\Backup\GIS SAR Project\1. Databases\India\Shapefiles\Administrative Boundaries\MatrixGeo\Phase IV\Final SHPs\WB Harmonized\Final Output\L2\Phase4_L2_Administrative_Boundaries.shp,L2_NAME,-1,-1;ID "ID" true true false 30 Text 0 0 ,First,#,F:\Backup\GIS SAR Project\1. Databases\India\Shapefiles\Administrative Boundaries\RSMI\GIS Shape Files-Phase 0\Final SHPs\WB Harmonized\Final Output\L2\Phase0_L2_Administrative_Boundaries.shp,ID,-1,-1,F:\Backup\GIS SAR Project\1. Databases\India\Shapefiles\Administrative Boundaries\RSMI\GIS Shape Files-Phase 1\Final SHPs\WB Harmonized\Final Output\L2\Phase1_L2_Administrative_Boundaries.shp,ID,-1,-1,F:\Backup\GIS SAR Project\1. Databases\India\Shapefiles\Administrative Boundaries\RSMI\GIS Shape Files-Phase 2\Final SHPs\WB Harmonized\Final Output\L2\Phase2_L2_Administrative_Boundaries.shp,ID,-1,-1,F:\Backup\GIS SAR Project\1. Databases\India\Shapefiles\Administrative Boundaries\RSMI\GIS Shape Files-Phase 3\Final SHPs\WB Harmonized\Final Output\L2\Phase3_L2_Administrative_Boundaries.shp,ID,-1,-1,F:\Backup\GIS SAR Project\1. Databases\India\Shapefiles\Administrative Boundaries\RSMI\GIS Shape Files-Phase 4\Final SHPs\WB Harmonized\Final Output\L2\Phase4_L2_Administrative_Boundaries.shp,ID,-1,-1,F:\Backup\GIS SAR Project\1. Databases\India\Shapefiles\Administrative Boundaries\MatrixGeo\Phase I\Final SHPs\WB Harmonized\Final Output\L2\Phase1_L2_Administrative_Boundaries.shp,ID,-1,-1,F:\Backup\GIS SAR Project\1. Databases\India\Shapefiles\Administrative Boundaries\MatrixGeo\Phase II\Final SHPs\WB Harmonized\Final Output\L2\Phase2_L2_Administrative_Boundaries.shp,ID,-1,-1,F:\Backup\GIS SAR Project\1. Databases\India\Shapefiles\Administrative Boundaries\MatrixGeo\Phase III\Final SHPs\WB Harmonized\Final Output\L2\Phase3_L2_Administrative_Boundaries.shp,ID,-1,-1,F:\Backup\GIS SAR Project\1. Databases\India\Shapefiles\Administrative Boundaries\MatrixGeo\Phase IV\Final SHPs\WB Harmonized\Final Output\L2\Phase4_L2_Administrative_Boundaries.shp,ID,-1,-1"</Process><Process ToolSource="c:\program files\arcgis\desktop10.3\ArcToolbox\Toolboxes\Data Management Tools.tbx\CopyFeatures" Date="20151119" Time="151838">CopyFeatures "F:\Backup\GIS SAR Project\1. Databases\India\Shapefiles\Administrative Boundaries\Merge_RMSI_Matrix_Geo\Intermediate output\L2\India_L2_Administrative_Boundaries.shp" "F:\Backup\GIS SAR Project\1. Databases\India\Shapefiles\Administrative Boundaries\Merge_RMSI_Matrix_Geo\Final output\without geonames\L2\India_L2_Administrative_Boundaries.shp" # 0 0 0</Process><Process ToolSource="c:\program files\arcgis\desktop10.3\ArcToolbox\Toolboxes\Data Management Tools.tbx\CopyFeatures" Date="20151120" Time="174944">CopyFeatures "F:\Backup\GIS SAR Project\1. Databases\India\Shapefiles\Administrative Boundaries\Merge_RMSI_Matrix_Geo\Final output\without geonames\L2\India_L2_Administrative_Boundaries.shp" "F:\Backup\GIS SAR Project\1. Databases\India\Shapefiles\Administrative Boundaries\Merge_RMSI_Matrix_Geo\Final output\with geonames\All\L2\India_L2_Administrative_Boundaries.shp" # 0 0 0</Process><Process ToolSource="c:\program files\arcgis\desktop10.3\ArcToolbox\Toolboxes\Data Management Tools.tbx\JoinField" Date="20151120" Time="174954">JoinField "F:\Backup\GIS SAR Project\1. Databases\India\Shapefiles\Administrative Boundaries\Merge_RMSI_Matrix_Geo\Final output\with geonames\All\L2\India_L2_Administrative_Boundaries.shp" ID "F:\Backup\GIS SAR Project\1. Databases\India\Shapefiles\Administrative Boundaries\Merge_RMSI_Matrix_Geo\Geonames\L2_Geonames.dbf" id L0_name;L1_name;L2_name</Process><Process ToolSource="c:\program files\arcgis\desktop10.3\ArcToolbox\Toolboxes\Analysis Tools.tbx\Select" Date="20160411" Time="182020">Select "E:\Backup\GIS SAR Project\1. Databases\India\Shapefiles\Administrative Boundaries\Merge_RMSI_Matrix_Geo\Final output\with geonames\All\L2\India_L2_Administrative_Boundaries.shp" "E:\Backup\GIS SAR Project\1. Databases\India\Shapefiles\Administrative Boundaries\Merge_RMSI_Matrix_Geo\Final output\with geonames\All\Adjusted\India_L2_Adm_selected.shp" ""L1_CODE" &lt;&gt;1  AND "L1_CODE" &lt;&gt;18  AND  "L1_CODE" &lt;&gt;12"</Process><Process ToolSource="c:\program files\arcgis\desktop10.3\ArcToolbox\Toolboxes\Data Management Tools.tbx\Merge" Date="20160411" Time="182025">Merge 'E:\Backup\GIS SAR Project\1. Databases\India\Shapefiles\Administrative Boundaries\Merge_RMSI_Matrix_Geo\Final output\with geonames\All\Adjusted\India_L2_Adm_selected.shp';'E:\Backup\GIS SAR Project\1. Databases\India\Shapefiles\Administrative Boundaries\Merge_RMSI_Matrix_Geo\Final output\with geonames\All\AP_JK_Border\L2_ArunachalPradesh_withPartition_clean.shp';'E:\Backup\GIS SAR Project\1. Databases\India\Shapefiles\Administrative Boundaries\Merge_RMSI_Matrix_Geo\Final output\with geonames\All\AP_JK_Border\L2_JammuKashmir_withPartition_clean.shp';'E:\Backup\GIS SAR Project\1. Databases\India\Shapefiles\Administrative Boundaries\Merge_RMSI_Matrix_Geo\Final output\with geonames\All\AP_JK_Border\L2_Assam_edited_clean.shp' "E:\Backup\GIS SAR Project\1. Databases\India\Shapefiles\Administrative Boundaries\Merge_RMSI_Matrix_Geo\Final output\with geonames\All\Adjusted\L2\India_L2_Administrative_Boundaries.shp" "L0_CODE "L0_CODE" true true false 6 Long 0 6 ,First,#,E:\Backup\GIS SAR Project\1. Databases\India\Shapefiles\Administrative Boundaries\Merge_RMSI_Matrix_Geo\Final output\with geonames\All\Adjusted\India_L2_Adm_selected.shp,L0_CODE,-1,-1,E:\Backup\GIS SAR Project\1. Databases\India\Shapefiles\Administrative Boundaries\Merge_RMSI_Matrix_Geo\Final output\with geonames\All\AP_JK_Border\L2_ArunachalPradesh_withPartition_clean.shp,L0_CODE,-1,-1,E:\Backup\GIS SAR Project\1. Databases\India\Shapefiles\Administrative Boundaries\Merge_RMSI_Matrix_Geo\Final output\with geonames\All\AP_JK_Border\L2_JammuKashmir_withPartition_clean.shp,L0_CODE,-1,-1,E:\Backup\GIS SAR Project\1. Databases\India\Shapefiles\Administrative Boundaries\Merge_RMSI_Matrix_Geo\Final output\with geonames\All\AP_JK_Border\L2_Assam_edited_clean.shp,L0_CODE,-1,-1;L0_NAME "L0_NAME" true true false 50 Text 0 0 ,First,#,E:\Backup\GIS SAR Project\1. Databases\India\Shapefiles\Administrative Boundaries\Merge_RMSI_Matrix_Geo\Final output\with geonames\All\Adjusted\India_L2_Adm_selected.shp,L0_NAME,-1,-1,E:\Backup\GIS SAR Project\1. Databases\India\Shapefiles\Administrative Boundaries\Merge_RMSI_Matrix_Geo\Final output\with geonames\All\AP_JK_Border\L2_ArunachalPradesh_withPartition_clean.shp,L0_NAME,-1,-1,E:\Backup\GIS SAR Project\1. Databases\India\Shapefiles\Administrative Boundaries\Merge_RMSI_Matrix_Geo\Final output\with geonames\All\AP_JK_Border\L2_JammuKashmir_withPartition_clean.shp,L0_NAME,-1,-1,E:\Backup\GIS SAR Project\1. Databases\India\Shapefiles\Administrative Boundaries\Merge_RMSI_Matrix_Geo\Final output\with geonames\All\AP_JK_Border\L2_Assam_edited_clean.shp,L0_NAME,-1,-1;L1_CODE "L1_CODE" true true false 6 Long 0 6 ,First,#,E:\Backup\GIS SAR Project\1. Databases\India\Shapefiles\Administrative Boundaries\Merge_RMSI_Matrix_Geo\Final output\with geonames\All\Adjusted\India_L2_Adm_selected.shp,L1_CODE,-1,-1,E:\Backup\GIS SAR Project\1. Databases\India\Shapefiles\Administrative Boundaries\Merge_RMSI_Matrix_Geo\Final output\with geonames\All\AP_JK_Border\L2_ArunachalPradesh_withPartition_clean.shp,L1_CODE,-1,-1,E:\Backup\GIS SAR Project\1. Databases\India\Shapefiles\Administrative Boundaries\Merge_RMSI_Matrix_Geo\Final output\with geonames\All\AP_JK_Border\L2_JammuKashmir_withPartition_clean.shp,L1_CODE,-1,-1,E:\Backup\GIS SAR Project\1. Databases\India\Shapefiles\Administrative Boundaries\Merge_RMSI_Matrix_Geo\Final output\with geonames\All\AP_JK_Border\L2_Assam_edited_clean.shp,L1_CODE,-1,-1;L1_NAME "L1_NAME" true true false 100 Text 0 0 ,First,#,E:\Backup\GIS SAR Project\1. Databases\India\Shapefiles\Administrative Boundaries\Merge_RMSI_Matrix_Geo\Final output\with geonames\All\Adjusted\India_L2_Adm_selected.shp,L1_NAME,-1,-1,E:\Backup\GIS SAR Project\1. Databases\India\Shapefiles\Administrative Boundaries\Merge_RMSI_Matrix_Geo\Final output\with geonames\All\AP_JK_Border\L2_ArunachalPradesh_withPartition_clean.shp,L1_NAME,-1,-1,E:\Backup\GIS SAR Project\1. Databases\India\Shapefiles\Administrative Boundaries\Merge_RMSI_Matrix_Geo\Final output\with geonames\All\AP_JK_Border\L2_JammuKashmir_withPartition_clean.shp,L1_NAME,-1,-1,E:\Backup\GIS SAR Project\1. Databases\India\Shapefiles\Administrative Boundaries\Merge_RMSI_Matrix_Geo\Final output\with geonames\All\AP_JK_Border\L2_Assam_edited_clean.shp,L1_NAME,-1,-1;L2_CODE "L2_CODE" true true false 6 Long 0 6 ,First,#,E:\Backup\GIS SAR Project\1. Databases\India\Shapefiles\Administrative Boundaries\Merge_RMSI_Matrix_Geo\Final output\with geonames\All\Adjusted\India_L2_Adm_selected.shp,L2_CODE,-1,-1,E:\Backup\GIS SAR Project\1. Databases\India\Shapefiles\Administrative Boundaries\Merge_RMSI_Matrix_Geo\Final output\with geonames\All\AP_JK_Border\L2_ArunachalPradesh_withPartition_clean.shp,L2_CODE,-1,-1,E:\Backup\GIS SAR Project\1. Databases\India\Shapefiles\Administrative Boundaries\Merge_RMSI_Matrix_Geo\Final output\with geonames\All\AP_JK_Border\L2_JammuKashmir_withPartition_clean.shp,L2_CODE,-1,-1,E:\Backup\GIS SAR Project\1. Databases\India\Shapefiles\Administrative Boundaries\Merge_RMSI_Matrix_Geo\Final output\with geonames\All\AP_JK_Border\L2_Assam_edited_clean.shp,L2_CODE,-1,-1;L2_NAME "L2_NAME" true true false 100 Text 0 0 ,First,#,E:\Backup\GIS SAR Project\1. Databases\India\Shapefiles\Administrative Boundaries\Merge_RMSI_Matrix_Geo\Final output\with geonames\All\Adjusted\India_L2_Adm_selected.shp,L2_NAME,-1,-1,E:\Backup\GIS SAR Project\1. Databases\India\Shapefiles\Administrative Boundaries\Merge_RMSI_Matrix_Geo\Final output\with geonames\All\AP_JK_Border\L2_ArunachalPradesh_withPartition_clean.shp,L2_NAME,-1,-1,E:\Backup\GIS SAR Project\1. Databases\India\Shapefiles\Administrative Boundaries\Merge_RMSI_Matrix_Geo\Final output\with geonames\All\AP_JK_Border\L2_JammuKashmir_withPartition_clean.shp,L2_NAME,-1,-1,E:\Backup\GIS SAR Project\1. Databases\India\Shapefiles\Administrative Boundaries\Merge_RMSI_Matrix_Geo\Final output\with geonames\All\AP_JK_Border\L2_Assam_edited_clean.shp,L2_NAME,-1,-1;ID "ID" true true false 30 Text 0 0 ,First,#,E:\Backup\GIS SAR Project\1. Databases\India\Shapefiles\Administrative Boundaries\Merge_RMSI_Matrix_Geo\Final output\with geonames\All\Adjusted\India_L2_Adm_selected.shp,ID,-1,-1,E:\Backup\GIS SAR Project\1. Databases\India\Shapefiles\Administrative Boundaries\Merge_RMSI_Matrix_Geo\Final output\with geonames\All\AP_JK_Border\L2_ArunachalPradesh_withPartition_clean.shp,ID,-1,-1,E:\Backup\GIS SAR Project\1. Databases\India\Shapefiles\Administrative Boundaries\Merge_RMSI_Matrix_Geo\Final output\with geonames\All\AP_JK_Border\L2_JammuKashmir_withPartition_clean.shp,ID,-1,-1,E:\Backup\GIS SAR Project\1. Databases\India\Shapefiles\Administrative Boundaries\Merge_RMSI_Matrix_Geo\Final output\with geonames\All\AP_JK_Border\L2_Assam_edited_clean.shp,ID,-1,-1;DISPUTE "DISPUTE" true true false 3 Short 0 3 ,First,#,E:\Backup\GIS SAR Project\1. Databases\India\Shapefiles\Administrative Boundaries\Merge_RMSI_Matrix_Geo\Final output\with geonames\All\Adjusted\India_L2_Adm_selected.shp,DISPUTE,-1,-1,E:\Backup\GIS SAR Project\1. Databases\India\Shapefiles\Administrative Boundaries\Merge_RMSI_Matrix_Geo\Final output\with geonames\All\AP_JK_Border\L2_ArunachalPradesh_withPartition_clean.shp,DISPUTE,-1,-1,E:\Backup\GIS SAR Project\1. Databases\India\Shapefiles\Administrative Boundaries\Merge_RMSI_Matrix_Geo\Final output\with geonames\All\AP_JK_Border\L2_JammuKashmir_withPartition_clean.shp,DISPUTE,-1,-1,E:\Backup\GIS SAR Project\1. Databases\India\Shapefiles\Administrative Boundaries\Merge_RMSI_Matrix_Geo\Final output\with geonames\All\AP_JK_Border\L2_Assam_edited_clean.shp,DISPUTE,-1,-1"</Process><Process ToolSource="c:\program files (x86)\arcgis\desktop10.2\ArcToolbox\Toolboxes\Data Management Tools.tbx\CopyFeatures" Date="20160420" Time="035620">CopyFeatures "F:\Backup\GIS SAR Project\1. Databases\India\Shapefiles\Administrative Boundaries\Merge_RMSI_Matrix_Geo\Final output\with geonames\All\Adjusted\L2\India_L2_Administrative_Boundaries_extra.shp" "F:\Backup\GIS SAR Project\1. Databases\India\Shapefiles\Administrative Boundaries\Merge_RMSI_Matrix_Geo\Final output\with geonames\All\Adjusted\L2\India_L2_Administrative_Boundaries_extra_edit.shp" # 0 0 0</Process></lineage><itemProps><itemName Sync="TRUE">India_L2_Administrative_Boundaries_extra_edit</itemName><imsContentType Sync="TRUE">002</imsContentType><itemSize Sync="TRUE">0.000</itemSize><itemLocation><linkage Sync="TRUE">file://\\LAPTOP-PC\F$\Backup\GIS SAR Project\1. Databases\India\Shapefiles\Administrative Boundaries\Merge_RMSI_Matrix_Geo\Final output\with geonames\All\Adjusted\L2\India_L2_Administrative_Boundaries_extra_edit.shp</linkage><protocol Sync="TRUE">Local Area Network</protocol></itemLocation></itemProps><coordRef><type Sync="TRUE">Geographic</type><geogcsn Sync="TRUE">GCS_WGS_1984</geogcsn><csUnits Sync="TRUE">Angular Unit: Degree (0.017453)</csUnits><peXml Sync="TRUE">&lt;GeographicCoordinateSystem xsi:type='typens:GeographicCoordinateSystem' xmlns:xsi='http://www.w3.org/2001/XMLSchema-instance' xmlns:xs='http://www.w3.org/2001/XMLSchema' xmlns:typens='http://www.esri.com/schemas/ArcGIS/10.1'&gt;&lt;WKT&gt;GEOGCS[&amp;quot;GCS_WGS_1984&amp;quot;,DATUM[&amp;quot;D_WGS_1984&amp;quot;,SPHEROID[&amp;quot;WGS_1984&amp;quot;,6378137.0,298.257223563]],PRIMEM[&amp;quot;Greenwich&amp;quot;,0.0],UNIT[&amp;quot;Degree&amp;quot;,0.0174532925199433],AUTHORITY[&amp;quot;EPSG&amp;quot;,4326]]&lt;/WKT&gt;&lt;XOrigin&gt;-400&lt;/XOrigin&gt;&lt;YOrigin&gt;-400&lt;/YOrigin&gt;&lt;XYScale&gt;11258999068426.238&lt;/XYScale&gt;&lt;ZOrigin&gt;-100000&lt;/ZOrigin&gt;&lt;ZScale&gt;10000&lt;/ZScale&gt;&lt;MOrigin&gt;-100000&lt;/MOrigin&gt;&lt;MScale&gt;10000&lt;/MScale&gt;&lt;XYTolerance&gt;8.983152841195215e-009&lt;/XYTolerance&gt;&lt;ZTolerance&gt;0.001&lt;/ZTolerance&gt;&lt;MTolerance&gt;0.001&lt;/MTolerance&gt;&lt;HighPrecision&gt;true&lt;/HighPrecision&gt;&lt;LeftLongitude&gt;-180&lt;/LeftLongitude&gt;&lt;WKID&gt;4326&lt;/WKID&gt;&lt;LatestWKID&gt;4326&lt;/LatestWKID&gt;&lt;/GeographicCoordinateSystem&gt;</peXml></coordRef></DataProperties><SyncDate>20160420</SyncDate><SyncTime>03561900</SyncTime><ModDate>20160420</ModDate><ModTime>03561900</ModTime></Esri><dataIdInfo><envirDesc Sync="TRUE">Microsoft Windows 7 Version 6.1 (Build 7601) Service Pack 1; Esri ArcGIS 10.2.0.3348</envirDesc><dataLang><languageCode value="eng" Sync="TRUE"></languageCode><countryCode value="USA" Sync="TRUE"></countryCode></dataLang><idCitation><resTitle Sync="TRUE">India_L2_Administrative_Boundaries_extra_edit</resTitle><presForm><PresFormCd value="005" Sync="TRUE"></PresFormCd></presForm></idCitation><spatRpType><SpatRepTypCd value="001" Sync="TRUE"></SpatRepTypCd></spatRpType></dataIdInfo><mdLang><languageCode value="eng" Sync="TRUE"></languageCode><countryCode value="USA" Sync="TRUE"></countryCode></mdLang><mdChar><CharSetCd value="004" Sync="TRUE"></CharSetCd></mdChar><distInfo><distFormat><formatName Sync="TRUE">Shapefile</formatName></distFormat><distTranOps><transSize Sync="TRUE">0.000</transSize></distTranOps></distInfo><mdHrLv><ScopeCd value="005" Sync="TRUE"></ScopeCd></mdHrLv><mdHrLvName Sync="TRUE">dataset</mdHrLvName><refSysInfo><RefSystem><refSysID><identCode code="4326" Sync="TRUE"></identCode><idCodeSpace Sync="TRUE">EPSG</idCodeSpace><idVersion Sync="TRUE">8.1.1</idVersion></refSysID></RefSystem></refSysInfo><spatRepInfo><VectSpatRep><geometObjs Name="India_L2_Administrative_Boundaries_extra_edit"><geoObjTyp><GeoObjTypCd value="002" Sync="TRUE"></GeoObjTypCd></geoObjTyp><geoObjCnt Sync="TRUE">0</geoObjCnt></geometObjs><topLvl><TopoLevCd value="001" Sync="TRUE"></TopoLevCd></topLvl></VectSpatRep></spatRepInfo><spdoinfo><ptvctinf><esriterm Name="India_L2_Administrative_Boundaries_extra_edit"><efeatyp Sync="TRUE">Simple</efeatyp><efeageom code="4" Sync="TRUE"></efeageom><esritopo Sync="TRUE">FALSE</esritopo><efeacnt Sync="TRUE">0</efeacnt><spindex Sync="TRUE">FALSE</spindex><linrefer Sync="TRUE">FALSE</linrefer></esriterm></ptvctinf></spdoinfo><eainfo><detailed Name="India_L2_Administrative_Boundaries_extra_edit"><enttyp><enttypl Sync="TRUE">India_L2_Administrative_Boundaries_extra_edit</enttypl><enttypt Sync="TRUE">Feature Class</enttypt><enttypc Sync="TRUE">0</enttypc></enttyp><attr><attrlabl Sync="TRUE">FID</attrlabl><attalias Sync="TRUE">FID</attalias><attrtype Sync="TRUE">OID</attrtype><attwidth Sync="TRUE">4</attwidth><atprecis Sync="TRUE">0</atprecis><attscale Sync="TRUE">0</attscale><attrdef Sync="TRUE">Internal feature number.</attrdef><attrdefs Sync="TRUE">Esri</attrdefs><attrdomv><udom Sync="TRUE">Sequential unique whole numbers that are automatically generated.</udom></attrdomv></attr><attr><attrlabl Sync="TRUE">Shape</attrlabl><attalias Sync="TRUE">Shape</attalias><attrtype Sync="TRUE">Geometry</attrtype><attwidth Sync="TRUE">0</attwidth><atprecis Sync="TRUE">0</atprecis><attscale Sync="TRUE">0</attscale><attrdef Sync="TRUE">Feature geometry.</attrdef><attrdefs Sync="TRUE">Esri</attrdefs><attrdomv><udom Sync="TRUE">Coordinates defining the features.</udom></attrdomv></attr><attr><attrlabl Sync="TRUE">L0_CODE</attrlabl><attalias Sync="TRUE">L0_CODE</attalias><attrtype Sync="TRUE">Integer</attrtype><attwidth Sync="TRUE">6</attwidth><atprecis Sync="TRUE">6</atprecis><attscale Sync="TRUE">0</attscale></attr><attr><attrlabl Sync="TRUE">L0_NAME</attrlabl><attalias Sync="TRUE">L0_NAME</attalias><attrtype Sync="TRUE">String</attrtype><attwidth Sync="TRUE">50</attwidth><atprecis Sync="TRUE">0</atprecis><attscale Sync="TRUE">0</attscale></attr><attr><attrlabl Sync="TRUE">L1_CODE</attrlabl><attalias Sync="TRUE">L1_CODE</attalias><attrtype Sync="TRUE">Integer</attrtype><attwidth Sync="TRUE">6</attwidth><atprecis Sync="TRUE">6</atprecis><attscale Sync="TRUE">0</attscale></attr><attr><attrlabl Sync="TRUE">L1_NAME</attrlabl><attalias Sync="TRUE">L1_NAME</attalias><attrtype Sync="TRUE">String</attrtype><attwidth Sync="TRUE">100</attwidth><atprecis Sync="TRUE">0</atprecis><attscale Sync="TRUE">0</attscale></attr><attr><attrlabl Sync="TRUE">L2_CODE</attrlabl><attalias Sync="TRUE">L2_CODE</attalias><attrtype Sync="TRUE">Integer</attrtype><attwidth Sync="TRUE">6</attwidth><atprecis Sync="TRUE">6</atprecis><attscale Sync="TRUE">0</attscale></attr><attr><attrlabl Sync="TRUE">L2_NAME</attrlabl><attalias Sync="TRUE">L2_NAME</attalias><attrtype Sync="TRUE">String</attrtype><attwidth Sync="TRUE">100</attwidth><atprecis Sync="TRUE">0</atprecis><attscale Sync="TRUE">0</attscale></attr><attr><attrlabl Sync="TRUE">ID</attrlabl><attalias Sync="TRUE">ID</attalias><attrtype Sync="TRUE">String</attrtype><attwidth Sync="TRUE">30</attwidth><atprecis Sync="TRUE">0</atprecis><attscale Sync="TRUE">0</attscale></attr><attr><attrlabl Sync="TRUE">DISPUTE</attrlabl><attalias Sync="TRUE">DISPUTE</attalias><attrtype Sync="TRUE">SmallInteger</attrtype><attwidth Sync="TRUE">3</attwidth><atprecis Sync="TRUE">3</atprecis><attscale Sync="TRUE">0</attscale></attr></detailed></eainfo><mdDateSt Sync="TRUE">20160420</mdDateSt></metadata>
