id,spatial_data_yr,geography,L0_code,L0_name,L1_code,L1_name,L2_code,L2_name,elev,rough,irr_all,ac_irr,irr_gw,irr_sw,lcrt
3_10_203_0,2001,Total,3,India,10,Bihar,203,Pashchim Champaran,109,58.6,,,,,
3_10_204_0,2001,Total,3,India,10,Bihar,204,Purba Champaran,69.2,5.100000000000001,,,,,
3_10_205_0,2001,Total,3,India,10,Bihar,205,Sheohar,65.90000000000001,2.7,,,,,
3_10_206_0,2001,Total,3,India,10,Bihar,206,Sitamarhi,66.5,6.7,,,,,
3_10_207_0,2001,Total,3,India,10,Bihar,207,Madhubani,62.1,7.300000000000001,,,,,
3_10_208_0,2001,Total,3,India,10,Bihar,208,Supaul,60.40000000000001,7.4,,,,,
3_10_209_0,2001,Total,3,India,10,Bihar,209,Araria,56,6.9,,,,,
3_10_210_0,2001,Total,3,India,10,Bihar,210,Kishanganj,60.5,8.5,,,,,
3_10_211_0,2001,Total,3,India,10,Bihar,211,Purnia,41.3,3.8,,,,,
3_10_212_0,2001,Total,3,India,10,Bihar,212,Katihar,32.4,3.2,,,,,
3_10_213_0,2001,Total,3,India,10,Bihar,213,Madhepura,44.90000000000001,5.7,,,,,
3_10_214_0,2001,Total,3,India,10,Bihar,214,Saharsa,43.3,2.6,,,,,
3_10_215_0,2001,Total,3,India,10,Bihar,215,Darbhanga,50.2,4,,,,,
3_10_216_0,2001,Total,3,India,10,Bihar,216,Muzaffarpur,56.8,3,,,,,
3_10_217_0,2001,Total,3,India,10,Bihar,217,Gopalganj,70.60000000000001,4.100000000000001,,,,,
3_10_218_0,2001,Total,3,India,10,Bihar,218,Siwan,64.10000000000001,2.8,,,,,
3_10_219_0,2001,Total,3,India,10,Bihar,219,Saran,56.1,3.2,,,,,
3_10_220_0,2001,Total,3,India,10,Bihar,220,Vaishali,51.8,3.5,,,,,
3_10_221_0,2001,Total,3,India,10,Bihar,221,Samastipur,47.5,3.2,,,,,
3_10_222_0,2001,Total,3,India,10,Bihar,222,Begusarai,43.2,2.8,,,,,
3_10_223_0,2001,Total,3,India,10,Bihar,223,Khagaria,38.1,2.1,,,,,
3_10_224_0,2001,Total,3,India,10,Bihar,224,Bhagalpur,37.6,6.600000000000001,,,,,
3_10_225_0,2001,Total,3,India,10,Bihar,225,Banka,125,59.8,,,,,
3_10_226_0,2001,Total,3,India,10,Bihar,226,Munger,77.60000000000001,64.60000000000001,,,,,
3_10_227_0,2001,Total,3,India,10,Bihar,227,Lakhisarai,68.60000000000001,59.5,,,,,
3_10_228_0,2001,Total,3,India,10,Bihar,228,Sheikhpura,52.3,6.600000000000001,,,,,
3_10_229_0,2001,Total,3,India,10,Bihar,229,Nalanda,59.3,22.2,,,,,
3_10_230_0,2001,Total,3,India,10,Bihar,230,Patna,53.6,7.9,,,,,
3_10_231_0,2001,Total,3,India,10,Bihar,231,Bhojpur,66.7,9.200000000000001,,,,,
3_10_232_0,2001,Total,3,India,10,Bihar,232,Buxar,68.10000000000001,5.9,,,,,
3_10_233_0,2001,Total,3,India,10,Bihar,233,Kaimur (Bhabua),194,157,,,,,
3_10_234_0,2001,Total,3,India,10,Bihar,234,Rohtas,151,120,,,,,
3_10_235_0,2001,Total,3,India,10,Bihar,235,Aurangabad,119,40.5,,,,,
3_10_236_0,2001,Total,3,India,10,Bihar,236,Gaya,145,54.90000000000001,,,,,
3_10_237_0,2001,Total,3,India,10,Bihar,237,Nawada,134,77.30000000000001,,,,,
3_10_238_0,2001,Total,3,India,10,Bihar,238,Jamui,181,86.90000000000001,,,,,
3_10_239_0,2001,Total,3,India,10,Bihar,239,Jehanabad,71.2,8.5,,,,,
3_10_240_0,2001,Total,3,India,10,Bihar,240,Arwal,77.5,4.600000000000001,,,,,
3_11_241_0,2001,Total,3,India,11,Sikkim,241,North  District,4209,1245,,,,,
3_11_242_0,2001,Total,3,India,11,Sikkim,242,West District,2697,1295,,,,,
3_11_243_0,2001,Total,3,India,11,Sikkim,243,South District,1715,957,,,,,
3_11_244_0,2001,Total,3,India,11,Sikkim,244,East District,2153,1103,,,,,
3_12_245_1,2001,Total,3,India,12,India/China  1,245,Tawang,3740,1000,,,,,
3_12_246_1,2001,Total,3,India,12,India/China  1,246,West Kameng,2178,1055,,,,,
3_12_247_1,2001,Total,3,India,12,India/China  1,247,East Kameng,1742,1189,,,,,
3_12_248_1,2001,Total,3,India,12,India/China  1,248,Papum Pare,1160,788,,,,,
3_12_248_0,2001,Total,3,India,12,Arunachal Pradesh,248,Papum Pare,1160,788,,,,,
3_12_249_1,2001,Total,3,India,12,India/China  1,249,Upper Subansiri,2350,1234,,,,,
3_12_250_1,2001,Total,3,India,12,India/China  1,250,West Siang,1814,1204,,,,,
3_12_250_0,2001,Total,3,India,12,Arunachal Pradesh,250,West Siang,1814,1204,,,,,
3_12_251_1,2001,Total,3,India,12,India/China  1,251,East Siang,710,547,,,,,
3_12_251_0,2001,Total,3,India,12,Arunachal Pradesh,251,East Siang,710,547,,,,,
3_12_252_1,2001,Total,3,India,12,India/China  1,252,Upper Siang,2211,1075,,,,,
3_12_253_0,2001,Total,3,India,12,Arunachal Pradesh,253,Changlang,1153,861,,,,,
3_12_254_0,2001,Total,3,India,12,Arunachal Pradesh,254,Tirap,903,528,,,,,
3_12_255_1,2001,Total,3,India,12,India/China  1,255,Lower Subansiri,1396,541,,,,,
3_12_256_1,2001,Total,3,India,12,India/China  1,256,Kurung Kumey,2355,1198,,,,,
3_12_257_1,2001,Total,3,India,12,India/China  1,257,Dibang Valley,3037,947,,,,,
3_12_258_1,2001,Total,3,India,12,India/China  1,258,Lower Dibang Valley,1465,1150,,,,,
3_12_258_0,2001,Total,3,India,12,Arunachal Pradesh,258,Lower Dibang Valley,1465,1150,,,,,
3_12_259_0,2001,Total,3,India,12,Arunachal Pradesh,259,Lohit,967,978,,,,,
3_12_259_1,2001,Total,3,India,12,India/China  1,259,Lohit,967,978,,,,,
3_12_260_1,2001,Total,3,India,12,India/China  1,260,Anjaw,2881,994,,,,,
3_12_260_0,2001,Total,3,India,12,Arunachal Pradesh,260,Anjaw,2881,994,,,,,
3_13_261_0,2001,Total,3,India,13,Nagaland,261,Mon,759,512,,,,,
3_13_262_0,2001,Total,3,India,13,Nagaland,262,Mokokchung,591,298,,,,,
3_13_263_0,2001,Total,3,India,13,Nagaland,263,Zunheboto,1211,444,,,,,
3_13_264_0,2001,Total,3,India,13,Nagaland,264,Wokha,511,290,,,,,
3_13_265_0,2001,Total,3,India,13,Nagaland,265,Dimapur,355,204,,,,,
3_13_266_0,2001,Total,3,India,13,Nagaland,266,Phek,1406,435,,,,,
3_13_267_0,2001,Total,3,India,13,Nagaland,267,Tuensang,1501,492,,,,,
3_13_268_0,2001,Total,3,India,13,Nagaland,268,Longleng,679,322,,,,,
3_13_269_0,2001,Total,3,India,13,Nagaland,269,Kiphire,1486,560,,,,,
3_13_270_0,2001,Total,3,India,13,Nagaland,270,Kohima,1218,504,,,,,
3_13_271_0,2001,Total,3,India,13,Nagaland,271,Peren,790,420,,,,,
3_14_272_0,2001,Total,3,India,14,Manipur,272,Senapati,1353,410,,,,,
3_14_273_0,2001,Total,3,India,14,Manipur,273,Tamenglong,852,470,,,,,
3_14_274_0,2001,Total,3,India,14,Manipur,274,Churachandpur,787,361,,,,,
3_14_275_0,2001,Total,3,India,14,Manipur,275,Bishnupur,780,19.8,,,,,
3_14_276_0,2001,Total,3,India,14,Manipur,276,Thoubal,788,35.9,,,,,
3_14_277_0,2001,Total,3,India,14,Manipur,277,Imphal West,814,89.10000000000001,,,,,
3_14_278_0,2001,Total,3,India,14,Manipur,278,Imphal East,564,351,,,,,
3_14_279_0,2001,Total,3,India,14,Manipur,279,Ukhrul,1212,447,,,,,
3_14_280_0,2001,Total,3,India,14,Manipur,280,Chandel,917,363,,,,,
3_15_281_0,2001,Total,3,India,15,Mizoram,281,Mamit,378,233,,,,,
3_15_282_0,2001,Total,3,India,15,Mizoram,282,Kolasib,302,215,,,,,
3_15_283_0,2001,Total,3,India,15,Mizoram,283,Aizawl,641,299,,,,,
3_15_284_0,2001,Total,3,India,15,Mizoram,284,Champhai,1055,285,,,,,
3_15_285_0,2001,Total,3,India,15,Mizoram,285,Serchhip,860,270,,,,,
3_15_286_0,2001,Total,3,India,15,Mizoram,286,Lunglei,509,291,,,,,
3_15_287_0,2001,Total,3,India,15,Mizoram,287,Lawngtlai,441,340,,,,,
3_15_288_0,2001,Total,3,India,15,Mizoram,288,Saiha,767,408,,,,,
3_16_289_0,2001,Total,3,India,16,Tripura,289,West Tripura,62.2,44.6,,,,,
3_16_290_0,2001,Total,3,India,16,Tripura,290,South Tripura,67.60000000000001,39.90000000000001,,,,,
3_16_291_0,2001,Total,3,India,16,Tripura,291,Dhalai,132,61.5,,,,,
3_16_292_0,2001,Total,3,India,16,Tripura,292,North Tripura,120,113,,,,,
3_17_293_0,2001,Total,3,India,17,Meghalaya,293,West Garo Hills,189,201,,,,,
3_17_294_0,2001,Total,3,India,17,Meghalaya,294,East Garo Hills,346,191,,,,,
3_17_295_0,2001,Total,3,India,17,Meghalaya,295,South Garo Hills,260,234,,,,,
3_17_296_0,2001,Total,3,India,17,Meghalaya,296,West Khasi Hills,933,455,,,,,
3_17_297_0,2001,Total,3,India,17,Meghalaya,297,Ribhoi,614,264,,,,,
3_17_298_0,2001,Total,3,India,17,Meghalaya,298,East Khasi Hills,1113,555,,,,,
3_17_299_0,2001,Total,3,India,17,Meghalaya,299,Jaintia Hills,932,332,,,,,
3_18_300_0,2001,Total,3,India,18,Assam,300,Kokrajhar,79.2,52.5,,,,,
3_18_301_0,2001,Total,3,India,18,Assam,301,Dhubri,31.3,6.4,,,,,
3_18_302_0,2001,Total,3,India,18,Assam,302,Goalpara,49.90000000000001,34,,,,,
3_18_303_0,2001,Total,3,India,18,Assam,303,Barpeta,42,4.5,,,,,
3_18_304_0,2001,Total,3,India,18,Assam,304,Morigaon,67.40000000000001,42.5,,,,,
3_18_305_0,2001,Total,3,India,18,Assam,305,Nagaon,93.7,69.90000000000001,,,,,
3_18_306_0,2001,Total,3,India,18,Assam,306,Sonitpur,91.2,33.2,,,,,
3_18_307_0,2001,Total,3,India,18,Assam,307,Lakhimpur,97.30000000000001,26.2,,,,,
3_18_308_0,2001,Total,3,India,18,Assam,308,Dhemaji,122,75.10000000000001,,,,,
3_18_309_0,2001,Total,3,India,18,Assam,309,Tinsukia,144,33.9,,,,,
3_18_310_0,2001,Total,3,India,18,Assam,310,Dibrugarh,113,22.6,,,,,
3_18_311_0,2001,Total,3,India,18,Assam,311,Sivasagar,105,20.2,,,,,
3_18_312_0,2001,Total,3,India,18,Assam,312,Jorhat,98.5,27.8,,,,,
3_18_313_0,2001,Total,3,India,18,Assam,313,Golaghat,105,26.6,,,,,
3_18_314_0,2001,Total,3,India,18,Assam,314,Karbi Anglong,393,255,,,,,
3_18_315_0,2001,Total,3,India,18,Assam,315,Dima Hasao,544,348,,,,,
3_18_316_0,2001,Total,3,India,18,Assam,316,Cachar,138,209,,,,,
3_18_317_0,2001,Total,3,India,18,Assam,317,Karimganj,44.5,32.6,,,,,
3_18_318_0,2001,Total,3,India,18,Assam,318,Hailakandi,72.3,71.8,,,,,
3_18_319_0,2001,Total,3,India,18,Assam,319,Bongaigaon,55.7,41.7,,,,,
3_18_320_0,2001,Total,3,India,18,Assam,320,Chirang,112,62.3,,,,,
3_18_321_0,2001,Total,3,India,18,Assam,321,Kamrup,110,144,,,,,
3_18_322_0,2001,Total,3,India,18,Assam,322,Kamrup Metropolitan,134,105,,,,,
3_18_323_0,2001,Total,3,India,18,Assam,323,Nalbari,49.2,5.4,,,,,
3_18_324_0,2001,Total,3,India,18,Assam,324,Baksa,78.40000000000001,34.1,,,,,
3_18_325_0,2001,Total,3,India,18,Assam,325,Darrang,60.3,9.4,,,,,
3_18_326_0,2001,Total,3,India,18,Assam,326,Udalguri,121,57.90000000000001,,,,,
3_19_327_0,2001,Total,3,India,19,West Bengal,327,Darjiling,918,771,,,,,
3_19_328_0,2001,Total,3,India,19,West Bengal,328,Jalpaiguri,126,118,,,,,
3_19_329_0,2001,Total,3,India,19,West Bengal,329,Koch Bihar,47.2,10.8,,,,,
3_19_330_0,2001,Total,3,India,19,West Bengal,330,Uttar Dinajpur,46.1,15.9,,,,,
3_19_331_0,2001,Total,3,India,19,West Bengal,331,Dakshin Dinajpur,28.9,2.8,,,,,
3_19_332_0,2001,Total,3,India,19,West Bengal,332,Maldah,28.1,4.600000000000001,,,,,
3_19_333_0,2001,Total,3,India,19,West Bengal,333,Murshidabad,21.6,5,,,,,
3_19_334_0,2001,Total,3,India,19,West Bengal,334,Birbhum,52.90000000000001,23.2,,,,,
3_19_335_0,2001,Total,3,India,19,West Bengal,335,Barddhaman,44.6,36.1,,,,,
3_19_336_0,2001,Total,3,India,19,West Bengal,336,Nadia,13.3,3.3,,,,,
3_19_337_0,2001,Total,3,India,19,West Bengal,337,North Twenty Four Parganas,5.9,3.7,,,,,
3_19_338_0,2001,Total,3,India,19,West Bengal,338,Hugli,13.2,5.5,,,,,
3_19_339_0,2001,Total,3,India,19,West Bengal,339,Bankura,95.30000000000001,39.90000000000001,,,,,
3_19_340_0,2001,Total,3,India,19,West Bengal,340,Puruliya,227,73.7,,,,,
3_19_341_0,2001,Total,3,India,19,West Bengal,341,Haora,6.300000000000001,2.6,,,,,
3_19_342_0,2001,Total,3,India,19,West Bengal,342,Kolkata,7.2,2.8,,,,,
3_19_343_0,2001,Total,3,India,19,West Bengal,343,South Twenty Four Parganas,3.4,1.9,,,,,
3_19_344_0,2001,Total,3,India,19,West Bengal,344,Paschim Medinipur,47.8,40.7,,,,,
3_19_345_0,2001,Total,3,India,19,West Bengal,345,Purba Medinipur,5.100000000000001,1.9,,,,,
3_1_1_0,2001,Total,3,India,1,Jammu and Kashmir,1,Kupwara,2456,607,,,,,
3_1_10_0,2001,Total,3,India,1,Jammu and Kashmir,10,Srinagar,2097,685,,,,,
3_1_11_0,2001,Total,3,India,1,Jammu and Kashmir,11,Ganderbal,2949,823,,,,,
3_1_12_0,2001,Total,3,India,1,Jammu and Kashmir,12,Pulwama,1996,566,,,,,
3_1_13_0,2001,Total,3,India,1,Jammu and Kashmir,13,Shupiyan,2227,516,,,,,
3_1_14_0,2001,Total,3,India,1,Jammu and Kashmir,14,Anantnag,2809,884,,,,,
3_1_15_0,2001,Total,3,India,1,Jammu and Kashmir,15,Kulgam,2828,860,,,,,
3_1_16_0,2001,Total,3,India,1,Jammu and Kashmir,16,Doda,2405,721,,,,,
3_1_17_0,2001,Total,3,India,1,Jammu and Kashmir,17,Ramban,2131,706,,,,,
3_1_18_0,2001,Total,3,India,1,Jammu and Kashmir,18,Kishtwar,3720,940,,,,,
3_1_19_0,2001,Total,3,India,1,Jammu and Kashmir,19,Udhampur,1512,781,,,,,
3_1_2_0,2001,Total,3,India,1,Jammu and Kashmir,2,Badgam,2385,836,,,,,
3_1_20_0,2001,Total,3,India,1,Jammu and Kashmir,20,Reasi,1650,921,,,,,
3_1_21_0,2001,Total,3,India,1,Jammu and Kashmir,21,Jammu,395,135,,,,,
3_1_22_0,2001,Total,3,India,1,Jammu and Kashmir,22,Samba,392,86.30000000000001,,,,,
3_1_3_0,2001,Total,3,India,1,Jammu and Kashmir,3,Leh(Ladakh),4915,664,,,,,
3_1_3_1,2001,Total,3,India,1,India/China  2,3,Leh(Ladakh),4915,664,,,,,
3_1_4_0,2001,Total,3,India,1,Jammu and Kashmir,4,Kargil,4588,627,,,,,
3_1_5_0,2001,Total,3,India,1,Jammu and Kashmir,5,Punch,2094,905,,,,,
3_1_6_0,2001,Total,3,India,1,Jammu and Kashmir,6,Rajouri,1153,609,,,,,
3_1_7_0,2001,Total,3,India,1,Jammu and Kashmir,7,Kathua,1013,771,,,,,
3_1_8_0,2001,Total,3,India,1,Jammu and Kashmir,8,Baramula,2191,667,,,,,
3_1_9_0,2001,Total,3,India,1,Jammu and Kashmir,9,Bandipore,3086,851,,,,,
3_20_346_0,2001,Total,3,India,20,Jharkhand,346,Garhwa,318,121,,,,,
3_20_347_0,2001,Total,3,India,20,Jharkhand,347,Chatra,406,116,,,,,
3_20_348_0,2001,Total,3,India,20,Jharkhand,348,Kodarma,332,70.5,,,,,
3_20_349_0,2001,Total,3,India,20,Jharkhand,349,Giridih,318,64.90000000000001,,,,,
3_20_350_0,2001,Total,3,India,20,Jharkhand,350,Deoghar,236,32.1,,,,,
3_20_351_0,2001,Total,3,India,20,Jharkhand,351,Godda,137,79.60000000000001,,,,,
3_20_352_0,2001,Total,3,India,20,Jharkhand,352,Sahibganj,89.7,69.60000000000001,,,,,
3_20_353_0,2001,Total,3,India,20,Jharkhand,353,Pakur,94.90000000000001,71,,,,,
3_20_354_0,2001,Total,3,India,20,Jharkhand,354,Dhanbad,210,57,,,,,
3_20_355_0,2001,Total,3,India,20,Jharkhand,355,Bokaro,298,107,,,,,
3_20_356_0,2001,Total,3,India,20,Jharkhand,356,Lohardaga,712,113,,,,,
3_20_357_0,2001,Total,3,India,20,Jharkhand,357,Purbi Singhbhum,177,92.2,,,,,
3_20_358_0,2001,Total,3,India,20,Jharkhand,358,Palamu,266,67.60000000000001,,,,,
3_20_359_0,2001,Total,3,India,20,Jharkhand,359,Latehar,519,164,,,,,
3_20_360_0,2001,Total,3,India,20,Jharkhand,360,Hazaribagh,467,95.7,,,,,
3_20_361_0,2001,Total,3,India,20,Jharkhand,361,Ramgarh,387,72.7,,,,,
3_20_362_0,2001,Total,3,India,20,Jharkhand,362,Dumka,169,48.90000000000001,,,,,
3_20_363_0,2001,Total,3,India,20,Jharkhand,363,Jamtara,175,40.7,,,,,
3_20_364_0,2001,Total,3,India,20,Jharkhand,364,Ranchi,528,166,,,,,
3_20_365_0,2001,Total,3,India,20,Jharkhand,365,Khunti,527,98.7,,,,,
3_20_366_0,2001,Total,3,India,20,Jharkhand,366,Gumla,675,126,,,,,
3_20_367_0,2001,Total,3,India,20,Jharkhand,367,Simdega,417,88.60000000000001,,,,,
3_20_368_0,2001,Total,3,India,20,Jharkhand,368,Pashchimi Singhbhum,381,107,,,,,
3_20_369_0,2001,Total,3,India,20,Jharkhand,369,Saraikela-Kharsawan,240,107,,,,,
3_21_370_0,2001,Total,3,India,21,Odisha,370,Bargarh,228,87,,,,,
3_21_371_0,2001,Total,3,India,21,Odisha,371,Jharsuguda,222,27.9,,,,,
3_21_372_0,2001,Total,3,India,21,Odisha,372,Sambalpur,252,88.7,,,,,
3_21_373_0,2001,Total,3,India,21,Odisha,373,Debagarh,261,131,,,,,
3_21_374_0,2001,Total,3,India,21,Odisha,374,Sundargarh,319,133,,,,,
3_21_375_0,2001,Total,3,India,21,Odisha,375,Kendujhar,378,195,,,,,
3_21_376_0,2001,Total,3,India,21,Odisha,376,Mayurbhanj,309,260,,,,,
3_21_377_0,2001,Total,3,India,21,Odisha,377,Baleshwar,32.7,66.10000000000001,,,,,
3_21_378_0,2001,Total,3,India,21,Odisha,378,Bhadrak,9.600000000000001,9,,,,,
3_21_379_0,2001,Total,3,India,21,Odisha,379,Kendrapara,4.2,2.2,,,,,
3_21_380_0,2001,Total,3,India,21,Odisha,380,Jagatsinghapur,7.100000000000001,4.3,,,,,
3_21_381_0,2001,Total,3,India,21,Odisha,381,Cuttack,63.6,78.80000000000001,,,,,
3_21_382_0,2001,Total,3,India,21,Odisha,382,Jajapur,49.7,76.7,,,,,
3_21_383_0,2001,Total,3,India,21,Odisha,383,Dhenkanal,113,77.5,,,,,
3_21_384_0,2001,Total,3,India,21,Odisha,384,Anugul,212,131,,,,,
3_21_385_0,2001,Total,3,India,21,Odisha,385,Nayagarh,179,127,,,,,
3_21_386_0,2001,Total,3,India,21,Odisha,386,Khordha,58.7,77.7,,,,,
3_21_387_0,2001,Total,3,India,21,Odisha,387,Puri,6.4,3.9,,,,,
3_21_388_0,2001,Total,3,India,21,Odisha,388,Ganjam,148,159,,,,,
3_21_389_0,2001,Total,3,India,21,Odisha,389,Gajapati,511,253,,,,,
3_21_390_0,2001,Total,3,India,21,Odisha,390,Kandhamal,628,177,,,,,
3_21_391_0,2001,Total,3,India,21,Odisha,391,Baudh,212,129,,,,,
3_21_392_0,2001,Total,3,India,21,Odisha,392,Subarnapur,141,28.2,,,,,
3_21_393_0,2001,Total,3,India,21,Odisha,393,Balangir,238,65,,,,,
3_21_394_0,2001,Total,3,India,21,Odisha,394,Nuapada,374,145,,,,,
3_21_395_0,2001,Total,3,India,21,Odisha,395,Kalahandi,376,205,,,,,
3_21_396_0,2001,Total,3,India,21,Odisha,396,Rayagada,480,253,,,,,
3_21_397_0,2001,Total,3,India,21,Odisha,397,Nabarangapur,595,81.30000000000001,,,,,
3_21_398_0,2001,Total,3,India,21,Odisha,398,Koraput,758,217,,,,,
3_21_399_0,2001,Total,3,India,21,Odisha,399,Malkangiri,329,214,,,,,
3_22_400_0,2001,Total,3,India,22,Chhattisgarh,400,Koriya,598,117,,,,,
3_22_401_0,2001,Total,3,India,22,Chhattisgarh,401,Surguja,600,166,,,,,
3_22_402_0,2001,Total,3,India,22,Chhattisgarh,402,Jashpur,647,209,,,,,
3_22_403_0,2001,Total,3,India,22,Chhattisgarh,403,Raigarh,341,137,,,,,
3_22_404_0,2001,Total,3,India,22,Chhattisgarh,404,Korba,421,132,,,,,
3_22_405_0,2001,Total,3,India,22,Chhattisgarh,405,Janjgir - Champa,248,34.3,,,,,
3_22_406_0,2001,Total,3,India,22,Chhattisgarh,406,Bilaspur,402,154,,,,,
3_22_407_0,2001,Total,3,India,22,Chhattisgarh,407,Kabeerdham,483,177,,,,,
3_22_408_0,2001,Total,3,India,22,Chhattisgarh,408,Rajnandgaon,384,90.7,,,,,
3_22_409_0,2001,Total,3,India,22,Chhattisgarh,409,Durg,310,43.2,,,,,
3_22_410_0,2001,Total,3,India,22,Chhattisgarh,410,Raipur,332,107,,,,,
3_22_411_0,2001,Total,3,India,22,Chhattisgarh,411,Mahasamund,301,40.7,,,,,
3_22_412_0,2001,Total,3,India,22,Chhattisgarh,412,Dhamtari,391,81.2,,,,,
3_22_413_0,2001,Total,3,India,22,Chhattisgarh,413,Uttar Bastar Kanker,426,109,,,,,
3_22_414_0,2001,Total,3,India,22,Chhattisgarh,414,Bastar,600,75.8,,,,,
3_22_415_0,2001,Total,3,India,22,Chhattisgarh,415,Narayanpur,601,118,,,,,
3_22_416_0,2001,Total,3,India,22,Chhattisgarh,416,Dakshin Bastar Dantewada,325,180,,,,,
3_22_417_0,2001,Total,3,India,22,Chhattisgarh,417,Bijapur,283,115,,,,,
3_23_418_0,2001,Total,3,India,23,Madhya Pradesh,418,Sheopur,303,81.2,,,,,
3_23_419_0,2001,Total,3,India,23,Madhya Pradesh,419,Morena,198,54.7,,,,,
3_23_420_0,2001,Total,3,India,23,Madhya Pradesh,420,Bhind,151,11.6,,,,,
3_23_421_0,2001,Total,3,India,23,Madhya Pradesh,421,Gwalior,255,57,,,,,
3_23_422_0,2001,Total,3,India,23,Madhya Pradesh,422,Datia,202,37.3,,,,,
3_23_423_0,2001,Total,3,India,23,Madhya Pradesh,423,Shivpuri,383,68.8,,,,,
3_23_424_0,2001,Total,3,India,23,Madhya Pradesh,424,Tikamgarh,288,45.40000000000001,,,,,
3_23_425_0,2001,Total,3,India,23,Madhya Pradesh,425,Chhatarpur,287,101,,,,,
3_23_426_0,2001,Total,3,India,23,Madhya Pradesh,426,Panna,363,86.5,,,,,
3_23_427_0,2001,Total,3,India,23,Madhya Pradesh,427,Sagar,461,50.8,,,,,
3_23_428_0,2001,Total,3,India,23,Madhya Pradesh,428,Damoh,393,63.1,,,,,
3_23_429_0,2001,Total,3,India,23,Madhya Pradesh,429,Satna,358,72.8,,,,,
3_23_430_0,2001,Total,3,India,23,Madhya Pradesh,430,Rewa,290,95.7,,,,,
3_23_431_0,2001,Total,3,India,23,Madhya Pradesh,431,Umaria,469,84.5,,,,,
3_23_432_0,2001,Total,3,India,23,Madhya Pradesh,432,Neemuch,461,44.1,,,,,
3_23_433_0,2001,Total,3,India,23,Madhya Pradesh,433,Mandsaur,440,32.2,,,,,
3_23_434_0,2001,Total,3,India,23,Madhya Pradesh,434,Ratlam,456,51.2,,,,,
3_23_435_0,2001,Total,3,India,23,Madhya Pradesh,435,Ujjain,490,18.9,,,,,
3_23_436_0,2001,Total,3,India,23,Madhya Pradesh,436,Shajapur,449,35.7,,,,,
3_23_437_0,2001,Total,3,India,23,Madhya Pradesh,437,Dewas,415,109,,,,,
3_23_438_0,2001,Total,3,India,23,Madhya Pradesh,438,Dhar,388,149,,,,,
3_23_439_0,2001,Total,3,India,23,Madhya Pradesh,439,Indore,543,49.90000000000001,,,,,
3_23_440_0,2001,Total,3,India,23,Madhya Pradesh,440,Khargone (West Nimar),328,154,,,,,
3_23_441_0,2001,Total,3,India,23,Madhya Pradesh,441,Barwani,371,150,,,,,
3_23_442_0,2001,Total,3,India,23,Madhya Pradesh,442,Rajgarh,425,29.4,,,,,
3_23_443_0,2001,Total,3,India,23,Madhya Pradesh,443,Vidisha,451,40,,,,,
3_23_444_0,2001,Total,3,India,23,Madhya Pradesh,444,Bhopal,484,28.1,,,,,
3_23_445_0,2001,Total,3,India,23,Madhya Pradesh,445,Sehore,444,87.30000000000001,,,,,
3_23_446_0,2001,Total,3,India,23,Madhya Pradesh,446,Raisen,440,82.2,,,,,
3_23_447_0,2001,Total,3,India,23,Madhya Pradesh,447,Betul,605,128,,,,,
3_23_448_0,2001,Total,3,India,23,Madhya Pradesh,448,Harda,348,94.2,,,,,
3_23_449_0,2001,Total,3,India,23,Madhya Pradesh,449,Hoshangabad,388,132,,,,,
3_23_450_0,2001,Total,3,India,23,Madhya Pradesh,450,Katni,423,50.8,,,,,
3_23_451_0,2001,Total,3,India,23,Madhya Pradesh,451,Jabalpur,425,67.3,,,,,
3_23_452_0,2001,Total,3,India,23,Madhya Pradesh,452,Narsimhapur,397,85.40000000000001,,,,,
3_23_453_0,2001,Total,3,India,23,Madhya Pradesh,453,Dindori,763,107,,,,,
3_23_454_0,2001,Total,3,India,23,Madhya Pradesh,454,Mandla,563,95,,,,,
3_23_455_0,2001,Total,3,India,23,Madhya Pradesh,455,Chhindwara,643,149,,,,,
3_23_456_0,2001,Total,3,India,23,Madhya Pradesh,456,Seoni,533,79.7,,,,,
3_23_457_0,2001,Total,3,India,23,Madhya Pradesh,457,Balaghat,474,152,,,,,
3_23_458_0,2001,Total,3,India,23,Madhya Pradesh,458,Guna,444,44.5,,,,,
3_23_459_0,2001,Total,3,India,23,Madhya Pradesh,459,Ashoknagar,452,41.6,,,,,
3_23_460_0,2001,Total,3,India,23,Madhya Pradesh,460,Shahdol,452,78.7,,,,,
3_23_461_0,2001,Total,3,India,23,Madhya Pradesh,461,Anuppur,673,162,,,,,
3_23_462_0,2001,Total,3,India,23,Madhya Pradesh,462,Sidhi,365,94.7,,,,,
3_23_463_0,2001,Total,3,India,23,Madhya Pradesh,463,Singrauli,363,81.90000000000001,,,,,
3_23_464_0,2001,Total,3,India,23,Madhya Pradesh,464,Jhabua,386,63.3,,,,,
3_23_465_0,2001,Total,3,India,23,Madhya Pradesh,465,Alirajpur,319,83.5,,,,,
3_23_466_0,2001,Total,3,India,23,Madhya Pradesh,466,Khandwa (East Nimar),317,71.3,,,,,
3_23_467_0,2001,Total,3,India,23,Madhya Pradesh,467,Burhanpur,371,110,,,,,
3_24_468_0,2001,Total,3,India,24,Gujarat,468,Kachchh,27.1,44.1,,,,,
3_24_469_0,2001,Total,3,India,24,Gujarat,469,Banas Kantha,132,110,,,,,
3_24_470_0,2001,Total,3,India,24,Gujarat,470,Patan,44.8,34.8,,,,,
3_24_471_0,2001,Total,3,India,24,Gujarat,471,Mahesana,110,52.5,,,,,
3_24_472_0,2001,Total,3,India,24,Gujarat,472,Sabar Kantha,198,91.5,,,,,
3_24_473_0,2001,Total,3,India,24,Gujarat,473,Gandhinagar,79.30000000000001,16.8,,,,,
3_24_474_0,2001,Total,3,India,24,Gujarat,474,Ahmadabad,24.9,18.2,,,,,
3_24_475_0,2001,Total,3,India,24,Gujarat,475,Surendranagar,70.90000000000001,61,,,,,
3_24_476_0,2001,Total,3,India,24,Gujarat,476,Rajkot,109,59.3,,,,,
3_24_477_0,2001,Total,3,India,24,Gujarat,477,Jamnagar,58,50.7,,,,,
3_24_478_0,2001,Total,3,India,24,Gujarat,478,Porbandar,28.2,40.3,,,,,
3_24_479_0,2001,Total,3,India,24,Gujarat,479,Junagadh,93.40000000000001,84.5,,,,,
3_24_480_0,2001,Total,3,India,24,Gujarat,480,Amreli,144,74.2,,,,,
3_24_481_0,2001,Total,3,India,24,Gujarat,481,Bhavnagar,59.7,46.3,,,,,
3_24_482_0,2001,Total,3,India,24,Gujarat,482,Anand,22.5,15.2,,,,,
3_24_483_0,2001,Total,3,India,24,Gujarat,483,Kheda,60.3,31.9,,,,,
3_24_484_0,2001,Total,3,India,24,Gujarat,484,Panch Mahals,131,40,,,,,
3_24_485_0,2001,Total,3,India,24,Gujarat,485,Dohad,278,66,,,,,
3_24_486_0,2001,Total,3,India,24,Gujarat,486,Vadodara,92.7,80.7,,,,,
3_24_487_0,2001,Total,3,India,24,Gujarat,487,Narmada,190,133,,,,,
3_24_488_0,2001,Total,3,India,24,Gujarat,488,Bharuch,27,41.2,,,,,
3_24_489_0,2001,Total,3,India,24,Gujarat,489,The Dangs,408,161,,,,,
3_24_490_0,2001,Total,3,India,24,Gujarat,490,Navsari,57.3,69.2,,,,,
3_24_491_0,2001,Total,3,India,24,Gujarat,491,Valsad,136,140,,,,,
3_24_492_0,2001,Total,3,India,24,Gujarat,492,Surat,52.1,65.60000000000001,,,,,
3_24_493_0,2001,Total,3,India,24,Gujarat,493,Tapi,129,77.40000000000001,,,,,
3_25_494_0,2001,Total,3,India,25,Daman & Diu,494,Diu,7.300000000000001,5,,,,,
3_25_495_0,2001,Total,3,India,25,Daman & Diu,495,Daman,13.5,6,,,,,
3_26_496_0,2001,Total,3,India,26,Dadra & Nagar Haveli,496,Dadra & Nagar Haveli,123,82.90000000000001,,,,,
3_27_497_0,2001,Total,3,India,27,Maharashtra,497,Nandurbar,316,202,,,,,
3_27_498_0,2001,Total,3,India,27,Maharashtra,498,Dhule,347,150,,,,,
3_27_499_0,2001,Total,3,India,27,Maharashtra,499,Jalgaon,282,101,,,,,
3_27_500_0,2001,Total,3,India,27,Maharashtra,500,Buldana,448,140,,,,,
3_27_501_0,2001,Total,3,India,27,Maharashtra,501,Akola,312,49.1,,,,,
3_27_502_0,2001,Total,3,India,27,Maharashtra,502,Washim,471,64.40000000000001,,,,,
3_27_503_0,2001,Total,3,India,27,Maharashtra,503,Amravati,414,148,,,,,
3_27_504_0,2001,Total,3,India,27,Maharashtra,504,Wardha,298,77.10000000000001,,,,,
3_27_505_0,2001,Total,3,India,27,Maharashtra,505,Nagpur,336,69.3,,,,,
3_27_506_0,2001,Total,3,India,27,Maharashtra,506,Bhandara,270,35.8,,,,,
3_27_507_0,2001,Total,3,India,27,Maharashtra,507,Gondiya,316,50.5,,,,,
3_27_508_0,2001,Total,3,India,27,Maharashtra,508,Gadchiroli,251,87.7,,,,,
3_27_509_0,2001,Total,3,India,27,Maharashtra,509,Chandrapur,232,56.7,,,,,
3_27_510_0,2001,Total,3,India,27,Maharashtra,510,Yavatmal,322,72.40000000000001,,,,,
3_27_511_0,2001,Total,3,India,27,Maharashtra,511,Nanded,404,56.40000000000001,,,,,
3_27_512_0,2001,Total,3,India,27,Maharashtra,512,Hingoli,459,45.6,,,,,
3_27_513_0,2001,Total,3,India,27,Maharashtra,513,Parbhani,418,35.9,,,,,
3_27_514_0,2001,Total,3,India,27,Maharashtra,514,Jalna,511,60.5,,,,,
3_27_515_0,2001,Total,3,India,27,Maharashtra,515,Aurangabad,572,100,,,,,
3_27_516_0,2001,Total,3,India,27,Maharashtra,516,Nashik,598,130,,,,,
3_27_517_0,2001,Total,3,India,27,Maharashtra,517,Thane,124,129,,,,,
3_27_518_0,2001,Total,3,India,27,Maharashtra,518,Mumbai Suburban,32,53.6,,,,,
3_27_519_0,2001,Total,3,India,27,Maharashtra,519,Mumbai,7.800000000000001,5.5,,,,,
3_27_520_0,2001,Total,3,India,27,Maharashtra,520,Raigarh,126,137,,,,,
3_27_521_0,2001,Total,3,India,27,Maharashtra,521,Pune,657,125,,,,,
3_27_522_0,2001,Total,3,India,27,Maharashtra,522,Ahmadnagar,612,118,,,,,
3_27_523_0,2001,Total,3,India,27,Maharashtra,523,Bid,582,114,,,,,
3_27_524_0,2001,Total,3,India,27,Maharashtra,524,Latur,596,47,,,,,
3_27_525_0,2001,Total,3,India,27,Maharashtra,525,Osmanabad,611,65.7,,,,,
3_27_526_0,2001,Total,3,India,27,Maharashtra,526,Solapur,504,45.2,,,,,
3_27_527_0,2001,Total,3,India,27,Maharashtra,527,Satara,744,141,,,,,
3_27_528_0,2001,Total,3,India,27,Maharashtra,528,Ratnagiri,160,116,,,,,
3_27_529_0,2001,Total,3,India,27,Maharashtra,529,Sindhudurg,144,163,,,,,
3_27_530_0,2001,Total,3,India,27,Maharashtra,530,Kolhapur,666,107,,,,,
3_27_531_0,2001,Total,3,India,27,Maharashtra,531,Sangli,634,78.40000000000001,,,,,
3_28_532_0,2001,Total,3,India,28,Andhra Pradesh,532,Adilabad,300,121,,,,,
3_28_533_0,2001,Total,3,India,28,Andhra Pradesh,533,Nizamabad,431,75.7,,,,,
3_28_534_0,2001,Total,3,India,28,Andhra Pradesh,534,Karimnagar,269,95.30000000000001,,,,,
3_28_535_0,2001,Total,3,India,28,Andhra Pradesh,535,Medak,532,51.8,,,,,
3_28_536_0,2001,Total,3,India,28,Andhra Pradesh,536,Hyderabad,527,25.8,,,,,
3_28_537_0,2001,Total,3,India,28,Andhra Pradesh,537,Rangareddy,572,59.5,,,,,
3_28_538_0,2001,Total,3,India,28,Andhra Pradesh,538,Mahbubnagar,447,115,,,,,
3_28_539_0,2001,Total,3,India,28,Andhra Pradesh,539,Nalgonda,248,113,,,,,
3_28_540_0,2001,Total,3,India,28,Andhra Pradesh,540,Warangal,255,91.90000000000001,,,,,
3_28_541_0,2001,Total,3,India,28,Andhra Pradesh,541,Khammam,166,108,,,,,
3_28_542_0,2001,Total,3,India,28,Andhra Pradesh,542,Srikakulam,78.60000000000001,106,,,,,
3_28_543_0,2001,Total,3,India,28,Andhra Pradesh,543,Vizianagaram,173,165,,,,,
3_28_544_0,2001,Total,3,India,28,Andhra Pradesh,544,Visakhapatnam,499,425,,,,,
3_28_545_0,2001,Total,3,India,28,Andhra Pradesh,545,East Godavari,181,241,,,,,
3_28_546_0,2001,Total,3,India,28,Andhra Pradesh,546,West Godavari,71.2,98.5,,,,,
3_28_547_0,2001,Total,3,India,28,Andhra Pradesh,547,Krishna,44.90000000000001,50.90000000000001,,,,,
3_28_548_0,2001,Total,3,India,28,Andhra Pradesh,548,Guntur,84.80000000000001,81.2,,,,,
3_28_549_0,2001,Total,3,India,28,Andhra Pradesh,549,Prakasam,179,176,,,,,
3_28_550_0,2001,Total,3,India,28,Andhra Pradesh,550,Sri Potti Sriramulu Nellore,67.90000000000001,91.2,,,,,
3_28_551_0,2001,Total,3,India,28,Andhra Pradesh,551,Y.S.R.,289,152,,,,,
3_28_552_0,2001,Total,3,India,28,Andhra Pradesh,552,Kurnool,356,107,,,,,
3_28_553_0,2001,Total,3,India,28,Andhra Pradesh,553,Anantapur,483,126,,,,,
3_28_554_0,2001,Total,3,India,28,Andhra Pradesh,554,Chittoor,470,238,,,,,
3_29_555_0,2001,Total,3,India,29,Karnataka,555,Belgaum,645,77.90000000000001,,,,,
3_29_556_0,2001,Total,3,India,29,Karnataka,556,Bagalkot,560,36,,,,,
3_29_557_0,2001,Total,3,India,29,Karnataka,557,Bijapur,537,60.3,,,,,
3_29_558_0,2001,Total,3,India,29,Karnataka,558,Bidar,593,40.7,,,,,
3_29_559_0,2001,Total,3,India,29,Karnataka,559,Raichur,424,63.1,,,,,
3_29_560_0,2001,Total,3,India,29,Karnataka,560,Koppal,552,73.10000000000001,,,,,
3_29_561_0,2001,Total,3,India,29,Karnataka,561,Gadag,608,50.7,,,,,
3_29_562_0,2001,Total,3,India,29,Karnataka,562,Dharwad,619,44.2,,,,,
3_29_563_0,2001,Total,3,India,29,Karnataka,563,Uttara Kannada,411,217,,,,,
3_29_564_0,2001,Total,3,India,29,Karnataka,564,Haveri,585,38.7,,,,,
3_29_565_0,2001,Total,3,India,29,Karnataka,565,Bellary,532,109,,,,,
3_29_566_0,2001,Total,3,India,29,Karnataka,566,Chitradurga,656,85.30000000000001,,,,,
3_29_567_0,2001,Total,3,India,29,Karnataka,567,Davanagere,629,63.2,,,,,
3_29_568_0,2001,Total,3,India,29,Karnataka,568,Shimoga,629,67,,,,,
3_29_569_0,2001,Total,3,India,29,Karnataka,569,Udupi,107,159,,,,,
3_29_570_0,2001,Total,3,India,29,Karnataka,570,Chikmagalur,857,180,,,,,
3_29_571_0,2001,Total,3,India,29,Karnataka,571,Tumkur,752,85.7,,,,,
3_29_572_0,2001,Total,3,India,29,Karnataka,572,Bangalore,877,45.5,,,,,
3_29_573_0,2001,Total,3,India,29,Karnataka,573,Mandya,747,95.5,,,,,
3_29_574_0,2001,Total,3,India,29,Karnataka,574,Hassan,899,92.7,,,,,
3_29_575_0,2001,Total,3,India,29,Karnataka,575,Dakshina Kannada,154,162,,,,,
3_29_576_0,2001,Total,3,India,29,Karnataka,576,Kodagu,881,215,,,,,
3_29_577_0,2001,Total,3,India,29,Karnataka,577,Mysore,764,71.90000000000001,,,,,
3_29_578_0,2001,Total,3,India,29,Karnataka,578,Chamarajanagar,765,197,,,,,
3_29_579_0,2001,Total,3,India,29,Karnataka,579,Gulbarga,471,57.8,,,,,
3_29_580_0,2001,Total,3,India,29,Karnataka,580,Yadgir,428,57.5,,,,,
3_29_581_0,2001,Total,3,India,29,Karnataka,581,Kolar,826,53.2,,,,,
3_29_582_0,2001,Total,3,India,29,Karnataka,582,Chikkaballapura,806,91.60000000000001,,,,,
3_29_583_0,2001,Total,3,India,29,Karnataka,583,Bangalore Rural,894,36.1,,,,,
3_29_584_0,2001,Total,3,India,29,Karnataka,584,Ramanagara,739,96.5,,,,,
3_2_23_0,2001,Total,3,India,2,Himachal Pradesh,23,Chamba,3008,1183,,,,,
3_2_24_0,2001,Total,3,India,2,Himachal Pradesh,24,Kangra,1435,1404,,,,,
3_2_25_0,2001,Total,3,India,2,Himachal Pradesh,25,Lahul & Spiti,4846,635,,,,,
3_2_26_0,2001,Total,3,India,2,Himachal Pradesh,26,Kullu,3329,1184,,,,,
3_2_27_0,2001,Total,3,India,2,Himachal Pradesh,27,Mandi,1540,583,,,,,
3_2_28_0,2001,Total,3,India,2,Himachal Pradesh,28,Hamirpur,761,136,,,,,
3_2_29_0,2001,Total,3,India,2,Himachal Pradesh,29,Una,529,121,,,,,
3_2_30_0,2001,Total,3,India,2,Himachal Pradesh,30,Bilaspur,701,198,,,,,
3_2_31_0,2001,Total,3,India,2,Himachal Pradesh,31,Solan,1000,412,,,,,
3_2_32_0,2001,Total,3,India,2,Himachal Pradesh,32,Sirmaur,1185,574,,,,,
3_2_33_0,2001,Total,3,India,2,Himachal Pradesh,33,Shimla,2385,827,,,,,
3_2_34_0,2001,Total,3,India,2,Himachal Pradesh,34,Kinnaur,4334,895,,,,,
3_30_585_0,2001,Total,3,India,30,Goa,585,North Goa,81.10000000000001,114,,,,,
3_30_586_0,2001,Total,3,India,30,Goa,586,South Goa,134,151,,,,,
3_31_587_0,2001,Total,3,India,31,Lakshadweep,587,Lakshadweep,3,4.4,,,,,
3_32_588_0,2001,Total,3,India,32,Kerala,588,Kasaragod,110,106,,,,,
3_32_589_0,2001,Total,3,India,32,Kerala,589,Kannur,130,177,,,,,
3_32_590_0,2001,Total,3,India,32,Kerala,590,Wayanad,851,163,,,,,
3_32_591_0,2001,Total,3,India,32,Kerala,591,Kozhikode,164,302,,,,,
3_32_592_0,2001,Total,3,India,32,Kerala,592,Malappuram,185,350,,,,,
3_32_593_0,2001,Total,3,India,32,Kerala,593,Palakkad,366,426,,,,,
3_32_594_0,2001,Total,3,India,32,Kerala,594,Thrissur,132,224,,,,,
3_32_595_0,2001,Total,3,India,32,Kerala,595,Ernakulam,151,308,,,,,
3_32_596_0,2001,Total,3,India,32,Kerala,596,Idukki,973,507,,,,,
3_32_597_0,2001,Total,3,India,32,Kerala,597,Kottayam,93,144,,,,,
3_32_598_0,2001,Total,3,India,32,Kerala,598,Alappuzha,7.9,8.200000000000001,,,,,
3_32_599_0,2001,Total,3,India,32,Kerala,599,Pathanamthitta,359,404,,,,,
3_32_600_0,2001,Total,3,India,32,Kerala,600,Kollam,158,227,,,,,
3_32_601_0,2001,Total,3,India,32,Kerala,601,Thiruvananthapuram,142,210,,,,,
3_33_602_0,2001,Total,3,India,33,Tamil Nadu,602,Thiruvallur,55.2,61.5,,,,,
3_33_603_0,2001,Total,3,India,33,Tamil Nadu,603,Chennai,9.5,3.3,,,,,
3_33_604_0,2001,Total,3,India,33,Tamil Nadu,604,Kancheepuram,38.1,24.7,,,,,
3_33_605_0,2001,Total,3,India,33,Tamil Nadu,605,Vellore,347,201,,,,,
3_33_606_0,2001,Total,3,India,33,Tamil Nadu,606,Tiruvannamalai,226,177,,,,,
3_33_607_0,2001,Total,3,India,33,Tamil Nadu,607,Viluppuram,131,167,,,,,
3_33_608_0,2001,Total,3,India,33,Tamil Nadu,608,Salem,400,238,,,,,
3_33_609_0,2001,Total,3,India,33,Tamil Nadu,609,Namakkal,310,259,,,,,
3_33_610_0,2001,Total,3,India,33,Tamil Nadu,610,Erode,490,337,,,,,
3_33_611_0,2001,Total,3,India,33,Tamil Nadu,611,The Nilgiris,1451,572,,,,,
3_33_612_0,2001,Total,3,India,33,Tamil Nadu,612,Dindigul,534,494,,,,,
3_33_613_0,2001,Total,3,India,33,Tamil Nadu,613,Karur,163,61.8,,,,,
3_33_614_0,2001,Total,3,India,33,Tamil Nadu,614,Tiruchirappalli,162,130,,,,,
3_33_615_0,2001,Total,3,India,33,Tamil Nadu,615,Perambalur,130,59.2,,,,,
3_33_616_0,2001,Total,3,India,33,Tamil Nadu,616,Ariyalur,58.8,21.8,,,,,
3_33_617_0,2001,Total,3,India,33,Tamil Nadu,617,Cuddalore,39.90000000000001,31.5,,,,,
3_33_618_0,2001,Total,3,India,33,Tamil Nadu,618,Nagapattinam,5.2,4.3,,,,,
3_33_619_0,2001,Total,3,India,33,Tamil Nadu,619,Thiruvarur,12,8.700000000000001,,,,,
3_33_620_0,2001,Total,3,India,33,Tamil Nadu,620,Thanjavur,33.5,18.9,,,,,
3_33_621_0,2001,Total,3,India,33,Tamil Nadu,621,Pudukkottai,83.2,42.6,,,,,
3_33_622_0,2001,Total,3,India,33,Tamil Nadu,622,Sivaganga,81.90000000000001,42.1,,,,,
3_33_623_0,2001,Total,3,India,33,Tamil Nadu,623,Madurai,216,169,,,,,
3_33_624_0,2001,Total,3,India,33,Tamil Nadu,624,Theni,566,352,,,,,
3_33_625_0,2001,Total,3,India,33,Tamil Nadu,625,Virudhunagar,135,170,,,,,
3_33_626_0,2001,Total,3,India,33,Tamil Nadu,626,Ramanathapuram,19.9,14.3,,,,,
3_33_627_0,2001,Total,3,India,33,Tamil Nadu,627,Thoothukkudi,41.7,30.7,,,,,
3_33_628_0,2001,Total,3,India,33,Tamil Nadu,628,Tirunelveli,225,316,,,,,
3_33_629_0,2001,Total,3,India,33,Tamil Nadu,629,Kanniyakumari,216,318,,,,,
3_33_630_0,2001,Total,3,India,33,Tamil Nadu,630,Dharmapuri,483,147,,,,,
3_33_631_0,2001,Total,3,India,33,Tamil Nadu,631,Krishnagiri,656,199,,,,,
3_33_632_0,2001,Total,3,India,33,Tamil Nadu,632,Coimbatore,512,320,,,,,
3_33_633_0,2001,Total,3,India,33,Tamil Nadu,633,Tiruppur,372,254,,,,,
3_34_634_0,2001,Total,3,India,34,Puducherry,634,Yanam,4.600000000000001,2.1,,,,,
3_34_635_0,2001,Total,3,India,34,Puducherry,635,Puducherry,15.8,8.4,,,,,
3_34_636_0,2001,Total,3,India,34,Puducherry,636,Mahe,21.6,5.7,,,,,
3_34_637_0,2001,Total,3,India,34,Puducherry,637,Karaikal,3.7,1.6,,,,,
3_35_638_0,2001,Total,3,India,35,Andaman & Nicobar Islands,638,Nicobars,82.80000000000001,78.10000000000001,,,,,
3_35_639_0,2001,Total,3,India,35,Andaman & Nicobar Islands,639,North  & Middle Andaman,66,64.8,,,,,
3_35_640_0,2001,Total,3,India,35,Andaman & Nicobar Islands,640,South Andaman,65.60000000000001,53.6,,,,,
3_3_35_0,2001,Total,3,India,3,Punjab,35,Gurdaspur,283,89.7,,,,,
3_3_36_0,2001,Total,3,India,3,Punjab,36,Kapurthala,223,10,,,,,
3_3_37_0,2001,Total,3,India,3,Punjab,37,Jalandhar,233,9.4,,,,,
3_3_38_0,2001,Total,3,India,3,Punjab,38,Hoshiarpur,318,90.5,,,,,
3_3_39_0,2001,Total,3,India,3,Punjab,39,Shahid Bhagat Singh Nagar,272,40,,,,,
3_3_40_0,2001,Total,3,India,3,Punjab,40,Fatehgarh Sahib,268,6.7,,,,,
3_3_41_0,2001,Total,3,India,3,Punjab,41,Ludhiana,246,12.5,,,,,
3_3_42_0,2001,Total,3,India,3,Punjab,42,Moga,219,5.100000000000001,,,,,
3_3_43_0,2001,Total,3,India,3,Punjab,43,Firozpur,191,9.4,,,,,
3_3_44_0,2001,Total,3,India,3,Punjab,44,Muktsar,196,3.6,,,,,
3_3_45_0,2001,Total,3,India,3,Punjab,45,Faridkot,203,6.2,,,,,
3_3_46_0,2001,Total,3,India,3,Punjab,46,Bathinda,209,5.800000000000001,,,,,
3_3_47_0,2001,Total,3,India,3,Punjab,47,Mansa,217,4.800000000000001,,,,,
3_3_48_0,2001,Total,3,India,3,Punjab,48,Patiala,251,11.7,,,,,
3_3_49_0,2001,Total,3,India,3,Punjab,49,Amritsar,229,6.5,,,,,
3_3_50_0,2001,Total,3,India,3,Punjab,50,Tarn Taran,218,7.5,,,,,
3_3_51_0,2001,Total,3,India,3,Punjab,51,Rupnagar,309,47.3,,,,,
3_3_52_0,2001,Total,3,India,3,Punjab,52,Sahibzada Ajit Singh Nagar,314,44.1,,,,,
3_3_53_0,2001,Total,3,India,3,Punjab,53,Sangrur,236,8.1,,,,,
3_3_54_0,2001,Total,3,India,3,Punjab,54,Barnala,228,5,,,,,
3_4_55_0,2001,Total,3,India,4,Chandigarh,55,Chandigarh,339,17,,,,,
3_5_56_0,2001,Total,3,India,5,Uttarakhand,56,Uttarkashi,3585,1435,,,,,
3_5_57_0,2001,Total,3,India,5,Uttarakhand,57,Chamoli,3640,1493,,,,,
3_5_58_0,2001,Total,3,India,5,Uttarakhand,58,Rudraprayag,2472,1149,,,,,
3_5_59_0,2001,Total,3,India,5,Uttarakhand,59,Tehri Garhwal,1860,984,,,,,
3_5_60_0,2001,Total,3,India,5,Uttarakhand,60,Dehradun,1089,621,,,,,
3_5_61_0,2001,Total,3,India,5,Uttarakhand,61,Garhwal,1153,553,,,,,
3_5_62_0,2001,Total,3,India,5,Uttarakhand,62,Pithoragarh,3326,1567,,,,,
3_5_63_0,2001,Total,3,India,5,Uttarakhand,63,Bageshwar,2270,1159,,,,,
3_5_64_0,2001,Total,3,India,5,Uttarakhand,64,Almora,1423,333,,,,,
3_5_65_0,2001,Total,3,India,5,Uttarakhand,65,Champawat,1144,478,,,,,
3_5_66_0,2001,Total,3,India,5,Uttarakhand,66,Nainital,869,592,,,,,
3_5_67_0,2001,Total,3,India,5,Uttarakhand,67,Udham Singh Nagar,225,20,,,,,
3_5_68_0,2001,Total,3,India,5,Uttarakhand,68,Hardwar,302,94.5,,,,,
3_6_69_0,2001,Total,3,India,6,Haryana,69,Panchkula,497,201,,,,,
3_6_70_0,2001,Total,3,India,6,Haryana,70,Ambala,283,20.8,,,,,
3_6_71_0,2001,Total,3,India,6,Haryana,71,Yamunanagar,300,47.40000000000001,,,,,
3_6_72_0,2001,Total,3,India,6,Haryana,72,Kurukshetra,255,6.800000000000001,,,,,
3_6_73_0,2001,Total,3,India,6,Haryana,73,Kaithal,238,4.800000000000001,,,,,
3_6_74_0,2001,Total,3,India,6,Haryana,74,Karnal,245,7.2,,,,,
3_6_75_0,2001,Total,3,India,6,Haryana,75,Panipat,232,4,,,,,
3_6_76_0,2001,Total,3,India,6,Haryana,76,Sonipat,223,4.5,,,,,
3_6_77_0,2001,Total,3,India,6,Haryana,77,Jind,228,3.1,,,,,
3_6_78_0,2001,Total,3,India,6,Haryana,78,Fatehabad,216,5.7,,,,,
3_6_79_0,2001,Total,3,India,6,Haryana,79,Sirsa,199,5.2,,,,,
3_6_80_0,2001,Total,3,India,6,Haryana,80,Hisar,215,4.600000000000001,,,,,
3_6_81_0,2001,Total,3,India,6,Haryana,81,Bhiwani,229,17.7,,,,,
3_6_82_0,2001,Total,3,India,6,Haryana,82,Rohtak,220,1.9,,,,,
3_6_83_0,2001,Total,3,India,6,Haryana,83,Jhajjar,218,3.9,,,,,
3_6_84_0,2001,Total,3,India,6,Haryana,84,Mahendragarh,296,35.6,,,,,
3_6_85_0,2001,Total,3,India,6,Haryana,85,Rewari,250,19.2,,,,,
3_6_86_0,2001,Total,3,India,6,Haryana,86,Gurgaon,232,22.8,,,,,
3_6_87_0,2001,Total,3,India,6,Haryana,87,Mewat,216,43.90000000000001,,,,,
3_6_88_0,2001,Total,3,India,6,Haryana,88,Faridabad,208,23.7,,,,,
3_6_89_0,2001,Total,3,India,6,Haryana,89,Palwal,192,3.3,,,,,
3_7_90_0,2001,Total,3,India,7,NCT Of Delhi,90,North West,214,3.4,,,,,
3_7_91_0,2001,Total,3,India,7,NCT Of Delhi,91,North,214,8.200000000000001,,,,,
3_7_92_0,2001,Total,3,India,7,NCT Of Delhi,92,North East,208,1.6,,,,,
3_7_93_0,2001,Total,3,India,7,NCT Of Delhi,93,East,205,2.4,,,,,
3_7_94_0,2001,Total,3,India,7,NCT Of Delhi,94,New Delhi,223,10.5,,,,,
3_7_95_0,2001,Total,3,India,7,NCT Of Delhi,95,Central,222,12.7,,,,,
3_7_96_0,2001,Total,3,India,7,NCT Of Delhi,96,West,215,4.2,,,,,
3_7_97_0,2001,Total,3,India,7,NCT Of Delhi,97,South West,221,14.1,,,,,
3_7_98_0,2001,Total,3,India,7,NCT Of Delhi,98,South,244,28.9,,,,,
3_8_100_0,2001,Total,3,India,8,Rajasthan,100,Hanumangarh,193,10.7,,,,,
3_8_101_0,2001,Total,3,India,8,Rajasthan,101,Bikaner,212,56.8,,,,,
3_8_102_0,2001,Total,3,India,8,Rajasthan,102,Churu,267,40,,,,,
3_8_103_0,2001,Total,3,India,8,Rajasthan,103,Jhunjhunun,353,68.10000000000001,,,,,
3_8_104_0,2001,Total,3,India,8,Rajasthan,104,Alwar,324,91.2,,,,,
3_8_105_0,2001,Total,3,India,8,Rajasthan,105,Bharatpur,202,28.3,,,,,
3_8_106_0,2001,Total,3,India,8,Rajasthan,106,Dhaulpur,198,41.2,,,,,
3_8_107_0,2001,Total,3,India,8,Rajasthan,107,Karauli,276,54.3,,,,,
3_8_108_0,2001,Total,3,India,8,Rajasthan,108,Sawai Madhopur,264,50,,,,,
3_8_109_0,2001,Total,3,India,8,Rajasthan,109,Dausa,298,47.90000000000001,,,,,
3_8_110_0,2001,Total,3,India,8,Rajasthan,110,Jaipur,391,62,,,,,
3_8_111_0,2001,Total,3,India,8,Rajasthan,111,Sikar,426,71.8,,,,,
3_8_112_0,2001,Total,3,India,8,Rajasthan,112,Nagaur,343,48.1,,,,,
3_8_113_0,2001,Total,3,India,8,Rajasthan,113,Jodhpur,254,41.2,,,,,
3_8_114_0,2001,Total,3,India,8,Rajasthan,114,Jaisalmer,165,63.7,,,,,
3_8_115_0,2001,Total,3,India,8,Rajasthan,115,Barmer,155,64.8,,,,,
3_8_116_0,2001,Total,3,India,8,Rajasthan,116,Jalor,132,81.10000000000001,,,,,
3_8_117_0,2001,Total,3,India,8,Rajasthan,117,Sirohi,354,169,,,,,
3_8_118_0,2001,Total,3,India,8,Rajasthan,118,Pali,295,87.30000000000001,,,,,
3_8_119_0,2001,Total,3,India,8,Rajasthan,119,Ajmer,417,61.40000000000001,,,,,
3_8_120_0,2001,Total,3,India,8,Rajasthan,120,Tonk,304,27.1,,,,,
3_8_121_0,2001,Total,3,India,8,Rajasthan,121,Bundi,294,70.3,,,,,
3_8_122_0,2001,Total,3,India,8,Rajasthan,122,Bhilwara,429,64.3,,,,,
3_8_123_0,2001,Total,3,India,8,Rajasthan,123,Rajsamand,627,114,,,,,
3_8_124_0,2001,Total,3,India,8,Rajasthan,124,Dungarpur,236,65.60000000000001,,,,,
3_8_125_0,2001,Total,3,India,8,Rajasthan,125,Banswara,251,80.2,,,,,
3_8_126_0,2001,Total,3,India,8,Rajasthan,126,Chittaurgarh,441,48,,,,,
3_8_127_0,2001,Total,3,India,8,Rajasthan,127,Kota,288,65.10000000000001,,,,,
3_8_128_0,2001,Total,3,India,8,Rajasthan,128,Baran,319,62.7,,,,,
3_8_129_0,2001,Total,3,India,8,Rajasthan,129,Jhalawar,365,51.40000000000001,,,,,
3_8_130_0,2001,Total,3,India,8,Rajasthan,130,Udaipur,513,175,,,,,
3_8_131_0,2001,Total,3,India,8,Rajasthan,131,Pratapgarh,408,106,,,,,
3_8_99_0,2001,Total,3,India,8,Rajasthan,99,Ganganagar,168,14.1,,,,,
3_9_132_0,2001,Total,3,India,9,Uttar Pradesh,132,Saharanpur,296,77.80000000000001,,,,,
3_9_133_0,2001,Total,3,India,9,Uttar Pradesh,133,Muzaffarnagar,241,7.800000000000001,,,,,
3_9_134_0,2001,Total,3,India,9,Uttar Pradesh,134,Bijnor,242,25,,,,,
3_9_135_0,2001,Total,3,India,9,Uttar Pradesh,135,Moradabad,200,10,,,,,
3_9_136_0,2001,Total,3,India,9,Uttar Pradesh,136,Rampur,192,11.6,,,,,
3_9_137_0,2001,Total,3,India,9,Uttar Pradesh,137,Jyotiba Phule Nagar,206,8.700000000000001,,,,,
3_9_138_0,2001,Total,3,India,9,Uttar Pradesh,138,Meerut,224,6.9,,,,,
3_9_139_0,2001,Total,3,India,9,Uttar Pradesh,139,Baghpat,225,6,,,,,
3_9_140_0,2001,Total,3,India,9,Uttar Pradesh,140,Ghaziabad,213,4.600000000000001,,,,,
3_9_141_0,2001,Total,3,India,9,Uttar Pradesh,141,Gautam Buddha Nagar,200,6.5,,,,,
3_9_142_0,2001,Total,3,India,9,Uttar Pradesh,142,Bulandshahr,199,6.600000000000001,,,,,
3_9_143_0,2001,Total,3,India,9,Uttar Pradesh,143,Aligarh,185,4.9,,,,,
3_9_144_0,2001,Total,3,India,9,Uttar Pradesh,144,Mahamaya Nagar,176,3.9,,,,,
3_9_145_0,2001,Total,3,India,9,Uttar Pradesh,145,Mathura,180,5.9,,,,,
3_9_146_0,2001,Total,3,India,9,Uttar Pradesh,146,Agra,165,14,,,,,
3_9_147_0,2001,Total,3,India,9,Uttar Pradesh,147,Firozabad,161,6.5,,,,,
3_9_148_0,2001,Total,3,India,9,Uttar Pradesh,148,Mainpuri,155,4,,,,,
3_9_149_0,2001,Total,3,India,9,Uttar Pradesh,149,Budaun,171,10.7,,,,,
3_9_150_0,2001,Total,3,India,9,Uttar Pradesh,150,Bareilly,175,9.5,,,,,
3_9_151_0,2001,Total,3,India,9,Uttar Pradesh,151,Pilibhit,182,10.7,,,,,
3_9_152_0,2001,Total,3,India,9,Uttar Pradesh,152,Shahjahanpur,156,8,,,,,
3_9_153_0,2001,Total,3,India,9,Uttar Pradesh,153,Kheri,149,14,,,,,
3_9_154_0,2001,Total,3,India,9,Uttar Pradesh,154,Sitapur,131,8.800000000000001,,,,,
3_9_155_0,2001,Total,3,India,9,Uttar Pradesh,155,Hardoi,138,6.300000000000001,,,,,
3_9_156_0,2001,Total,3,India,9,Uttar Pradesh,156,Unnao,123,5.7,,,,,
3_9_157_0,2001,Total,3,India,9,Uttar Pradesh,157,Lucknow,122,5,,,,,
3_9_158_0,2001,Total,3,India,9,Uttar Pradesh,158,Rae Bareli,113,4.100000000000001,,,,,
3_9_159_0,2001,Total,3,India,9,Uttar Pradesh,159,Farrukhabad,148,6.4,,,,,
3_9_160_0,2001,Total,3,India,9,Uttar Pradesh,160,Kannauj,142,5.100000000000001,,,,,
3_9_161_0,2001,Total,3,India,9,Uttar Pradesh,161,Etawah,144,9.5,,,,,
3_9_162_0,2001,Total,3,India,9,Uttar Pradesh,162,Auraiya,141,5.800000000000001,,,,,
3_9_163_0,2001,Total,3,India,9,Uttar Pradesh,163,Kanpur Dehat,132,6.5,,,,,
3_9_164_0,2001,Total,3,India,9,Uttar Pradesh,164,Kanpur Nagar,125,6.600000000000001,,,,,
3_9_165_0,2001,Total,3,India,9,Uttar Pradesh,165,Jalaun,139,12,,,,,
3_9_166_0,2001,Total,3,India,9,Uttar Pradesh,166,Jhansi,202,41,,,,,
3_9_167_0,2001,Total,3,India,9,Uttar Pradesh,167,Lalitpur,364,40.90000000000001,,,,,
3_9_168_0,2001,Total,3,India,9,Uttar Pradesh,168,Hamirpur,131,15.4,,,,,
3_9_169_0,2001,Total,3,India,9,Uttar Pradesh,169,Mahoba,183,31.5,,,,,
3_9_170_0,2001,Total,3,India,9,Uttar Pradesh,170,Banda,123,17.3,,,,,
3_9_171_0,2001,Total,3,India,9,Uttar Pradesh,171,Chitrakoot,161,67.10000000000001,,,,,
3_9_172_0,2001,Total,3,India,9,Uttar Pradesh,172,Fatehpur,113,6.4,,,,,
3_9_173_0,2001,Total,3,India,9,Uttar Pradesh,173,Pratapgarh,99.40000000000001,5.5,,,,,
3_9_174_0,2001,Total,3,India,9,Uttar Pradesh,174,Kaushambi,101,5.9,,,,,
3_9_175_0,2001,Total,3,India,9,Uttar Pradesh,175,Allahabad,102,18.6,,,,,
3_9_176_0,2001,Total,3,India,9,Uttar Pradesh,176,Bara Banki,116,6.300000000000001,,,,,
3_9_177_0,2001,Total,3,India,9,Uttar Pradesh,177,Faizabad,103,5.100000000000001,,,,,
3_9_178_0,2001,Total,3,India,9,Uttar Pradesh,178,Ambedkar Nagar,88.80000000000001,3.8,,,,,
3_9_179_0,2001,Total,3,India,9,Uttar Pradesh,179,Sultanpur,99.2,6.7,,,,,
3_9_180_0,2001,Total,3,India,9,Uttar Pradesh,180,Bahraich,124,12.5,,,,,
3_9_181_0,2001,Total,3,India,9,Uttar Pradesh,181,Shrawasti,130,19.3,,,,,
3_9_182_0,2001,Total,3,India,9,Uttar Pradesh,182,Balrampur,118,26.2,,,,,
3_9_183_0,2001,Total,3,India,9,Uttar Pradesh,183,Gonda,103,5.2,,,,,
3_9_184_0,2001,Total,3,India,9,Uttar Pradesh,184,Siddharthnagar,90.40000000000001,4,,,,,
3_9_185_0,2001,Total,3,India,9,Uttar Pradesh,185,Basti,88.80000000000001,3.8,,,,,
3_9_186_0,2001,Total,3,India,9,Uttar Pradesh,186,Sant Kabir Nagar,81.60000000000001,2.7,,,,,
3_9_187_0,2001,Total,3,India,9,Uttar Pradesh,187,Mahrajganj,93.10000000000001,7.4,,,,,
3_9_188_0,2001,Total,3,India,9,Uttar Pradesh,188,Gorakhpur,78.7,4.100000000000001,,,,,
3_9_189_0,2001,Total,3,India,9,Uttar Pradesh,189,Kushinagar,85,5.600000000000001,,,,,
3_9_190_0,2001,Total,3,India,9,Uttar Pradesh,190,Deoria,73.8,4.4,,,,,
3_9_191_0,2001,Total,3,India,9,Uttar Pradesh,191,Azamgarh,80.10000000000001,3.6,,,,,
3_9_192_0,2001,Total,3,India,9,Uttar Pradesh,192,Mau,72.60000000000001,2.8,,,,,
3_9_193_0,2001,Total,3,India,9,Uttar Pradesh,193,Ballia,63.2,4.800000000000001,,,,,
3_9_194_0,2001,Total,3,India,9,Uttar Pradesh,194,Jaunpur,86,4,,,,,
3_9_195_0,2001,Total,3,India,9,Uttar Pradesh,195,Ghazipur,70.2,4.4,,,,,
3_9_196_0,2001,Total,3,India,9,Uttar Pradesh,196,Chandauli,140,92.60000000000001,,,,,
3_9_197_0,2001,Total,3,India,9,Uttar Pradesh,197,Varanasi,79.80000000000001,4.100000000000001,,,,,
3_9_198_0,2001,Total,3,India,9,Uttar Pradesh,198,Sant Ravidas Nagar (Bhadohi),86,3.9,,,,,
3_9_199_0,2001,Total,3,India,9,Uttar Pradesh,199,Mirzapur,158,70.3,,,,,
3_9_200_0,2001,Total,3,India,9,Uttar Pradesh,200,Sonbhadra,306,74.2,,,,,
3_9_201_0,2001,Total,3,India,9,Uttar Pradesh,201,Etah,167,5.800000000000001,,,,,
3_9_202_0,2001,Total,3,India,9,Uttar Pradesh,202,Kanshiram Nagar,166,7.5,,,,,
